Player,Span,Mat,Inns,Overs,Mdns,Runs,Wkts,BBI,Ave,Econ,SR,4,5,Unnamed: 14
Yuzvendra Chahal,2013-2025,169,168,615.5,4,4876,218,May-40,22.36,7.91,16.9,8,1,
,,,,,,,,,,,,,,
Bhuvneshwar Kumar,2011-2025,185,185,685.4,14,5213,193,May-19,27.01,7.6,21.3,2,2,
,,,,,,,,,,,,,,
Piyush Chawla,2008-2024,192,191,641.4,2,5108,192,Apr-17,26.6,7.96,20,2,0,
,,,,,,,,,,,,,,
Sunil Narine,2012-2025,185,184,712.1,3,4825,190,May-19,25.39,6.77,22.4,7,1,
,,,,,,,,,,,,,,
Ravichandran Ashwin,2009-2025,217,215,778,4,5592,185,Apr-34,30.22,7.18,25.2,1,0,
,,,,,,,,,,,,,,
Dwayne Bravo,2008-2022,160,158,519.5,3,4360,183,Apr-22,23.82,8.38,17,2,0,
,,,,,,,,,,,,,,
Jasprit Bumrah,2013-2025,139,139,532.5,8,3895,174,05-Oct,22.38,7.3,18.3,3,2,
,,,,,,,,,,,,,,
Amit Mishra,2008-2024,162,162,561.5,6,4145,174,May-17,23.82,7.37,19.3,4,1,
,,,,,,,,,,,,,,
Lasith Malinga,2009-2019,122,122,471.1,8,3365,170,May-13,19.79,7.14,16.6,6,1,
,,,,,,,,,,,,,,
Ravindra Jadeja,2008-2025,249,221,664,2,5084,167,May-16,30.44,7.65,23.8,3,1,
,,,,,,,,,,,,,,
Rashid Khan,2017-2025,130,130,510.3,4,3554,156,Apr-24,22.78,6.96,19.6,2,0,
,,,,,,,,,,,,,,
Harbhajan Singh,2008-2021,163,160,569.2,6,4030,150,May-18,26.86,7.07,22.7,1,1,
,,,,,,,,,,,,,,
Harshal Patel,2012-2025,112,111,387.1,2,3393,148,May-27,22.92,8.76,15.6,4,1,
,,,,,,,,,,,,,,
Sandeep Sharma,2013-2025,136,136,506.5,8,4070,146,May-18,27.87,8.03,20.8,2,1,
,,,,,,,,,,,,,,
Umesh Yadav,2010-2024,147,147,508.2,5,4317,144,Apr-23,29.97,8.49,21.1,3,0,
,,,,,,,,,,,,,,
Trent Boult,2015-2025,113,113,425.3,11,3538,134,Apr-18,26.4,8.31,19,2,0,
,,,,,,,,,,,,,,
Mohit Sharma,2013-2025,119,118,396.3,0,3466,134,05-Oct,25.86,8.74,17.7,3,1,
,,,,,,,,,,,,,,
Mohammed Shami,2013-2025,118,118,431.2,3,3701,133,04-Nov,27.82,8.58,19.4,2,0,
,,,,,,,,,,,,,,
Axar Patel,2014-2025,160,158,547.3,2,4011,128,Apr-21,31.33,7.32,25.6,1,0,
,,,,,,,,,,,,,,
Andre Russell,2012-2025,136,118,295.2,0,2796,123,May-15,22.73,9.46,14.4,2,1,
,,,,,,,,,,,,,,
Kagiso Rabada,2017-2025,82,82,311,2,2653,119,Apr-21,22.29,8.53,15.6,6,0,
,,,,,,,,,,,,,,
A Nehra,2008-2017,88,88,318,2,2495,106,04-Oct,23.53,7.84,18,1,0,
,,,,,,,,,,,,,,
Shardul Thakur,2015-2025,104,101,341,3,3205,106,Apr-34,30.23,9.39,19.3,2,0,
,,,,,,,,,,,,,,
Mohammed Siraj,2017-2025,102,102,360.2,4,3129,105,Apr-17,29.8,8.68,20.5,3,0,
,,,,,,,,,,,,,,
R Vinay Kumar,2008-2018,104,104,353.4,1,2966,105,Apr-40,28.24,8.38,20.2,1,0,
,,,,,,,,,,,,,,
Z Khan,2008-2017,99,99,366.4,5,2782,102,Apr-17,27.27,7.58,21.5,1,0,
,,,,,,,,,,,,,,
Jaydev Unadkat,2010-2025,108,107,363,3,3251,102,May-25,31.87,8.95,21.3,0,2,
,,,,,,,,,,,,,,
Kuldeep Yadav,2016-2025,94,92,330,1,2651,99,Apr-14,26.77,8.03,20,4,0,
,,,,,,,,,,,,,,
DW Steyn,2008-2020,95,95,362.4,7,2508,97,03-Aug,25.85,6.91,22.4,0,0,
,,,,,,,,,,,,,,
Varun Chakaravarthy,2019-2025,80,80,303.4,1,2281,96,May-20,23.76,7.51,18.9,1,1,
,,,,,,,,,,,,,,
CH Morris,2013-2021,81,81,286.4,1,2295,95,Apr-23,24.15,8,18.1,4,0,
,,,,,,,,,,,,,,
Ishant Sharma,2008-2025,116,116,399.5,6,3342,95,05-Dec,35.17,8.35,25.2,0,1,
,,,,,,,,,,,,,,
Shane Watson,2008-2020,145,105,338.1,3,2682,92,Apr-29,29.15,7.93,22,1,0,
,,,,,,,,,,,,,,
P Kumar,2008-2017,119,119,420.4,14,3251,90,Mar-18,36.12,7.72,28,0,0,
,,,,,,,,,,,,,,
RP Singh,2008-2016,82,82,295.5,2,2338,90,Apr-22,25.97,7.9,19.7,2,0,
,,,,,,,,,,,,,,
Arshdeep Singh,2019-2025,75,74,259.4,2,2327,89,May-32,26.14,8.96,17.5,2,1,
,,,,,,,,,,,,,,
PP Ojha,2008-2015,92,90,316.3,1,2332,89,03-Nov,26.2,7.36,21.3,0,0,
,,,,,,,,,,,,,,
Krunal Pandya,2016-2025,136,127,385.4,1,2882,89,Apr-45,32.38,7.47,26,1,0,
,,,,,,,,,,,,,,
Khaleel Ahmed,2018-2025,67,67,248.2,4,2197,88,Mar-21,24.96,8.84,16.9,0,0,
,,,,,,,,,,,,,,
Dhawal Kulkarni,2008-2021,92,92,297.5,8,2474,86,Apr-14,28.76,8.3,20.7,1,0,
,,,,,,,,,,,,,,
Deepak Chahar,2016-2025,91,91,308.1,6,2502,85,Apr-13,29.43,8.11,21.7,2,0,
,,,,,,,,,,,,,,
JA Morkel,2008-2016,90,87,287.1,3,2355,85,Apr-32,27.7,8.2,20.2,1,0,
,,,,,,,,,,,,,,
Avesh Khan,2017-2025,71,71,256,1,2296,84,Apr-24,27.33,8.96,18.2,1,0,
,,,,,,,,,,,,,,
Imran Tahir,2014-2021,59,59,219.2,1,1703,82,04-Dec,20.76,7.76,16,3,0,
,,,,,,,,,,,,,,
IK Pathan,2008-2017,102,101,340.3,10,2649,80,Mar-24,33.11,7.77,25.5,0,0,
,,,,,,,,,,,,,,
Karn Sharma,2009-2025,87,84,255.1,1,2148,79,Apr-16,27.18,8.41,19.3,2,0,
,,,,,,,,,,,,,,
M Morkel,2009-2016,70,70,271.3,3,2089,77,Apr-20,27.12,7.69,21.1,1,0,
,,,,,,,,,,,,,,
L Balaji,2008-2014,73,73,252.1,2,2028,76,May-24,26.68,8.04,19.9,3,1,
,,,,,,,,,,,,,,
Hardik Pandya,2015-2025,146,102,262.2,0,2387,76,May-36,31.4,9.09,20.7,0,1,
,,,,,,,,,,,,,,
Rahul Chahar,2017-2025,79,78,278.2,1,2150,75,Apr-27,28.66,7.72,22.2,1,0,
,,,,,,,,,,,,,,
MM Patel,2008-2017,63,63,225.5,5,1698,74,May-21,22.94,7.51,18.3,2,1,
,,,,,,,,,,,,,,
Pat Cummins,2014-2025,67,67,251.3,2,2227,72,Apr-34,30.93,8.85,20.9,1,0,
,,,,,,,,,,,,,,
Ravi Bishnoi,2020-2025,75,75,271.1,1,2211,72,Mar-24,30.7,8.15,22.5,0,0,
,,,,,,,,,,,,,,
R Bhatia,2008-2017,95,91,272.4,1,2020,71,Apr-15,28.45,7.4,23,1,0,
,,,,,,,,,,,,,,
MJ McClenaghan,2015-2019,56,56,212.2,1,1803,71,Apr-21,25.39,8.49,17.9,1,0,
,,,,,,,,,,,,,,
AB Dinda,2008-2017,77,75,252.4,3,2073,69,Apr-18,30.04,8.2,21.9,1,0,
,,,,,,,,,,,,,,
Kieron Pollard,2010-2022,189,107,248,0,2180,69,Apr-44,31.59,8.79,21.5,1,0,
,,,,,,,,,,,,,,
T Natarajan,2017-2024,61,61,222.5,2,1969,67,Apr-19,29.38,8.83,19.9,1,0,
,,,,,,,,,,,,,,
Prasidh Krishna,2018-2025,60,60,225.5,3,1976,66,Apr-30,29.93,8.74,20.5,2,0,
,,,,,,,,,,,,,,
JH Kallis,2008-2014,98,89,290.2,3,2293,65,Mar-13,35.27,7.89,26.8,0,0,
,,,,,,,,,,,,,,
Mitchell Starc,2014-2025,49,49,174.3,1,1503,65,May-35,23.12,8.61,16.1,2,1,
,,,,,,,,,,,,,,
SK Trivedi,2008-2013,76,75,251,2,1904,65,Apr-25,29.29,7.58,23.1,1,0,
,,,,,,,,,,,,,,
M Muralidaran,2008-2014,66,66,254,1,1696,63,03-Nov,26.92,6.67,24.1,0,0,
,,,,,,,,,,,,,,
Shakib Al Hasan,2011-2021,71,70,247.2,1,1839,63,Mar-17,29.19,7.43,23.5,0,0,
,,,,,,,,,,,,,,
Mitchell Johnson,2013-2018,54,54,205.2,2,1702,61,Mar-26,27.9,8.28,20.1,0,0,
,,,,,,,,,,,,,,
Mustafizur Rahman,2016-2024,57,57,216.2,2,1762,61,Apr-29,28.88,8.14,21.2,1,0,
,,,,,,,,,,,,,,
Anrich Nortje,2020-2025,47,47,178.4,1,1597,61,Mar-33,26.18,8.93,17.5,0,0,
,,,,,,,,,,,,,,
JP Faulkner,2011-2017,60,60,204.3,4,1778,59,May-16,30.13,8.69,20.7,0,2,
,,,,,,,,,,,,,,
Jofra Archer,2018-2025,50,50,195,3,1530,58,Mar-15,26.37,7.84,20.1,0,0,
,,,,,,,,,,,,,,
Sam Curran,2019-2025,63,62,205.5,0,1999,58,04-Nov,34.46,9.71,21.2,1,0,
,,,,,,,,,,,,,,
S Kaul,2013-2022,55,55,201.3,3,1739,58,Apr-29,29.98,8.63,20.8,1,0,
,,,,,,,,,,,,,,
SK Warne,2008-2011,55,54,199,1,1447,57,Apr-21,25.38,7.27,20.9,1,0,
,,,,,,,,,,,,,,
Josh Hazlewood,2020-2025,37,37,137.2,1,1121,53,Apr-25,21.15,8.16,15.5,2,0,
,,,,,,,,,,,,,,
Jason Holder,2013-2023,46,46,165.5,0,1461,53,Apr-52,27.56,8.81,18.7,1,0,
,,,,,,,,,,,,,,
S Gopal,2014-2024,52,51,165.1,1,1349,52,Apr-16,25.94,8.16,19,1,0,
,,,,,,,,,,,,,,
Lockie Ferguson,2017-2025,49,49,170.3,1,1530,51,Apr-28,30,8.97,20,1,0,
,,,,,,,,,,,,,,
NM Coulter-Nile,2013-2022,39,38,142.5,1,1100,48,Apr-14,22.91,7.7,17.8,2,0,
,,,,,,,,,,,,,,
Tushar Deshpande,2020-2025,44,44,152.5,0,1513,48,Apr-27,31.52,9.89,19.1,1,0,
,,,,,,,,,,,,,,
S Nadeem,2011-2021,72,70,235.5,2,1784,48,Mar-16,37.16,7.56,29.4,0,0,
,,,,,,,,,,,,,,
SB Jakati,2009-2017,59,57,180.5,1,1451,47,Apr-22,30.87,8.02,23,2,0,
,,,,,,,,,,,,,,
TG Southee,2011-2023,54,54,201,2,1742,47,Mar-20,37.06,8.66,25.6,0,0,
,,,,,,,,,,,,,,
S Aravind,2011-2017,38,38,126.4,0,1039,45,Apr-14,23.08,8.2,16.8,2,0,
,,,,,,,,,,,,,,
RJ Harris,2009-2013,37,37,138.4,3,1047,45,Apr-34,23.26,7.55,18.4,1,0,
,,,,,,,,,,,,,,
Wanindu Hasaranga,2021-2025,34,34,122,1,1024,45,May-18,22.75,8.39,16.2,2,1,
,,,,,,,,,,,,,,
A Kumble,2008-2010,42,42,160.5,1,1058,45,05-May,23.51,6.57,21.4,2,1,
,,,,,,,,,,,,,,
VR Aaron,2011-2022,50,50,165.4,2,1481,44,Mar-16,33.65,8.93,22.5,0,0,
,,,,,,,,,,,,,,
Matheesha Pathirana,2022-2025,28,28,103.5,0,890,43,Apr-28,20.69,8.57,14.4,1,0,
,,,,,,,,,,,,,,
Marcus Stoinis,2016-2025,102,68,144.3,0,1397,43,Apr-15,32.48,9.66,20.1,1,0,
,,,,,,,,,,,,,,
MC Henriques,2009-2021,62,60,158.2,0,1289,42,03-Dec,30.69,8.14,22.6,0,0,
,,,,,,,,,,,,,,
YK Pathan,2008-2019,174,82,191.1,1,1415,42,Mar-20,33.69,7.4,27.3,0,0,
,,,,,,,,,,,,,,
AJ Tye,2017-2022,30,30,114,0,979,42,May-17,23.3,8.58,16.2,3,1,
,,,,,,,,,,,,,,
Glen Maxwell,2012-2025,141,85,170.2,1,1413,41,Feb-15,34.46,8.29,24.9,0,0,
,,,,,,,,,,,,,,
Iqbal Abdulla,2008-2017,49,48,153.2,1,1109,40,Mar-24,27.72,7.23,23,0,0,
,,,,,,,,,,,,,,
R Sharma,2010-2014,44,44,154.4,1,1086,40,Mar-13,27.15,7.02,23.2,0,0,
,,,,,,,,,,,,,,
S Sreesanth,2008-2013,44,44,146.4,4,1190,40,Mar-29,29.75,8.11,22,0,0,
,,,,,,,,,,,,,,
P Awana,2012-2014,33,33,124.3,2,1029,39,Apr-34,26.38,8.26,19.1,1,0,
,,,,,,,,,,,,,,
Noor Ahmad,2023-2025,33,33,117,0,947,39,Apr-18,24.28,8.09,18,1,0,
,,,,,,,,,,,,,,
Washington Sundar,2017-2025,64,61,184.3,1,1423,39,Mar-16,36.48,7.71,28.3,0,0,
,,,,,,,,,,,,,,
Moen Ali,2018-2025,71,55,137.2,1,963,38,Apr-26,25.34,7.01,21.6,1,0,
,,,,,,,,,,,,,,
DT Christian,2011-2021,49,49,147.1,0,1192,38,02-Oct,31.36,8.09,23.2,0,0,
,,,,,,,,,,,,,,
PJ Sangwan,2008-2022,42,42,142.4,1,1240,38,Mar-18,32.63,8.69,22.5,0,0,
,,,,,,,,,,,,,,
DE Bollinger,2010-2012,27,27,96,3,693,37,Apr-13,18.72,7.21,15.5,1,0,
,,,,,,,,,,,,,,
MS Gony,2008-2017,44,44,148,3,1287,37,Mar-31,34.78,8.69,24,0,0,
,,,,,,,,,,,,,,
M Markande,2018-2024,37,37,120,0,1069,37,Apr-15,28.89,8.9,19.4,2,0,
,,,,,,,,,,,,,,
Mitchell Marsh,2010-2025,51,34,93.2,1,795,37,Apr-25,21.48,8.51,15.1,2,0,
,,,,,,,,,,,,,,
Yash Dayal,2022-2025,38,38,128.1,0,1225,37,Mar-20,33.1,9.55,20.7,0,0,
,,,,,,,,,,,,,,
Harshit Rana,2022-2025,30,29,97.1,1,905,36,Mar-24,25.13,9.31,16.1,0,0,
,,,,,,,,,,,,,,
Yuvraj Singh,2008-2019,132,73,144.5,0,1077,36,Apr-29,29.91,7.43,24.1,2,0,
,,,,,,,,,,,,,,
Murugan Ashwin,2016-2023,44,44,145,0,1162,35,Mar-21,33.2,8.01,24.8,0,0,
,,,,,,,,,,,,,,
WD Parnell,2011-2023,33,33,120.3,1,937,35,03-Oct,26.77,7.77,20.6,0,0,
,,,,,,,,,,,,,,
Pawan Negi,2012-2019,50,42,119.2,0,939,34,Apr-18,27.61,7.86,21,1,0,
,,,,,,,,,,,,,,
Maheesh Theekshana,2022-2025,36,36,138,1,1119,34,Apr-33,32.91,8.1,24.3,1,0,
,,,,,,,,,,,,,,
KK Cooper,2012-2014,25,25,96,1,757,33,Apr-26,22.93,7.88,17.4,1,0,
,,,,,,,,,,,,,,
Mukesh Kumar,2023-2025,30,30,98,1,1005,33,Apr-33,30.45,10.25,17.8,1,0,
,,,,,,,,,,,,,,
Rahul Tewatia,2014-2025,102,52,140.3,0,1111,32,Mar-18,34.71,7.9,26.3,0,0,
,,,,,,,,,,,,,,
Vaibhav Arora,2022-2025,29,29,95.2,1,879,31,Mar-27,28.35,9.22,18.4,0,0,
,,,,,,,,,,,,,,
M Kartik,2008-2014,56,55,191.4,1,1388,31,Mar-17,44.77,7.24,37,0,0,
,,,,,,,,,,,,,,
NLTC Perera,2010-2016,37,36,116.2,0,1016,31,Mar-20,32.77,8.73,22.5,0,0,
,,,,,,,,,,,,,,
Adam Zampa,2016-2025,22,22,77.5,0,652,31,Jun-19,21.03,8.37,15,0,1,
,,,,,,,,,,,,,,
Marco Jansen,2021-2025,31,31,107.1,1,1002,30,Mar-17,33.4,9.34,21.4,0,0,
,,,,,,,,,,,,,,
CJ Jordan,2016-2023,34,34,111.2,1,1070,30,04-Nov,35.66,9.61,22.2,1,0,
,,,,,,,,,,,,,,
Shivam Mavi,2018-2022,32,32,108.1,2,942,30,Apr-21,31.4,8.7,21.6,1,0,
,,,,,,,,,,,,,,
CR Woakes,2017-2021,21,21,73.2,0,658,30,03-Jun,21.93,8.97,14.6,0,0,
,,,,,,,,,,,,,,
AB Agarkar,2008-2013,42,42,130.2,0,1151,29,Mar-25,39.68,8.83,26.9,0,0,
,,,,,,,,,,,,,,
Azhar Mahmood,2012-2015,23,23,89.3,0,700,29,Mar-20,24.13,7.82,18.5,0,0,
,,,,,,,,,,,,,,
Harpreet Brar,2019-2025,45,42,121.1,1,968,29,Apr-30,33.37,7.98,25,1,0,
,,,,,,,,,,,,,,
Umran Malik,2021-2024,26,26,82.1,1,772,29,May-25,26.62,9.39,17,1,1,
,,,,,,,,,,,,,,
DP Nannes,2009-2013,29,29,107.3,1,785,28,Mar-27,28.03,7.3,23,0,0,
,,,,,,,,,,,,,,
Ars Singh,2009-2012,23,23,78.5,1,620,28,Apr-19,22.14,7.86,16.8,1,0,
,,,,,,,,,,,,,,
Ben Stokes,2017-2023,45,38,114.5,2,992,28,Mar-15,35.42,8.63,24.6,0,0,
,,,,,,,,,,,,,,
PV Tambe,2013-2016,33,33,110,0,853,28,Apr-20,30.46,7.75,23.5,1,0,
,,,,,,,,,,,,,,
DL Vettori,2008-2012,34,34,129.3,0,879,28,Mar-15,31.39,6.78,27.7,0,0,
,,,,,,,,,,,,,,
MF Maharoof,2008-2010,20,20,70,0,520,27,Mar-34,19.25,7.42,15.5,0,0,
,,,,,,,,,,,,,,
AD Mathews,2009-2017,49,44,131.5,0,1079,27,Apr-19,39.96,8.18,29.2,1,0,
,,,,,,,,,,,,,,
Mohsin Khan,2022-2024,23,23,81,2,689,27,Apr-16,25.51,8.5,18,1,0,
,,,,,,,,,,,,,,
Harmeet Singh,2009-2013,27,27,87.3,0,697,26,Mar-24,26.8,7.96,20.1,0,0,
,,,,,,,,,,,,,,
DR Smith,2008-2017,91,46,89.5,0,810,26,04-Aug,31.15,9.01,20.7,1,0,
,,,,,,,,,,,,,,
J Botha,2009-2015,34,34,115.4,0,800,25,03-Jun,32,6.91,27.7,0,0,
,,,,,,,,,,,,,,
R Dhawan,2013-2024,39,36,110.2,1,891,25,Feb-14,35.64,8.07,26.4,0,0,
,,,,,,,,,,,,,,
B Lee,2008-2013,38,38,145.5,3,1095,25,Mar-15,43.8,7.5,35,0,0,
,,,,,,,,,,,,,,
Naveen-ul-Haq,2023-2024,17,17,64.3,0,591,25,Apr-38,23.64,9.16,15.4,1,0,
,,,,,,,,,,,,,,
L Ngidi,2018-2021,14,14,54,2,448,25,04-Oct,17.92,8.29,12.9,1,0,
,,,,,,,,,,,,,,
Suresh Raina,2008-2021,204,69,151.2,0,1118,25,2/0,44.72,7.38,36.3,0,0,
,,,,,,,,,,,,,,
Sai Kishore,2022-2025,19,19,55.5,0,470,25,Apr-33,18.8,8.41,13.4,1,0,
,,,,,,,,,,,,,,
Yash Thakur,2023-2025,21,21,73.5,1,770,25,May-30,30.8,10.42,17.7,1,1,
,,,,,,,,,,,,,,
AS Rajpoot,2013-2020,29,29,88.1,1,814,24,May-14,33.91,9.23,22,0,1,
,,,,,,,,,,,,,,
JP Duminy,2009-2018,83,49,113,0,834,23,Apr-17,36.26,7.38,29.4,1,0,
,,,,,,,,,,,,,,
GB Hogg,2012-2016,21,21,76.2,1,570,23,Apr-29,24.78,7.46,19.9,1,0,
,,,,,,,,,,,,,,
NA Saini,2019-2023,32,32,109.4,1,974,23,Mar-40,42.34,8.88,28.6,0,0,
,,,,,,,,,,,,,,
SW Tait,2010-2013,21,21,78.5,1,635,23,Mar-13,27.6,8.05,20.5,0,0,
,,,,,,,,,,,,,,
Basil Thampi,2017-2022,25,25,86.5,1,846,22,Mar-29,38.45,9.74,23.6,0,0,
,,,,,,,,,,,,,,
STR Binny,2010-2019,95,63,99,0,758,22,Feb-14,34.45,7.65,27,0,0,
,,,,,,,,,,,,,,
BW Hilfenhaus,2012-2014,17,17,62,2,479,22,Mar-27,21.77,7.72,16.9,0,0,
,,,,,,,,,,,,,,
Sohail Tanvir,2008-2008,11,11,41.1,0,266,22,Jun-14,12.09,6.46,11.2,1,1,
,,,,,,,,,,,,,,
K Gowtham,2018-2024,35,35,98,1,808,21,02-Dec,38.47,8.24,28,0,0,
,,,,,,,,,,,,,,
AS Joseph,2019-2024,22,22,72.2,1,691,21,06-Dec,32.9,9.55,20.6,0,1,
,,,,,,,,,,,,,,
VY Mahesh,2008-2012,17,17,56.3,0,499,21,Apr-36,23.76,8.83,16.1,1,0,
,,,,,,,,,,,,,,
Shahbaz Ahmed,2020-2025,56,43,91,0,859,21,03-Jul,40.9,9.43,26,0,0,
,,,,,,,,,,,,,,
RE van der Merwe,2009-2013,21,21,73.5,1,498,21,Mar-20,23.71,6.74,21,0,0,
,,,,,,,,,,,,,,
Mujeeb Ur Rahman,2018-2025,20,20,74.2,0,620,20,Mar-27,31,8.34,22.3,0,0,
,,,,,,,,,,,,,,
Chetan Sakariya,2021-2025,20,20,74,1,638,20,Mar-31,31.9,8.62,22.2,0,0,
,,,,,,,,,,,,,,
A Symonds,2008-2011,39,30,87.5,0,674,20,Mar-21,33.7,7.67,26.3,0,0,
,,,,,,,,,,,,,,
JP Behrendorff,2019-2023,17,17,61,0,552,19,Mar-23,29.05,9.04,19.2,0,0,
,,,,,,,,,,,,,,
Nathan Ellis,2021-2025,17,17,63,0,546,19,Apr-30,28.73,8.66,19.8,1,0,
,,,,,,,,,,,,,,
Akash Madhwal,2023-2024,13,13,43.4,0,424,19,05-May,22.31,9.7,13.7,1,1,
,,,,,,,,,,,,,,
AD Mascarenhas,2008-2013,13,13,51.2,1,356,19,May-25,18.73,6.93,16.2,0,1,
,,,,,,,,,,,,,,
RP Meredith,2021-2023,18,18,64.4,0,612,19,Feb-24,32.21,9.46,20.4,0,0,
,,,,,,,,,,,,,,
KW Richardson,2013-2021,15,15,55.5,0,472,19,Mar-13,24.84,8.45,17.6,0,0,
,,,,,,,,,,,,,,
Mitchell Santner,2019-2025,27,27,89.3,0,658,19,Feb-13,34.63,7.35,28.2,0,0,
,,,,,,,,,,,,,,
J Suchith,2015-2022,22,21,70,0,602,19,02-Dec,31.68,8.6,22.1,0,0,
,,,,,,,,,,,,,,
Anureet Singh,2009-2018,23,22,68.4,0,623,18,Mar-23,34.61,9.07,22.8,0,0,
,,,,,,,,,,,,,,
A Ashish Reddy,2012-2016,31,20,43.4,0,396,18,Mar-25,22,9.06,14.5,0,0,
,,,,,,,,,,,,,,
Chris Gayle,2009-2021,140,38,92.2,0,729,18,Mar-21,40.5,7.89,30.7,0,0,
,,,,,,,,,,,,,,
IC Pandey,2013-2015,25,24,77,4,591,18,Feb-23,32.83,7.67,25.6,0,0,
,,,,,,,,,,,,,,
BB Sran,2015-2019,24,24,80.3,0,757,18,Mar-28,42.05,9.4,26.8,0,0,
,,,,,,,,,,,,,,
WPUJC Vaas,2008-2010,13,13,47,2,355,18,Mar-21,19.72,7.55,15.6,0,0,
,,,,,,,,,,,,,,
Bipul Sharma,2010-2017,33,28,71,0,572,17,Feb-13,33.64,8.05,25,0,0,
,,,,,,,,,,,,,,
CRD Fernando,2008-2010,10,10,39,0,294,17,Apr-18,17.29,7.53,13.7,1,0,
,,,,,,,,,,,,,,
BJ Hodge,2008-2014,66,20,39,0,303,17,Apr-13,17.82,7.76,13.7,1,0,
,,,,,,,,,,,,,,
Mukesh Choudhary,2022-2025,16,16,52.3,0,522,17,Apr-46,30.7,9.94,18.5,1,0,
,,,,,,,,,,,,,,
Cameron Green,2023-2024,29,29,73.1,0,664,16,02-Dec,41.5,9.07,27.4,0,0,
,,,,,,,,,,,,,,
D Wiese,2015-2023,17,15,49.2,0,440,16,Apr-33,27.5,8.91,18.5,1,0,
,,,,,,,,,,,,,,
YA Abdulla,2009-2010,11,11,34.5,1,307,15,Apr-31,20.46,8.81,13.9,2,0,
,,,,,,,,,,,,,,
Kartik Tyagi,2020-2024,20,20,70.2,0,713,15,Feb-29,47.53,10.13,28.1,0,0,
,,,,,,,,,,,,,,
Mohammad Nabi,2017-2024,24,23,69.3,0,517,15,04-Nov,34.46,7.43,27.8,1,0,
,,,,,,,,,,,,,,
Rohit Sharma,2008-2025,266,32,56.3,0,453,15,04-Jun,30.2,8.01,22.6,1,0,
,,,,,,,,,,,,,,
LR Shukla,2008-2014,47,27,52.2,0,447,15,03-Jun,29.8,8.54,20.9,0,0,
,,,,,,,,,,,,,,
JR Hopes,2008-2011,20,20,60,0,548,14,02-Feb,39.14,9.13,25.7,0,0,
,,,,,,,,,,,,,,
R Rampaul,2013-2014,12,12,43.4,4,298,14,Mar-31,21.28,6.82,18.7,0,0,
,,,,,,,,,,,,,,
DR Sams,2020-2022,16,16,60,0,523,14,Apr-30,37.35,8.71,25.7,1,0,
,,,,,,,,,,,,,,
KR Sen,2022-2024,12,12,40.1,0,387,14,Apr-20,27.64,9.63,17.2,1,0,
,,,,,,,,,,,,,,
SJ Srivastava,2010-2011,14,14,47,0,441,14,Feb-20,31.5,9.38,20.1,0,0,
,,,,,,,,,,,,,,
Suyash Sharma,2023-2025,22,22,78,0,651,14,Mar-30,46.5,8.34,33.4,0,0,
,,,,,,,,,,,,,,
AC Thomas,2011-2012,15,15,52.3,2,406,14,Mar-22,29,7.73,22.5,0,0,
,,,,,,,,,,,,,,
CR Brathwaite,2016-2019,16,16,42.2,0,379,13,Mar-47,29.15,8.95,19.5,0,0,
,,,,,,,,,,,,,,
G Coetzee,2024-2024,10,10,33.3,0,341,13,Apr-34,26.23,10.17,15.4,1,0,
,,,,,,,,,,,,,,
TK Curran,2018-2021,13,13,39.4,0,430,13,Mar-29,33.07,10.84,18.3,0,0,
,,,,,,,,,,,,,,
ST Jayasuriya,2008-2010,30,21,49,1,390,13,Mar-14,30,7.95,22.6,0,0,
,,,,,,,,,,,,,,
S Lamichhane,2018-2019,9,9,35,0,292,13,Mar-36,22.46,8.34,16.1,0,0,
,,,,,,,,,,,,,,
CK Langeveldt,2009-2011,7,7,26,0,187,13,Mar-15,14.38,7.19,12,0,0,
,,,,,,,,,,,,,,
Liam Livingstone,2019-2025,46,27,52,0,469,13,Mar-27,36.07,9.01,24,0,0,
,,,,,,,,,,,,,,
RR Powar,2008-2012,27,26,71,0,527,13,02-Nov,40.53,7.42,32.7,0,0,
,,,,,,,,,,,,,,
Vyshak Vijayakumar,2023-2025,12,12,41.3,0,423,13,Mar-20,32.53,10.19,19.1,0,0,
,,,,,,,,,,,,,,
AN Ahmed,2010-2015,17,17,57.2,1,498,12,Feb-13,41.5,8.68,28.6,0,0,
,,,,,,,,,,,,,,
Ankit Sharma,2012-2018,22,21,61.1,0,450,12,Feb-20,37.5,7.35,30.5,0,0,
,,,,,,,,,,,,,,
BA Bhatt,2011-2013,17,15,49.2,0,397,12,Apr-22,33.08,8.04,24.6,1,0,
,,,,,,,,,,,,,,
Dushmantha Chameera,2022-2025,16,16,56,0,527,12,Feb-17,43.91,9.41,28,0,0,
,,,,,,,,,,,,,,
Joginder Sharma,2008-2011,16,15,42.4,0,419,12,Feb-27,34.91,9.82,21.3,0,0,
,,,,,,,,,,,,,,
Karanveer Singh,2014-2015,9,9,34,0,321,12,Apr-54,26.75,9.44,17,1,0,
,,,,,,,,,,,,,,
Kumar Kartikeya,2022-2025,15,15,45,0,385,12,Feb-22,32.08,8.55,22.5,0,0,
,,,,,,,,,,,,,,
GD McGrath,2008-2008,14,14,54,2,357,12,Apr-29,29.75,6.61,27,1,0,
,,,,,,,,,,,,,,
R McLaren,2010-2013,18,18,59,0,542,12,Feb-28,45.16,9.18,29.5,0,0,
,,,,,,,,,,,,,,
VRV Singh,2008-2010,19,18,60,0,542,12,Mar-29,45.16,9.03,30,0,0,
,,,,,,,,,,,,,,
Umar Gul,2008-2008,6,6,22.3,1,184,12,Apr-23,15.33,8.17,11.2,1,0,
,,,,,,,,,,,,,,
Abhishek Sharma,2018-2025,72,30,53,0,471,11,02-Apr,42.81,8.88,28.9,0,0,
,,,,,,,,,,,,,,
CJ Anderson,2014-2018,30,22,49.3,0,518,11,Feb-18,47.09,10.46,27,0,0,
,,,,,,,,,,,,,,
Samuel Badree,2013-2017,12,12,43,1,319,11,04-Sep,29,7.41,23.4,1,0,
,,,,,,,,,,,,,,
RS Bopara,2009-2015,24,14,34.2,0,292,11,Mar-31,26.54,8.5,18.7,0,0,
,,,,,,,,,,,,,,
A Chandila,2012-2013,12,12,39,0,242,11,Apr-13,22,6.2,21.2,1,0,
,,,,,,,,,,,,,,
JB Little,2023-2024,11,11,38,0,339,11,Apr-45,30.81,8.92,20.7,1,0,
,,,,,,,,,,,,,,
OC McCoy,2022-2023,8,8,26.5,0,250,11,Mar-23,22.72,9.31,14.6,0,0,
,,,,,,,,,,,,,,
AB McDonald,2009-2013,10,10,31,0,261,11,Feb-25,23.72,8.41,16.9,0,0,
,,,,,,,,,,,,,,
TS Mills,2017-2022,10,10,34.5,0,343,11,Mar-35,31.18,9.84,19,0,0,
,,,,,,,,,,,,,,
Pankaj Singh,2008-2012,17,17,50,1,468,11,Feb-18,42.54,9.36,27.2,0,0,
,,,,,,,,,,,,,,
JL Pattinson,2020-2020,10,10,35.3,0,320,11,Feb-19,29.09,9.01,19.3,0,0,
,,,,,,,,,,,,,,
SM Pollock,2008-2008,13,13,46,1,301,11,03-Dec,27.36,6.54,25,0,0,
,,,,,,,,,,,,,,
DJG Sammy,2013-2015,22,19,39.2,0,350,11,Apr-22,31.81,8.89,21.4,1,0,
,,,,,,,,,,,,,,
Simarjeet Singh,2022-2025,14,14,40,0,400,11,Mar-26,36.36,10,21.8,0,0,
,,,,,,,,,,,,,,
MA Wood,2018-2023,5,5,20,1,179,11,May-14,16.27,8.95,10.9,0,1,
,,,,,,,,,,,,,,
Akash Deep,2022-2025,12,12,39.2,1,466,10,Mar-45,46.6,11.84,23.6,0,0,
,,,,,,,,,,,,,,
Ben Cutting,2014-2019,21,17,46.5,0,429,10,Feb-20,42.9,9.16,28.1,0,0,
,,,,,,,,,,,,,,
SC Ganguly,2008-2012,59,20,46,0,363,10,Feb-21,36.3,7.89,27.6,0,0,
,,,,,,,,,,,,,,
Deepak Hooda,2015-2025,123,33,62.1,0,531,10,Feb-16,53.1,8.54,37.3,0,0,
,,,,,,,,,,,,,,
B Laughlin,2013-2018,9,9,27.5,0,282,10,Feb-15,28.2,10.13,16.7,0,0,
,,,,,,,,,,,,,,
V Pratap Singh,2012-2012,9,9,34,0,296,10,Feb-31,29.6,8.7,20.4,0,0,
,,,,,,,,,,,,,,
Nithesh Rana,2016-2025,117,26,32,0,270,10,02-Nov,27,8.43,19.2,0,0,
,,,,,,,,,,,,,,
Rasikh Salam,2019-2025,13,13,38.3,0,409,10,Mar-34,40.9,10.62,23.1,0,0,
,,,,,,,,,,,,,,
Digvesh Rathi,2025-2025,10,10,40,0,310,10,Feb-30,31,7.75,24,0,0,
,,,,,,,,,,,,,,
Lalit Yadav,2021-2024,27,19,48,0,425,10,02-Nov,42.5,8.85,28.8,0,0,
,,,,,,,,,,,,,,
KP Appanna,2009-2012,13,13,36,0,286,9,Apr-19,31.77,7.94,24,1,0,
,,,,,,,,,,,,,,
Arshad Khan,2023-2025,15,15,35.2,0,418,9,Mar-39,46.44,11.83,23.5,0,0,
,,,,,,,,,,,,,,
SE Bond,2010-2010,8,8,31,1,224,9,Feb-24,24.88,7.22,20.6,0,0,
,,,,,,,,,,,,,,
JEC Franklin,2011-2012,20,15,25.1,0,220,9,Feb-18,24.44,8.74,16.7,0,0,
,,,,,,,,,,,,,,
BE Hendricks,2014-2015,7,7,25,0,235,9,Mar-36,26.11,9.4,16.6,0,0,
,,,,,,,,,,,,,,
KA Jamieson,2021-2021,9,9,28,0,269,9,Mar-41,29.88,9.6,18.6,0,0,
,,,,,,,,,,,,,,
Kamran Khan,2009-2011,9,9,26.4,0,224,9,Mar-18,24.88,8.4,17.7,0,0,
,,,,,,,,,,,,,,
AG Murtaza,2010-2013,12,12,44,0,313,9,Mar-15,34.77,7.11,29.3,0,0,
,,,,,,,,,,,,,,
AM Nayar,2008-2014,60,19,38.1,0,322,9,Mar-13,35.77,8.43,25.4,0,0,
,,,,,,,,,,,,,,
Vipraj Nigam,2025-2025,10,10,27,0,256,9,Feb-18,28.44,9.48,18,0,0,
,,,,,,,,,,,,,,
JDP Oram,2008-2013,18,14,39.3,0,349,9,Mar-32,38.77,8.83,26.3,0,0,
,,,,,,,,,,,,,,
P Parameswaran,2011-2012,8,8,25.4,0,224,9,Mar-30,24.88,8.72,17.1,0,0,
,,,,,,,,,,,,,,
KMA Paul,2019-2019,8,8,27.1,0,237,9,Mar-17,26.33,8.72,18.1,0,0,
,,,,,,,,,,,,,,
MN Samuels,2012-2017,15,11,35.4,0,284,9,Mar-39,31.55,7.96,23.7,0,0,
,,,,,,,,,,,,,,
SMSM Senanayake,2013-2013,8,8,32,1,209,9,Feb-26,23.22,6.53,21.3,0,0,
,,,,,,,,,,,,,,
Shahid Afridi,2008-2008,10,10,30,0,225,9,Mar-28,25,7.5,20,0,0,
,,,,,,,,,,,,,,
Vijay Shankar,2014-2025,78,22,39.4,0,344,9,Feb-19,38.22,8.67,26.4,0,0,
,,,,,,,,,,,,,,
IS Sodhi,2018-2019,8,8,30.1,1,202,9,Mar-26,22.44,6.69,20.1,0,0,
,,,,,,,,,,,,,,
J Theron,2010-2015,10,10,36,0,293,9,Feb-17,32.55,8.13,24,0,0,
,,,,,,,,,,,,,,
Mayak Yadav,2024-2025,5,5,16.1,0,125,9,Mar-14,13.88,7.73,10.7,0,0,
,,,,,,,,,,,,,,
Anand Rajan,2011-2013,8,8,24.5,0,201,8,Mar-27,25.12,8.09,18.6,0,0,
,,,,,,,,,,,,,,
KC Cariappa,2015-2019,11,11,36,0,348,8,Feb-16,43.5,9.66,27,0,0,
,,,,,,,,,,,,,,
AA Chavan,2011-2013,13,13,41.2,0,326,8,Feb-23,40.75,7.88,31,0,0,
,,,,,,,,,,,,,,
DJ Hussey,2008-2014,64,26,52.5,0,474,8,02-Feb,59.25,8.97,39.6,0,0,
,,,,,,,,,,,,,,
BAW Mendis,2008-2013,10,10,40,0,285,8,Feb-19,35.62,7.12,30,0,0,
,,,,,,,,,,,,,,
Mohammad Asif,2008-2008,8,8,32,0,296,8,Feb-19,37,9.25,24,0,0,
,,,,,,,,,,,,,,
JDS Neesham,2014-2022,14,13,36,0,334,8,03-Dec,41.75,9.27,27,0,0,
,,,,,,,,,,,,,,
JD Ryder,2009-2012,29,16,39.2,1,303,8,Feb-14,37.87,7.7,29.5,0,0,
,,,,,,,,,,,,,,
S Sandeep Warrier,2019-2024,10,10,28,0,253,8,Mar-15,31.62,9.03,21,0,0,
,,,,,,,,,,,,,,
SB Styris,2008-2011,12,11,36,0,276,8,Mar-32,34.5,7.66,27,0,0,
,,,,,,,,,,,,,,
J Syed Mohammad,2011-2013,11,11,32,0,283,8,Feb-15,35.37,8.84,24,0,0,
,,,,,,,,,,,,,,
N Thushara,2024-2024,7,7,26,0,257,8,Mar-28,32.12,9.88,19.5,0,0,
,,,,,,,,,,,,,,
T Thushara,2009-2010,6,6,22.3,0,161,8,Feb-16,20.12,7.15,16.8,0,0,
,,,,,,,,,,,,,,
I Udana,2020-2020,10,10,29,0,282,8,Feb-41,35.25,9.72,21.7,0,0,
,,,,,,,,,,,,,,
J Yadav,2015-2023,20,20,65,0,445,8,01-Aug,55.62,6.84,48.7,0,0,
,,,,,,,,,,,,,,
P Amarnath,2008-2008,6,6,22,0,236,7,Feb-29,33.71,10.72,18.8,0,0,
,,,,,,,,,,,,,,
KM Asif,2018-2023,7,7,22.1,0,231,7,Feb-42,33,10.42,19,0,0,
,,,,,,,,,,,,,,
N Burger,2024-2024,5,5,17,0,145,7,Feb-29,20.71,8.52,14.5,0,0,
,,,,,,,,,,,,,,
HF Gurney,2019-2019,8,8,27,0,238,7,Feb-25,34,8.81,23.1,0,0,
,,,,,,,,,,,,,,
Will Jacks,2024-2025,17,10,20,0,178,7,Feb-14,25.42,8.9,17.1,0,0,
,,,,,,,,,,,,,,
AF Milne,2016-2022,10,10,34.3,0,327,7,Feb-21,46.71,9.47,29.5,0,0,
,,,,,,,,,,,,,,
A Mithun,2009-2013,16,16,48,0,472,7,Feb-37,67.42,9.83,41.1,0,0,
,,,,,,,,,,,,,,
M Ntini,2008-2008,9,9,35,2,242,7,Apr-21,34.57,6.91,30,1,0,
,,,,,,,,,,,,,,
Kevin Pietersen,2009-2016,36,13,29,0,215,7,Feb-31,30.71,7.41,24.8,0,0,
,,,,,,,,,,,,,,
AM Salvi,2009-2011,7,7,25,0,200,7,Feb-19,28.57,8,21.4,0,0,
,,,,,,,,,,,,,,
B Stanlake,2017-2018,6,6,24,0,200,7,Feb-21,28.57,8.33,20.5,0,0,
,,,,,,,,,,,,,,
Swapnil Singh,2016-2024,14,14,27,0,241,7,Feb-28,34.42,8.92,23.1,0,0,
,,,,,,,,,,,,,,
PC Valthaty,2009-2013,23,10,25.1,0,205,7,Apr-29,29.28,8.14,21.5,1,0,
,,,,,,,,,,,,,,
GC Viljoen,2019-2019,6,6,23,0,222,7,Feb-39,31.71,9.65,19.7,0,0,
,,,,,,,,,,,,,,
B Akhil,2008-2011,15,13,31.2,0,242,6,Feb-17,40.33,7.72,31.3,0,0,
,,,,,,,,,,,,,,
Ashwani Kumar,2025-2025,3,3,8,0,105,6,Apr-24,17.5,13.12,8,1,0,
,,,,,,,,,,,,,,
MG Bracewell,2023-2023,5,5,11,0,95,6,Feb-13,15.83,8.63,11,0,0,
,,,,,,,,,,,,,,
SS Cottrell,2020-2020,6,6,20,1,176,6,Feb-17,29.33,8.8,20,0,0,
,,,,,,,,,,,,,,
C de Grandhomme,2017-2019,25,19,36,0,319,6,03-Apr,53.16,8.86,36,0,0,
,,,,,,,,,,,,,,
Fazalhaq Farooqi,2022-2025,10,10,35.2,0,344,6,Feb-32,57.33,9.73,35.3,0,0,
,,,,,,,,,,,,,,
Jaskaran Singh,2009-2010,8,7,17,0,171,6,Feb-18,28.5,10.05,17,0,0,
,,,,,,,,,,,,,,
S Randiv,2011-2011,8,8,29,0,223,6,Feb-24,37.16,7.68,29,0,0,
,,,,,,,,,,,,,,
S Kaushik,2016-2017,10,10,34,0,297,6,Mar-20,49.5,8.73,34,0,0,
,,,,,,,,,,,,,,
K Khejroliya,2018-2025,8,8,23.1,0,246,6,Feb-33,41,10.61,23.1,0,0,
,,,,,,,,,,,,,,
VS Malik,2009-2014,13,13,34.1,0,261,6,Feb-14,43.5,7.63,34.1,0,0,
,,,,,,,,,,,,,,
Aiden Markram,2021-2025,54,18,30.1,0,260,6,Feb-30,43.33,8.61,30.1,0,0,
,,,,,,,,,,,,,,
DG Nalkande,2022-2024,6,6,14,0,148,6,Feb-21,24.66,10.57,14,0,0,
,,,,,,,,,,,,,,
D Pretorius,2022-2023,7,7,25,0,238,6,Feb-30,39.66,9.52,25,0,0,
,,,,,,,,,,,,,,
Vignesh Puthur,2025-2025,5,5,12,0,109,6,Mar-32,18.16,9.08,12,0,0,
,,,,,,,,,,,,,,
RR Raje,2008-2009,10,10,23.1,0,209,6,Feb-16,34.83,9.02,23.1,0,0,
,,,,,,,,,,,,,,
Ramandeep Singh,2022-2025,27,4,6.4,0,63,6,Mar-20,10.5,9.45,6.6,0,0,
,,,,,,,,,,,,,,
Anukul Roy,2019-2025,11,10,26.4,0,218,6,Feb-19,36.33,8.17,26.6,0,0,
,,,,,,,,,,,,,,
V Sehwag,2008-2015,104,15,22.4,0,235,6,Feb-18,39.16,10.36,22.6,0,0,
,,,,,,,,,,,,,,
OF Smith,2022-2022,6,6,15,0,178,6,Apr-30,29.66,11.86,15,1,0,
,,,,,,,,,,,,,,
TL Suman,2009-2013,43,11,25,0,197,6,Feb-14,32.83,7.88,25,0,0,
,,,,,,,,,,,,,,
JE Taylor,2011-2011,5,5,19.3,0,157,6,Mar-30,26.16,8.05,19.5,0,0,
,,,,,,,,,,,,,,
S Tyagi,2009-2010,14,14,34.5,0,295,6,Feb-18,49.16,8.46,34.8,0,0,
,,,,,,,,,,,,,,
Y Venugopal Rao,2008-2014,64,20,36,0,337,6,Feb-23,56.16,9.36,36,0,0,
,,,,,,,,,,,,,,
DJ Willey,2018-2023,11,11,36,1,272,6,Feb-16,45.33,7.55,36,0,0,
,,,,,,,,,,,,,,
S Ladda,2010-2016,9,9,23,0,224,5,Feb-44,44.8,9.73,27.6,0,0,
,,,,,,,,,,,,,,
Akash Singh,2021-2023,7,7,23,0,227,5,Feb-40,45.4,9.86,27.6,0,0,
,,,,,,,,,,,,,,
Azmatullah Omarzai,2024-2025,10,9,27,0,254,5,Feb-27,50.8,9.4,32.4,0,0,
,,,,,,,,,,,,,,
A Choudhary,2017-2017,5,5,16.5,2,144,5,Feb-17,28.8,8.55,20.2,0,0,
,,,,,,,,,,,,,,
PD Collingwood,2010-2010,8,6,14.5,0,101,5,Feb-19,20.2,6.8,17.8,0,0,
,,,,,,,,,,,,,,
M de Lange,2012-2015,5,5,18,1,169,5,Mar-34,33.8,9.38,21.6,0,0,
,,,,,,,,,,,,,,
TM Dilshan,2008-2013,51,25,45.1,0,366,5,01-Mar,73.2,8.1,54.2,0,0,
,,,,,,,,,,,,,,
AP Dole,2010-2010,3,3,11,0,112,5,Feb-36,22.4,10.18,13.2,0,0,
,,,,,,,,,,,,,,
Shivam Dube,2019-2025,75,14,18.4,0,180,5,Feb-15,36,9.64,22.4,0,0,
,,,,,,,,,,,,,,
FH Edwards,2009-2009,6,6,23.2,1,154,5,Feb-27,30.8,6.6,28,0,0,
,,,,,,,,,,,,,,
RV Gomez,2011-2013,13,9,16,1,129,5,Feb-14,25.8,8.06,19.2,0,0,
,,,,,,,,,,,,,,
Gurkeerat Singh,2012-2020,41,6,13,0,97,5,Feb-15,19.4,7.46,15.6,0,0,
,,,,,,,,,,,,,,
Spencer Johnson,2024-2025,9,9,27.2,0,284,5,Feb-25,56.8,10.39,32.8,0,0,
,,,,,,,,,,,,,,
Anshul Kamboj,2024-2025,7,7,20,0,189,5,Jan-16,37.8,9.45,24,0,0,
,,,,,,,,,,,,,,
KMDN Kulasekara,2011-2012,5,5,17,0,120,5,02-Oct,24,7.05,20.4,0,0,
,,,,,,,,,,,,,,
Eshan Malinga,2025-2025,3,3,11,0,114,5,Feb-36,22.8,10.36,13.2,0,0,
,,,,,,,,,,,,,,
KL Nagarkoti,2020-2022,12,11,30,0,285,5,Feb-13,57,9.5,36,0,0,
,,,,,,,,,,,,,,
S Narwal,2010-2013,7,6,17.4,0,202,5,Mar-36,40.4,11.43,21.2,0,0,
,,,,,,,,,,,,,,
Romario Shepherd,2022-2025,13,10,24,0,290,5,Feb-42,58,12.08,28.8,0,0,
,,,,,,,,,,,,,,
Shoaib Ahmed,2009-2009,8,7,17,0,152,5,Feb-20,30.4,8.94,20.4,0,0,
,,,,,,,,,,,,,,
Shoaib Akhtar,2008-2008,3,3,7,0,54,5,04-Nov,10.8,7.71,8.4,1,0,
,,,,,,,,,,,,,,
HR Shokeen,2022-2023,13,13,34,0,314,5,Feb-34,62.8,9.23,40.8,0,0,
,,,,,,,,,,,,,,
R Shukla,2012-2014,7,7,20,0,208,5,Feb-28,41.6,10.4,24,0,0,
,,,,,,,,,,,,,,
O Thomas,2019-2019,4,4,10,0,79,5,02-Jun,15.8,7.9,12,0,0,
,,,,,,,,,,,,,,
RJW Topley,2023-2024,5,5,17,0,182,5,Feb-27,36.4,10.7,20.4,0,0,
,,,,,,,,,,,,,,
SB Wagh,2010-2011,8,8,17,0,137,5,Mar-16,27.4,8.05,20.4,0,0,
,,,,,,,,,,,,,,
Zeeshan Ansari,2025-2025,7,7,24.5,0,239,5,Mar-42,47.8,9.62,29.8,0,0,
,,,,,,,,,,,,,,
SB Bangar,2008-2009,12,9,25,0,219,4,Feb-34,54.75,8.76,37.5,0,0,
,,,,,,,,,,,,,,
Shikhar Dhawan,2008-2024,222,6,8,0,66,4,01-Jul,16.5,8.25,12,0,0,
,,,,,,,,,,,,,,
D du Preez,2009-2009,2,2,7,1,56,4,Mar-32,14,8,10.5,0,0,
,,,,,,,,,,,,,,
Virat Kohli,2008-2025,260,26,41.5,0,368,4,Feb-25,92,8.79,62.7,0,0,
,,,,,,,,,,,,,,
WA Mota,2008-2009,12,7,12,0,97,4,01-Jun,24.25,8.08,18,0,0,
,,,,,,,,,,,,,,
DJ Muthuswami,2015-2015,6,6,14,0,101,4,Feb-18,25.25,7.21,21,0,0,
,,,,,,,,,,,,,,
Y Nagar,2009-2012,25,8,11,0,125,4,Feb-20,31.25,11.36,16.5,0,0,
,,,,,,,,,,,,,,
Riyan Parag,2019-2025,79,26,39.1,0,392,4,01-Jul,98,10,58.7,0,0,
,,,,,,,,,,,,,,
Parvez Rasool,2013-2016,11,11,33,0,271,4,Jan-20,67.75,8.21,49.5,0,0,
,,,,,,,,,,,,,,
LE Plunkett,2018-2018,7,7,25,0,225,4,Mar-17,56.25,9,37.5,0,0,
,,,,,,,,,,,,,,
Shivam Sharma,2014-2015,5,5,19,0,165,4,Feb-26,41.25,8.68,28.5,0,0,
,,,,,,,,,,,,,,
Tristan Stubbs,2022-2025,28,5,6,0,69,4,02-Nov,17.25,11.5,9,0,0,
,,,,,,,,,,,,,,
DP Vijaykumar,2008-2008,9,9,25.2,0,199,4,Jan-17,49.75,7.85,38,0,0,
,,,,,,,,,,,,,,
Yudhvir Singh,2023-2025,7,7,17,0,180,4,Feb-19,45,10.58,25.5,0,0,
,,,,,,,,,,,,,,
L Ablish,2010-2011,3,3,7,0,75,3,Feb-17,25,10.71,14,0,0,
,,,,,,,,,,,,,,
DAJ Bracewell,2012-2012,1,1,4,0,32,3,Mar-32,10.66,8,8,0,0,
,,,,,,,,,,,,,,
Gagandeep Singh,2008-2008,4,4,14,0,141,3,Jan-33,47,10.07,28,0,0,
,,,,,,,,,,,,,,
GHS Garton,2021-2021,5,5,15,0,135,3,Jan-27,45,9,30,0,0,
,,,,,,,,,,,,,,
RS Hangargekar,2023-2023,2,2,6,0,60,3,Mar-36,20,10,12,0,0,
,,,,,,,,,,,,,,
SM Harwood,2009-2009,3,3,10,0,73,3,Feb-25,24.33,7.3,20,0,0,
,,,,,,,,,,,,,,
JW Hastings,2014-2016,3,3,9.4,1,66,3,02-Jun,22,6.82,19.3,0,0,
,,,,,,,,,,,,,,
Venkatesh Iyer,2021-2025,60,9,13.3,0,143,3,Feb-29,47.66,10.59,27,0,0,
,,,,,,,,,,,,,,
JM Kemp,2010-2010,5,5,7.2,0,54,3,03-Dec,18,7.36,14.6,0,0,
,,,,,,,,,,,,,,
AL Menaria,2011-2013,29,12,18.2,0,144,3,Feb-20,48,7.85,36.6,0,0,
,,,,,,,,,,,,,,
R Ninan,2011-2011,2,2,6,0,65,3,Feb-31,21.66,10.83,12,0,0,
,,,,,,,,,,,,,,
Nitish Kumar Reddy,2023-2025,24,9,18.1,0,207,3,Feb-17,69,11.39,36.3,0,0,
,,,,,,,,,,,,,,
RJ Peterson,2012-2012,5,4,8,0,70,3,Mar-37,23.33,8.75,16,0,0,
,,,,,,,,,,,,,,
JA Richardson,2021-2024,4,4,15,0,157,3,Feb-41,52.33,10.46,30,0,0,
,,,,,,,,,,,,,,
P Sahu,2016-2016,5,5,17.3,0,146,3,Feb-18,48.66,8.34,35,0,0,
,,,,,,,,,,,,,,
K Santokie,2014-2014,2,2,8,0,90,3,Feb-50,30,11.25,16,0,0,
,,,,,,,,,,,,,,
R Sathish,2010-2016,34,14,23.1,0,232,3,01-Nov,77.33,10.01,46.3,0,0,
,,,,,,,,,,,,,,
T Shamsi,2016-2021,5,5,20,0,181,3,Jan-21,60.33,9.05,40,0,0,
,,,,,,,,,,,,,,
Manimaran Siddharth,2024-2025,5,5,16,0,138,3,Feb-39,46,8.62,32,0,0,
,,,,,,,,,,,,,,
Sikandar Raza,2023-2024,9,7,14,0,141,3,Jan-19,47,10.07,28,0,0,
,,,,,,,,,,,,,,
Arjun Tendulkar,2023-2024,5,5,12.1,0,114,3,01-Sep,38,9.36,24.3,0,0,
,,,,,,,,,,,,,,
DJ Thornely,2008-2008,6,4,7,0,40,3,02-Jul,13.33,5.71,14,0,0,
,,,,,,,,,,,,,,
JJ van der Wath,2011-2011,3,3,12,0,129,3,Feb-49,43,10.75,24,0,0,
,,,,,,,,,,,,,,
KJ Abbott,2016-2016,5,5,16,0,177,2,Jan-38,88.5,11.06,48,0,0,
,,,,,,,,,,,,,,
Abdul Samad,2020-2025,59,6,9.2,0,119,2,01-Sep,59.5,12.75,28,0,0,
,,,,,,,,,,,,,,
FA Allen,2021-2022,5,4,15,1,136,2,Jan-22,68,9.06,45,0,0,
,,,,,,,,,,,,,,
Ankit Soni,2017-2017,7,6,18.1,0,144,2,Jan-16,72,7.92,54.5,0,0,
,,,,,,,,,,,,,,
Ayush Badoni,2022-2025,51,5,4.1,0,36,2,01-May,18,8.64,12.5,0,0,
,,,,,,,,,,,,,,
XC Bartlett,2025-2025,3,3,9,0,84,2,Jan-26,42,9.33,27,0,0,
,,,,,,,,,,,,,,
SM Boland,2016-2016,2,2,7,0,54,2,Feb-31,27,7.71,21,0,0,
,,,,,,,,,,,,,,
SD Chitnis,2008-2012,11,2,6,0,60,2,Feb-40,30,10,18,0,0,
,,,,,,,,,,,,,,
MJ Clarke,2012-2012,6,5,11,0,67,2,01-Dec,33.5,6.09,33,0,0,
,,,,,,,,,,,,,,
MJ Dagar,2023-2024,8,8,22.5,0,203,2,Jan-23,101.5,8.89,68.5,0,0,
,,,,,,,,,,,,,,
ND Doshi,2010-2011,4,4,9.2,0,79,2,Jan-15,39.5,8.46,28,0,0,
,,,,,,,,,,,,,,
A Flintoff,2009-2009,3,3,11,0,105,2,01-Nov,52.5,9.54,33,0,0,
,,,,,,,,,,,,,,
Travis Head,2016-2025,34,6,9.4,0,113,2,Feb-30,56.5,11.68,29,0,0,
,,,,,,,,,,,,,,
MJ Henry,2017-2024,6,6,17,0,181,2,Jan-28,90.5,10.64,51,0,0,
,,,,,,,,,,,,,,
D Kalyankrishna,2008-2008,3,3,8,0,87,2,Jan-30,43.5,10.87,24,0,0,
,,,,,,,,,,,,,,
V Kaverappa,2024-2024,1,1,4,0,36,2,Feb-36,18,9,12,0,0,
,,,,,,,,,,,,,,
MA Khote,2008-2008,4,2,5,0,51,2,Feb-29,25.5,10.2,15,0,0,
,,,,,,,,,,,,,,
SC Kuggeleijn,2019-2019,2,2,8,0,71,2,Feb-37,35.5,8.87,24,0,0,
,,,,,,,,,,,,,,
KA Maharaj,2024-2024,2,2,6,0,39,2,Feb-23,19.5,6.5,18,0,0,
,,,,,,,,,,,,,,
Kamindu Mendis,2025-2025,3,3,5,0,42,2,01-Apr,21,8.4,15,0,0,
,,,,,,,,,,,,,,
Mohammad Hafeez,2008-2008,8,4,10,0,68,2,01-Aug,34,6.8,30,0,0,
,,,,,,,,,,,,,,
C Nanda,2009-2009,3,3,8,0,57,2,01-Apr,28.5,7.12,24,0,0,
,,,,,,,,,,,,,,
GD Phillips,2021-2023,8,4,5,0,40,2,01-Oct,20,8,15,0,0,
,,,,,,,,,,,,,,
Prince Yadav,2025-2025,5,5,18.5,0,182,2,Jan-29,91,9.66,56.5,0,0,
,,,,,,,,,,,,,,
AU Rashid,2021-2023,3,3,10,0,91,2,Feb-23,45.5,9.1,30,0,0,
,,,,,,,,,,,,,,
Sachin Baby,2013-2021,19,2,1.4,0,8,2,02-Apr,4,4.8,5,0,0,
,,,,,,,,,,,,,,
JPR Scantlebury-Searles,2018-2018,4,3,7,0,89,2,Jan-24,44.5,12.71,21,0,0,
,,,,,,,,,,,,,,
Shoaib Malik,2008-2008,7,5,8.3,0,85,2,01-Jun,42.5,10,25.5,0,0,
,,,,,,,,,,,,,,
PH Solanki,2022-2022,2,2,6,0,38,2,Feb-20,19,6.33,18,0,0,
,,,,,,,,,,,,,,
P Suyal,2013-2015,5,5,16,0,151,2,Jan-21,75.5,9.43,48,0,0,
,,,,,,,,,,,,,,
RN ten Doeschate,2011-2015,29,10,13,0,94,2,01-Jul,47,7.23,39,0,0,
,,,,,,,,,,,,,,
A Uniyal,2010-2010,2,2,6,0,66,2,Feb-41,33,11,18,0,0,
,,,,,,,,,,,,,,
LJ Wright,2012-2013,7,6,11.5,0,124,2,01-Dec,62,10.47,35.5,0,0,
,,,,,,,,,,,,,,
K Yadav,2021-2023,3,3,9,0,84,2,Jan-18,42,9.33,27,0,0,
,,,,,,,,,,,,,,
DNT Zoysa,2008-2008,3,3,11,0,99,2,Jan-30,49.5,9,33,0,0,
,,,,,,,,,,,,,,
SA Abbott,2015-2022,3,3,9,0,104,1,Jan-47,104,11.55,54,0,0,
,,,,,,,,,,,,,,
SS Agarwal,2017-2017,1,1,4,0,42,1,Jan-42,42,10.5,24,0,0,
,,,,,,,,,,,,,,
Corbin Bosch,2025-2025,1,1,4,0,26,1,Jan-26,26,6.5,24,0,0,
,,,,,,,,,,,,,,
Dewald Brevis,2022-2025,12,1,0.3,0,8,1,01-Aug,8,16,3,0,0,
,,,,,,,,,,,,,,
LA Carseldine,2009-2009,5,1,1,0,6,1,01-Jun,6,6,6,0,0,
,,,,,,,,,,,,,,
P Dubey,2020-2023,4,4,11,0,91,1,Jan-19,91,8.27,66,0,0,
,,,,,,,,,,,,,,
Aaron Finch,2010-2022,92,5,7.1,0,67,1,01-Nov,67,9.34,43,0,0,
,,,,,,,,,,,,,,
B Geeves,2008-2008,2,2,8,0,91,1,Jan-50,91,11.37,48,0,0,
,,,,,,,,,,,,,,
AC Gilchrist,2008-2013,80,1,0.1,0,0,1,1/0,0,0,1,0,0,
,,,,,,,,,,,,,,
RJ Gleeson,2024-2024,2,2,7.5,0,71,1,Jan-30,71,9.06,47,0,0,
,,,,,,,,,,,,,,
Harmeet Singh,2013-2013,1,1,4,0,34,1,Jan-34,34,8.5,24,0,0,
,,,,,,,,,,,,,,
T Henderson,2009-2009,2,2,6,0,40,1,Jan-30,40,6.66,36,0,0,
,,,,,,,,,,,,,,
AJ Hosein,2023-2023,1,1,4,0,40,1,Jan-40,40,10,24,0,0,
,,,,,,,,,,,,,,
D Jansen,2023-2023,1,1,4,0,53,1,Jan-53,53,13.25,24,0,0,
,,,,,,,,,,,,,,
AA Jhunjhunwala,2010-2012,21,10,14.1,0,129,1,Jan-13,129,9.1,85,0,0,
,,,,,,,,,,,,,,
SB Joshi,2008-2008,4,4,9.1,0,82,1,Jan-27,82,8.94,55,0,0,
,,,,,,,,,,,,,,
MK Lomror,2018-2024,40,11,15,0,127,1,Jan-22,127,8.46,90,0,0,
,,,,,,,,,,,,,,
CJ McKay,2012-2012,2,2,7,0,60,1,Jan-36,60,8.57,42,0,0,
,,,,,,,,,,,,,,
SSB Magala,2023-2023,2,2,6,0,51,1,Jan-37,51,8.5,36,0,0,
,,,,,,,,,,,,,,
KT Maphaka,2024-2024,2,2,6,0,89,1,Jan-23,89,14.83,36,0,0,
,,,,,,,,,,,,,,
BMAJ Mendis,2013-2013,3,2,5,0,36,1,Jan-16,36,7.2,30,0,0,
,,,,,,,,,,,,,,
LI Meriwala,2021-2021,1,1,3,0,32,1,Jan-32,32,10.66,18,0,0,
,,,,,,,,,,,,,,
DJ Mitchell,2022-2024,15,4,8,0,97,1,Jan-18,97,12.12,48,0,0,
,,,,,,,,,,,,,,
RG More,2015-2015,2,2,5.5,0,59,1,Jan-31,59,10.11,35,0,0,
,,,,,,,,,,,,,,
SS Mundhe,2011-2011,1,1,1,0,6,1,01-Jun,6,6,6,0,0,
,,,,,,,,,,,,,,
GR Napier,2009-2009,1,1,4,0,27,1,Jan-27,27,6.75,24,0,0,
,,,,,,,,,,,,,,
A Nel,2008-2008,1,1,3,0,31,1,Jan-31,31,10.33,18,0,0,
,,,,,,,,,,,,,,
AA Noffke,2008-2008,1,1,4,0,40,1,Jan-40,40,10,24,0,0,
,,,,,,,,,,,,,,
IC Porel,2021-2021,1,1,4,0,39,1,Jan-39,39,9.75,24,0,0,
,,,,,,,,,,,,,,
Romen Powell,2022-2025,28,2,3,0,35,1,Jan-18,35,11.66,18,0,0,
,,,,,,,,,,,,,,
Y Prithvi Raj,2019-2019,2,2,5,0,57,1,Jan-29,57,11.4,30,0,0,
,,,,,,,,,,,,,,
Ajinkya Rahane,2008-2025,195,1,1,0,5,1,01-May,5,5,6,0,0,
,,,,,,,,,,,,,,
Satyanarayana Raju,2025-2025,2,2,4,0,53,1,Jan-40,53,13.25,24,0,0,
,,,,,,,,,,,,,,
DB Ravi Teja,2008-2013,32,2,3,0,28,1,Jan-19,28,9.33,18,0,0,
,,,,,,,,,,,,,,
Sherfane Rutherford,2019-2025,18,6,6.5,0,59,1,01-Jun,59,8.63,41,0,0,
,,,,,,,,,,,,,,
D Salunkhe,2008-2008,6,5,8,0,78,1,Jan-21,78,9.75,48,0,0,
,,,,,,,,,,,,,,
GS Sandhu,2015-2015,3,2,8,0,82,1,Jan-33,82,10.25,48,0,0,
,,,,,,,,,,,,,,
SS Sarkar,2009-2009,2,2,4.1,0,34,1,Jan-15,34,8.16,25,0,0,
,,,,,,,,,,,,,,
PM Sarvesh Kumar,2008-2008,2,2,5,0,42,1,Jan-18,42,8.4,30,0,0,
,,,,,,,,,,,,,,
Shashank Singh,2022-2025,34,4,5,0,52,1,01-May,52,10.4,30,0,0,
,,,,,,,,,,,,,,
DJM Short,2018-2018,7,2,3,0,19,1,01-Oct,19,6.33,18,0,0,
,,,,,,,,,,,,,,
LMP Simmons,2014-2017,29,1,3,0,34,1,Jan-34,34,11.33,18,0,0,
,,,,,,,,,,,,,,
NB Singh,2017-2017,2,2,4,0,15,1,01-Jul,15,3.75,24,0,0,
,,,,,,,,,,,,,,
TP Sudhindra,2012-2012,3,3,11.4,0,136,1,Jan-46,136,11.65,70,0,0,
,,,,,,,,,,,,,,
MK Tiwary,2008-2018,98,6,7,0,83,1,01-Nov,83,11.85,42,0,0,
,,,,,,,,,,,,,,
S Vidyut,2008-2008,9,1,2,0,22,1,Jan-22,22,11,12,0,0,
,,,,,,,,,,,,,,
GH Vihari,2013-2019,24,6,7,0,47,1,01-May,47,6.71,42,0,0,
,,,,,,,,,,,,,,
V Viyaskanth,2024-2024,3,3,10,0,86,1,Jan-37,86,8.6,60,0,0,
,,,,,,,,,,,,,,
CL White,2008-2013,47,6,7,0,86,1,Jan-14,86,12.28,42,0,0,
,,,,,,,,,,,,,,
LB Williams,2024-2024,2,2,6,0,72,1,Jan-38,72,12,36,0,0,
,,,,,,,,,,,,,,
L Wood,2024-2024,2,2,6,0,93,1,Jan-68,93,15.5,36,0,0,
,,,,,,,,,,,,,,
Abdur Razzak,2008-2008,1,1,2,0,29,0,-,-,14.5,-,0,0,
,,,,,,,,,,,,,,
Aman Hakim Khan,2022-2023,12,1,1,0,13,0,-,-,13,-,0,0,
,,,,,,,,,,,,,,
RR Bhatkal,2012-2012,1,1,2,0,35,0,-,-,17.5,-,0,0,
,,,,,,,,,,,,,,
RR Bose,2009-2009,1,1,2,0,24,0,-,-,12,-,0,0,
,,,,,,,,,,,,,,
B Chipli,2008-2013,23,1,1,0,20,0,-,-,20,-,0,0,
,,,,,,,,,,,,,,
CJ Dala,2018-2018,1,1,3,0,34,0,-,-,11.33,-,0,0,
,,,,,,,,,,,,,,
A Dananjaya,2018-2018,1,1,4,0,47,0,-,-,11.75,-,0,0,
,,,,,,,,,,,,,,
Faf du Plessis,2012-2025,149,1,1,0,16,0,-,-,16,-,0,0,
,,,,,,,,,,,,,,
FY Fazal,2010-2011,12,2,2,0,20,0,-,-,10,-,0,0,
,,,,,,,,,,,,,,
C Ganapathy,2010-2010,1,1,1,0,13,0,-,-,13,-,0,0,
,,,,,,,,,,,,,,
RS Gavaskar,2010-2010,2,1,1,0,8,0,-,-,8,-,0,0,
,,,,,,,,,,,,,,
Y Gnaneswara Rao,2011-2011,2,1,1,0,7,0,-,-,7,-,0,0,
,,,,,,,,,,,,,,
K Goel,2008-2010,22,6,11,0,93,0,-,-,8.45,-,0,0,
,,,,,,,,,,,,,,
R Goyal,2023-2023,1,1,4,0,33,0,-,-,8.25,-,0,0,
,,,,,,,,,,,,,,
CJ Green,2020-2020,1,1,2.5,0,24,0,-,-,8.47,-,0,0,
,,,,,,,,,,,,,,
Gulbadin Naib,2024-2024,2,1,1,0,12,0,-,-,12,-,0,0,
,,,,,,,,,,,,,,
Sunny Gupta,2012-2012,1,1,3,0,47,0,-,-,15.66,-,0,0,
,,,,,,,,,,,,,,
Gurnoor Brar,2023-2023,1,1,3,0,42,0,-,-,14,-,0,0,
,,,,,,,,,,,,,,
DJ Harris,2012-2012,4,2,3,0,26,0,-,-,8.66,-,0,0,
,,,,,,,,,,,,,,
Ishan Kishan,2016-2025,114,1,0.1,0,4,0,-,-,24,-,0,0,
,,,,,,,,,,,,,,
Shreyas Iyer,2015-2025,125,1,1,0,7,0,-,-,7,-,0,0,
,,,,,,,,,,,,,,
Yashasvi Jaiswal,2020-2025,62,1,0.1,0,6,0,-,-,36,-,0,0,
,,,,,,,,,,,,,,
S Joseph,2024-2024,1,1,4,0,47,0,-,-,11.75,-,0,0,
,,,,,,,,,,,,,,
CK Kapugedera,2008-2008,5,3,2.5,0,49,0,-,-,17.29,-,0,0,
,,,,,,,,,,,,,,
Karim Janat,2025-2025,1,1,1,0,30,0,-,-,30,-,0,0,
,,,,,,,,,,,,,,
AA Kazi,2011-2011,1,1,2,0,21,0,-,-,10.5,-,0,0,
,,,,,,,,,,,,,,
SN Khan,2015-2023,49,1,0.2,0,6,0,-,-,18,-,0,0,
,,,,,,,,,,,,,,
NL McCullum,2011-2011,2,2,5,0,34,0,-,-,6.8,-,0,0,
,,,,,,,,,,,,,,
I Malhotra,2011-2011,1,1,1,0,23,0,-,-,23,-,0,0,
,,,,,,,,,,,,,,
Mandeep Singh,2010-2023,110,2,2,0,26,0,-,-,13,-,0,0,
,,,,,,,,,,,,,,
M Manhas,2008-2014,55,3,7,0,42,0,-,-,6,-,0,0,
,,,,,,,,,,,,,,
Mashrafe Mortaza,2009-2009,1,1,4,0,58,0,-,-,14.5,-,0,0,
,,,,,,,,,,,,,,
KR Mayers,2023-2023,12,6,7,0,59,0,-,-,8.42,-,0,0,
,,,,,,,,,,,,,,
S Midhun,2019-2019,1,1,2,0,27,0,-,-,13.5,-,0,0,
,,,,,,,,,,,,,,
Mohit Rathee,2023-2023,1,1,2,0,29,0,-,-,14.5,-,0,0,
,,,,,,,,,,,,,,
Monu Kumar,2020-2020,1,1,2,0,20,0,-,-,10,-,0,0,
,,,,,,,,,,,,,,
SZ Mulani,2024-2024,2,2,5,0,57,0,-,-,11.4,-,0,0,
,,,,,,,,,,,,,,
Waieen Mulder,2025-2025,1,1,1,0,16,0,-,-,16,-,0,0,
,,,,,,,,,,,,,,
C Munro,2016-2019,13,2,2,0,15,0,-,-,7.5,-,0,0,
,,,,,,,,,,,,,,
Naman Dhir,2024-2025,17,4,7.4,0,67,0,-,-,8.73,-,0,0,
,,,,,,,,,,,,,,
MG Neser,2013-2013,1,1,4,0,62,0,-,-,15.5,-,0,0,
,,,,,,,,,,,,,,
Jamie Overton,2025-2025,3,3,6,0,83,0,-,-,13.83,-,0,0,
,,,,,,,,,,,,,,
MB Parmar,2010-2010,1,1,3,0,33,0,-,-,11,-,0,0,
,,,,,,,,,,,,,,
RV Patel,2021-2023,9,1,3,0,22,0,-,-,7.33,-,0,0,
,,,,,,,,,,,,,,
AUK Pathan,2011-2012,8,3,6.3,0,63,0,-,-,9.69,-,0,0,
,,,,,,,,,,,,,,
P Prasanth,2011-2011,1,1,1,0,18,0,-,-,18,-,0,0,
,,,,,,,,,,,,,,
RW Price,2011-2011,1,1,3,0,33,0,-,-,11,-,0,0,
,,,,,,,,,,,,,,
S Rana,2011-2014,11,3,2.4,0,18,0,-,-,6.75,-,0,0,
,,,,,,,,,,,,,,
AS Raut,2009-2011,22,5,5,0,44,0,-,-,8.8,-,0,0,
,,,,,,,,,,,,,,
Rachin Ravindra,2024-2025,18,2,2,0,7,0,-,-,3.5,-,0,0,
,,,,,,,,,,,,,,
P Ray Barman,2019-2019,1,1,4,0,56,0,-,-,14,-,0,0,
,,,,,,,,,,,,,,
NJ Rimmington,2011-2011,1,1,3,0,19,0,-,-,6.33,-,0,0,
,,,,,,,,,,,,,,
KAJ Roach,2010-2010,2,2,8,0,80,0,-,-,10,-,0,0,
,,,,,,,,,,,,,,
BJ Rohrer,2013-2013,8,1,1,0,12,0,-,-,12,-,0,0,
,,,,,,,,,,,,,,
JE Root,2023-2023,3,1,2,0,14,0,-,-,7,-,0,0,
,,,,,,,,,,,,,,
R Sanjay Yadav,2022-2022,1,1,2,0,23,0,-,-,11.5,-,0,0,
,,,,,,,,,,,,,,
Jalaj S Saxena,2021-2021,1,1,3,0,27,0,-,-,9,-,0,0,
,,,,,,,,,,,,,,
Shahrukh Khan,2021-2025,49,2,2,0,15,0,-,-,7.5,-,0,0,
,,,,,,,,,,,,,,
RA Shaikh,2009-2009,1,1,1,0,11,0,-,-,11,-,0,0,
,,,,,,,,,,,,,,
H Sharma,2023-2024,2,2,5,0,57,0,-,-,11.4,-,0,0,
,,,,,,,,,,,,,,
MW Short,2023-2023,6,3,4,0,25,0,-,-,6.25,-,0,0,
,,,,,,,,,,,,,,
LPC Silva,2008-2008,3,1,1,0,21,0,-,-,21,-,0,0,
,,,,,,,,,,,,,,
SPD Smith,2012-2021,103,1,0.2,0,5,0,-,-,15,-,0,0,
,,,,,,,,,,,,,,
S Sriram,2010-2011,2,2,3,0,49,0,-,-,16.33,-,0,0,
,,,,,,,,,,,,,,
Sumit Kumar,2024-2024,4,2,3.2,0,38,0,-,-,11.4,-,0,0,
,,,,,,,,,,,,,,
Suryansh Shedge,2025-2025,5,1,3,0,40,0,-,-,13.33,-,0,0,
,,,,,,,,,,,,,,
MJ Suthar,2024-2024,1,1,2,0,26,0,-,-,13,-,0,0,
,,,,,,,,,,,,,,
A Taide,2023-2024,9,1,0.1,0,4,0,-,-,24,-,0,0,
,,,,,,,,,,,,,,
LRPL Taylor,2008-2014,55,2,2,0,24,0,-,-,12,-,0,0,
,,,,,,,,,,,,,,
Tejas Baroka,2017-2017,1,1,3.3,0,33,0,-,-,9.42,-,0,0,
,,,,,,,,,,,,,,
Sachin Tendulkar,2008-2013,78,4,6,0,58,0,-,-,9.66,-,0,0,
,,,,,,,,,,,,,,
Tilak Varma,2022-2025,48,4,3.4,0,28,0,-,-,7.63,-,0,0,
,,,,,,,,,,,,,,
Rahul Tripathi,2017-2025,100,1,1,0,12,0,-,-,12,-,0,0,
,,,,,,,,,,,,,,
K Upadhyay,2012-2013,3,3,9,0,81,0,-,-,9,-,0,0,
,,,,,,,,,,,,,,
M Vijay,2009-2020,106,4,6,0,49,0,-,-,8.16,-,0,0,
,,,,,,,,,,,,,,
Vivrant Sharma,2023-2023,3,2,3,0,37,0,-,-,12.33,-,0,0,
,,,,,,,,,,,,,,
AC Voges,2010-2010,9,7,9,0,76,0,-,-,8.44,-,0,0,
,,,,,,,,,,,,,,
Nehal Wadhera,2023-2025,29,2,2.5,0,22,0,-,-,7.76,-,0,0,
,,,,,,,,,,,,,,
David Warner,2009-2024,183,1,0.1,0,2,0,-,-,12,-,0,0,
,,,,,,,,,,,,,,
Kane Williamson,2015-2024,79,2,3,0,31,0,-,-,10.33,-,0,0,
,,,,,,,,,,,,,,
Suryakumar Yadav,2012-2025,160,1,1,0,8,0,-,-,8,-,0,0,
,,,,,,,,,,,,,,
VS Yeligati,2008-2008,2,2,5,0,59,0,-,-,11.8,-,0,0,
,,,,,,,,,,,,,,
AR Bawne,2017-2017,1,-,-,-,-,-,-,-,-,-,-,-,
,,,,,,,,,,,,,,
Abdul Basith,2023-2023,1,-,-,-,-,-,-,-,-,-,-,-,
,,,,,,,,,,,,,,
Abishek Porel,2023-2025,28,-,-,-,-,-,-,-,-,-,-,-,
,,,,,,,,,,,,,,
AD Nath,2016-2019,14,-,-,-,-,-,-,-,-,-,-,-,
,,,,,,,,,,,,,,
Mayank Agarwal,2011-2024,126,-,-,-,-,-,-,-,-,-,-,-,
,,,,,,,,,,,,,,
HM Amla,2016-2017,16,-,-,-,-,-,-,-,-,-,-,-,
,,,,,,,,,,,,,,
S Anirudha,2008-2014,20,-,-,-,-,-,-,-,-,-,-,-,
,,,,,,,,,,,,,,
Anirudh Singh,2010-2010,5,-,-,-,-,-,-,-,-,-,-,-,
,,,,,,,,,,,,,,
Anmolpreet Singh,2021-2024,9,-,-,-,-,-,-,-,-,-,-,-,
,,,,,,,,,,,,,,
Anuj Rawat,2021-2024,24,-,-,-,-,-,-,-,-,-,-,-,
,,,,,,,,,,,,,,
KB Arun Karthik,2010-2013,17,-,-,-,-,-,-,-,-,-,-,-,
,,,,,,,,,,,,,,
J Arunkumar,2008-2008,3,-,-,-,-,-,-,-,-,-,-,-,
,,,,,,,,,,,,,,
Priyansh Arya,2025-2025,10,-,-,-,-,-,-,-,-,-,-,-,
,,,,,,,,,,,,,,
SA Asnodkar,2008-2011,20,-,-,-,-,-,-,-,-,-,-,-,
,,,,,,,,,,,,,,
S Badrinath,2008-2013,94,-,-,-,-,-,-,-,-,-,-,-,
,,,,,,,,,,,,,,
GJ Bailey,2009-2016,40,-,-,-,-,-,-,-,-,-,-,-,
,,,,,,,,,,,,,,
JM Bairstow,2019-2024,50,-,-,-,-,-,-,-,-,-,-,-,
,,,,,,,,,,,,,,
T Banton,2020-2020,2,-,-,-,-,-,-,-,-,-,-,-,
,,,,,,,,,,,,,,
AB Barath,2010-2010,3,-,-,-,-,-,-,-,-,-,-,-,
,,,,,,,,,,,,,,
RA Bawa,2022-2025,3,-,-,-,-,-,-,-,-,-,-,-,
,,,,,,,,,,,,,,
F Behardien,2016-2016,3,-,-,-,-,-,-,-,-,-,-,-,
,,,,,,,,,,,,,,
JG Bethell,2025-2025,1,-,-,-,-,-,-,-,-,-,-,-,
,,,,,,,,,,,,,,
MS Bhandage,2025-2025,1,-,-,-,-,-,-,-,-,-,-,-,
,,,,,,,,,,,,,,
KS Bharat,2021-2022,10,-,-,-,-,-,-,-,-,-,-,-,
,,,,,,,,,,,,,,
RK Bhui,2018-2024,4,-,-,-,-,-,-,-,-,-,-,-,
,,,,,,,,,,,,,,
AA Bilakhia,2009-2010,7,-,-,-,-,-,-,-,-,-,-,-,
,,,,,,,,,,,,,,
SW Billings,2016-2022,30,-,-,-,-,-,-,-,-,-,-,-,
,,,,,,,,,,,,,,
UA Birla,2013-2013,2,-,-,-,-,-,-,-,-,-,-,-,
,,,,,,,,,,,,,,
TR Birt,2011-2011,5,-,-,-,-,-,-,-,-,-,-,-,
,,,,,,,,,,,,,,
Ravi Bishnoi,2009-2009,3,-,-,-,-,-,-,-,-,-,-,-,
,,,,,,,,,,,,,,
MS Bisla,2010-2015,39,-,-,-,-,-,-,-,-,-,-,-,
,,,,,,,,,,,,,,
AC Blizzard,2011-2012,7,-,-,-,-,-,-,-,-,-,-,-,
,,,,,,,,,,,,,,
MV Boucher,2008-2011,31,-,-,-,-,-,-,-,-,-,-,-,
,,,,,,,,,,,,,,
DM Bravo,2017-2017,1,-,-,-,-,-,-,-,-,-,-,-,
,,,,,,,,,,,,,,
HC Brook,2023-2023,11,-,-,-,-,-,-,-,-,-,-,-,
,,,,,,,,,,,,,,
Jos Buttler,2016-2025,116,-,-,-,-,-,-,-,-,-,-,-,
,,,,,,,,,,,,,,
AT Carey,2020-2020,3,-,-,-,-,-,-,-,-,-,-,-,
,,,,,,,,,,,,,,
UBT Chand,2011-2016,21,-,-,-,-,-,-,-,-,-,-,-,
,,,,,,,,,,,,,,
S Chanderpaul,2008-2008,3,-,-,-,-,-,-,-,-,-,-,-,
,,,,,,,,,,,,,,
SD Chauhan,2024-2024,3,-,-,-,-,-,-,-,-,-,-,-,
,,,,,,,,,,,,,,
A Chopra,2008-2009,7,-,-,-,-,-,-,-,-,-,-,-,
,,,,,,,,,,,,,,
P Chopra,2018-2019,2,-,-,-,-,-,-,-,-,-,-,-,
,,,,,,,,,,,,,,
DP Conway,2022-2025,26,-,-,-,-,-,-,-,-,-,-,-,
,,,,,,,,,,,,,,
DB Das,2008-2013,31,-,-,-,-,-,-,-,-,-,-,-,
,,,,,,,,,,,,,,
H Das,2008-2008,1,-,-,-,-,-,-,-,-,-,-,-,
,,,,,,,,,,,,,,
TH David,2021-2025,48,-,-,-,-,-,-,-,-,-,-,-,
,,,,,,,,,,,,,,
Quinton de Kock,2013-2025,114,-,-,-,-,-,-,-,-,-,-,-,
,,,,,,,,,,,,,,
JL Denly,2019-2019,1,-,-,-,-,-,-,-,-,-,-,-,
,,,,,,,,,,,,,,
KH Devdhar,2011-2011,1,-,-,-,-,-,-,-,-,-,-,-,
,,,,,,,,,,,,,,
AB de Villiers,2008-2021,182,-,-,-,-,-,-,-,-,-,-,-,
,,,,,,,,,,,,,,
P Dharmani,2008-2008,1,-,-,-,-,-,-,-,-,-,-,-,
,,,,,,,,,,,,,,
MS Dhoni,2008-2025,273,-,-,-,-,-,-,-,-,-,-,-,
,,,,,,,,,,,,,,
YV Dhull,2023-2023,4,-,-,-,-,-,-,-,-,-,-,-,
,,,,,,,,,,,,,,
P Dogra,2010-2013,13,-,-,-,-,-,-,-,-,-,-,-,
,,,,,,,,,,,,,,
R Dravid,2008-2013,89,-,-,-,-,-,-,-,-,-,-,-,
,,,,,,,,,,,,,,
SB Dubey,2024-2025,10,-,-,-,-,-,-,-,-,-,-,-,
,,,,,,,,,,,,,,
BR Dunk,2014-2014,3,-,-,-,-,-,-,-,-,-,-,-,
,,,,,,,,,,,,,,
ER Dwivedi,2016-2016,4,-,-,-,-,-,-,-,-,-,-,-,
,,,,,,,,,,,,,,
CJ Ferguson,2011-2012,9,-,-,-,-,-,-,-,-,-,-,-,
,,,,,,,,,,,,,,
D Ferreira,2024-2025,3,-,-,-,-,-,-,-,-,-,-,-,
,,,,,,,,,,,,,,
SP Fleming,2008-2008,10,-,-,-,-,-,-,-,-,-,-,-,
,,,,,,,,,,,,,,
J Fraser-McGurk,2024-2025,15,-,-,-,-,-,-,-,-,-,-,-,
,,,,,,,,,,,,,,
RD Gaikwad,2020-2025,71,-,-,-,-,-,-,-,-,-,-,-,
,,,,,,,,,,,,,,
Gautam Gambhir,2008-2018,154,-,-,-,-,-,-,-,-,-,-,-,
,,,,,,,,,,,,,,
PK Garg,2020-2023,23,-,-,-,-,-,-,-,-,-,-,-,
,,,,,,,,,,,,,,
CM Gautam,2013-2015,13,-,-,-,-,-,-,-,-,-,-,-,
,,,,,,,,,,,,,,
AN Ghosh,2009-2009,2,-,-,-,-,-,-,-,-,-,-,-,
,,,,,,,,,,,,,,
HH Gibbs,2008-2012,36,-,-,-,-,-,-,-,-,-,-,-,
,,,,,,,,,,,,,,
SP Goswami,2008-2020,31,-,-,-,-,-,-,-,-,-,-,-,
,,,,,,,,,,,,,,
MJ Guptill,2016-2019,13,-,-,-,-,-,-,-,-,-,-,-,
,,,,,,,,,,,,,,
BJ Haddin,2011-2011,1,-,-,-,-,-,-,-,-,-,-,-,
,,,,,,,,,,,,,,
AD Hales,2018-2018,6,-,-,-,-,-,-,-,-,-,-,-,
,,,,,,,,,,,,,,
PSP Handscomb,2016-2016,2,-,-,-,-,-,-,-,-,-,-,-,
,,,,,,,,,,,,,,
Harpreet Singh,2010-2024,9,-,-,-,-,-,-,-,-,-,-,-,
,,,,,,,,,,,,,,
ML Hayden,2008-2010,32,-,-,-,-,-,-,-,-,-,-,-,
,,,,,,,,,,,,,,
SO Hetmyer,2019-2025,82,-,-,-,-,-,-,-,-,-,-,-,
,,,,,,,,,,,,,,
Himmat Singh,2025-2025,1,-,-,-,-,-,-,-,-,-,-,-,
,,,,,,,,,,,,,,
SD Hope,2024-2024,9,-,-,-,-,-,-,-,-,-,-,-,
,,,,,,,,,,,,,,
MEK Hussey,2008-2015,59,-,-,-,-,-,-,-,-,-,-,-,
,,,,,,,,,,,,,,
B Indrajith,2022-2022,3,-,-,-,-,-,-,-,-,-,-,-,
,,,,,,,,,,,,,,
JP Inglis,2025-2025,5,-,-,-,-,-,-,-,-,-,-,-,
,,,,,,,,,,,,,,
CA Ingram,2011-2019,14,-,-,-,-,-,-,-,-,-,-,-,
,,,,,,,,,,,,,,
SP Jackson,2017-2022,9,-,-,-,-,-,-,-,-,-,-,-,
,,,,,,,,,,,,,,
DJ Jacobs,2011-2012,7,-,-,-,-,-,-,-,-,-,-,-,
,,,,,,,,,,,,,,
KM Jadhav,2010-2023,95,-,-,-,-,-,-,-,-,-,-,-,
,,,,,,,,,,,,,,
W Jaffer,2008-2009,8,-,-,-,-,-,-,-,-,-,-,-,
,,,,,,,,,,,,,,
N Jagadeesan,2020-2023,13,-,-,-,-,-,-,-,-,-,-,-,
,,,,,,,,,,,,,,
IR Jaggi,2011-2017,7,-,-,-,-,-,-,-,-,-,-,-,
,,,,,,,,,,,,,,
DPMD Jayawardene,2008-2013,80,-,-,-,-,-,-,-,-,-,-,-,
,,,,,,,,,,,,,,
MC Juneja,2013-2013,7,-,-,-,-,-,-,-,-,-,-,-,
,,,,,,,,,,,,,,
DC Jurel,2023-2025,37,-,-,-,-,-,-,-,-,-,-,-,
,,,,,,,,,,,,,,
M Kaif,2008-2012,29,-,-,-,-,-,-,-,-,-,-,-,
,,,,,,,,,,,,,,
Kamran Akmal,2008-2008,6,-,-,-,-,-,-,-,-,-,-,-,
,,,,,,,,,,,,,,
KD Karthik,2008-2024,256,-,-,-,-,-,-,-,-,-,-,-,
,,,,,,,,,,,,,,
SM Katich,2008-2009,11,-,-,-,-,-,-,-,-,-,-,-,
,,,,,,,,,,,,,,
U Kaul,2008-2008,5,-,-,-,-,-,-,-,-,-,-,-,
,,,,,,,,,,,,,,
UT Khawaja,2016-2016,6,-,-,-,-,-,-,-,-,-,-,-,
,,,,,,,,,,,,,,
H Klaasen,2018-2025,44,-,-,-,-,-,-,-,-,-,-,-,
,,,,,,,,,,,,,,
M Klinger,2011-2011,4,-,-,-,-,-,-,-,-,-,-,-,
,,,,,,,,,,,,,,
T Kohler-Cadmore,2024-2024,3,-,-,-,-,-,-,-,-,-,-,-,
,,,,,,,,,,,,,,
T Kohli,2008-2009,4,-,-,-,-,-,-,-,-,-,-,-,
,,,,,,,,,,,,,,
TK Kotian,2024-2024,1,-,-,-,-,-,-,-,-,-,-,-,
,,,,,,,,,,,,,,
AA Kulkarni,2024-2024,2,-,-,-,-,-,-,-,-,-,-,-,
,,,,,,,,,,,,,,
K Kushagra,2024-2024,4,-,-,-,-,-,-,-,-,-,-,-,
,,,,,,,,,,,,,,
SD Lad,2019-2019,1,-,-,-,-,-,-,-,-,-,-,-,
,,,,,,,,,,,,,,
VVS Laxman,2008-2011,20,-,-,-,-,-,-,-,-,-,-,-,
,,,,,,,,,,,,,,
DS Lehmann,2008-2008,2,-,-,-,-,-,-,-,-,-,-,-,
,,,,,,,,,,,,,,
RE Levi,2012-2012,6,-,-,-,-,-,-,-,-,-,-,-,
,,,,,,,,,,,,,,
E Lewis,2018-2022,27,-,-,-,-,-,-,-,-,-,-,-,
,,,,,,,,,,,,,,
Litton Das,2023-2023,1,-,-,-,-,-,-,-,-,-,-,-,
,,,,,,,,,,,,,,
MJ Lumb,2010-2011,12,-,-,-,-,-,-,-,-,-,-,-,
,,,,,,,,,,,,,,
CA Lynn,2012-2021,42,-,-,-,-,-,-,-,-,-,-,-,
,,,,,,,,,,,,,,
BB McCullum,2008-2018,109,-,-,-,-,-,-,-,-,-,-,-,
,,,,,,,,,,,,,,
C Madan,2010-2010,1,-,-,-,-,-,-,-,-,-,-,-,
,,,,,,,,,,,,,,
NJ Maddinson,2014-2015,3,-,-,-,-,-,-,-,-,-,-,-,
,,,,,,,,,,,,,,
AP Majumdar,2012-2012,4,-,-,-,-,-,-,-,-,-,-,-,
,,,,,,,,,,,,,,
DJ Malan,2021-2021,1,-,-,-,-,-,-,-,-,-,-,-,
,,,,,,,,,,,,,,
PN Mankad,2022-2023,6,-,-,-,-,-,-,-,-,-,-,-,
,,,,,,,,,,,,,,
A Manohar,2022-2025,24,-,-,-,-,-,-,-,-,-,-,-,
,,,,,,,,,,,,,,
SE Marsh,2008-2017,71,-,-,-,-,-,-,-,-,-,-,-,
,,,,,,,,,,,,,,
DR Martyn,2010-2010,1,-,-,-,-,-,-,-,-,-,-,-,
,,,,,,,,,,,,,,
A Mhatre,2025-2025,3,-,-,-,-,-,-,-,-,-,-,-,
,,,,,,,,,,,,,,
DA Miller,2012-2025,140,-,-,-,-,-,-,-,-,-,-,-,
,,,,,,,,,,,,,,
R Minz,2025-2025,2,-,-,-,-,-,-,-,-,-,-,-,
,,,,,,,,,,,,,,
Misbah-ul-Haq,2008-2008,8,-,-,-,-,-,-,-,-,-,-,-,
,,,,,,,,,,,,,,
MD Mishra,2010-2012,18,-,-,-,-,-,-,-,-,-,-,-,
,,,,,,,,,,,,,,
T Mishra,2012-2012,1,-,-,-,-,-,-,-,-,-,-,-,
,,,,,,,,,,,,,,
Mohammad Ashraful,2009-2009,1,-,-,-,-,-,-,-,-,-,-,-,
,,,,,,,,,,,,,,
EJG Morgan,2010-2021,83,-,-,-,-,-,-,-,-,-,-,-,
,,,,,,,,,,,,,,
A Mukund,2008-2013,3,-,-,-,-,-,-,-,-,-,-,-,
,,,,,,,,,,,,,,
NS Naik,2016-2020,4,-,-,-,-,-,-,-,-,-,-,-,
,,,,,,,,,,,,,,
KK Nair,2013-2025,82,-,-,-,-,-,-,-,-,-,-,-,
,,,,,,,,,,,,,,
Naman Ojha,2009-2018,112,-,-,-,-,-,-,-,-,-,-,-,
,,,,,,,,,,,,,,
D Padikkal,2020-2025,73,-,-,-,-,-,-,-,-,-,-,-,
,,,,,,,,,,,,,,
TD Paine,2011-2011,2,-,-,-,-,-,-,-,-,-,-,-,
,,,,,,,,,,,,,,
Manish Pandey,2008-2025,172,-,-,-,-,-,-,-,-,-,-,-,
,,,,,,,,,,,,,,
RR Pant,2016-2025,121,-,-,-,-,-,-,-,-,-,-,-,
,,,,,,,,,,,,,,
NK Patel,2008-2009,9,-,-,-,-,-,-,-,-,-,-,-,
,,,,,,,,,,,,,,
PA Patel,2008-2019,139,-,-,-,-,-,-,-,-,-,-,-,
,,,,,,,,,,,,,,
RM Patidar,2021-2025,37,-,-,-,-,-,-,-,-,-,-,-,
,,,,,,,,,,,,,,
DT Patil,2008-2008,2,-,-,-,-,-,-,-,-,-,-,-,
,,,,,,,,,,,,,,
AG Paunikar,2010-2011,5,-,-,-,-,-,-,-,-,-,-,-,
,,,,,,,,,,,,,,
RV Pawar,2008-2008,1,-,-,-,-,-,-,-,-,-,-,-,
,,,,,,,,,,,,,,
MDKJ Perera,2013-2013,2,-,-,-,-,-,-,-,-,-,-,-,
,,,,,,,,,,,,,,
JR Philippe,2020-2020,5,-,-,-,-,-,-,-,-,-,-,-,
,,,,,,,,,,,,,,
LA Pomersbach,2008-2013,17,-,-,-,-,-,-,-,-,-,-,-,
,,,,,,,,,,,,,,
RT Ponting,2008-2013,10,-,-,-,-,-,-,-,-,-,-,-,
,,,,,,,,,,,,,,
N Pooran,2019-2025,85,-,-,-,-,-,-,-,-,-,-,-,
,,,,,,,,,,,,,,
Prabhsimran Singh,2019-2025,44,-,-,-,-,-,-,-,-,-,-,-,
,,,,,,,,,,,,,,
SS Prabhudessai,2022-2024,11,-,-,-,-,-,-,-,-,-,-,-,
,,,,,,,,,,,,,,
CA Pujara,2010-2014,30,-,-,-,-,-,-,-,-,-,-,-,
,,,,,,,,,,,,,,
RJ Quiney,2009-2009,7,-,-,-,-,-,-,-,-,-,-,-,
,,,,,,,,,,,,,,
A Raghuvanshi,2024-2025,19,-,-,-,-,-,-,-,-,-,-,-,
,,,,,,,,,,,,,,
Rahmanullah Gurbaz,2023-2025,16,-,-,-,-,-,-,-,-,-,-,-,
,,,,,,,,,,,,,,
KL Rahul,2013-2025,141,-,-,-,-,-,-,-,-,-,-,-,
,,,,,,,,,,,,,,
PBB Rajapaksa,2022-2023,13,-,-,-,-,-,-,-,-,-,-,-,
,,,,,,,,,,,,,,
SK Rasheed,2025-2025,4,-,-,-,-,-,-,-,-,-,-,-,
,,,,,,,,,,,,,,
M Rawat,2008-2013,18,-,-,-,-,-,-,-,-,-,-,-,
,,,,,,,,,,,,,,
Ambati Rayudu,2010-2023,204,-,-,-,-,-,-,-,-,-,-,-,
,,,,,,,,,,,,,,
PA Reddy,2012-2013,12,-,-,-,-,-,-,-,-,-,-,-,
,,,,,,,,,,,,,,
RD Rickelton,2025-2025,10,-,-,-,-,-,-,-,-,-,-,-,
,,,,,,,,,,,,,,
L Ronchi,2008-2009,5,-,-,-,-,-,-,-,-,-,-,-,
,,,,,,,,,,,,,,
RR Rossouw,2014-2024,22,-,-,-,-,-,-,-,-,-,-,-,
,,,,,,,,,,,,,,
JJ Roy,2017-2023,21,-,-,-,-,-,-,-,-,-,-,-,
,,,,,,,,,,,,,,
WP Saha,2008-2024,169,-,-,-,-,-,-,-,-,-,-,-,
,,,,,,,,,,,,,,
N Saini,2012-2012,10,-,-,-,-,-,-,-,-,-,-,-,
,,,,,,,,,,,,,,
B Sai Sudharsan,2022-2025,34,-,-,-,-,-,-,-,-,-,-,-,
,,,,,,,,,,,,,,
Salman Butt,2008-2008,7,-,-,-,-,-,-,-,-,-,-,-,
,,,,,,,,,,,,,,
PD Salt,2023-2025,30,-,-,-,-,-,-,-,-,-,-,-,
,,,,,,,,,,,,,,
BB Samantray,2012-2013,9,-,-,-,-,-,-,-,-,-,-,-,
,,,,,,,,,,,,,,
Sameer Rizvi,2024-2025,10,-,-,-,-,-,-,-,-,-,-,-,
,,,,,,,,,,,,,,
Sanju Samson,2013-2025,174,-,-,-,-,-,-,-,-,-,-,-,
,,,,,,,,,,,,,,
KC Sangakkara,2008-2013,71,-,-,-,-,-,-,-,-,-,-,-,
,,,,,,,,,,,,,,
Sanvir Singh,2023-2024,6,-,-,-,-,-,-,-,-,-,-,-,
,,,,,,,,,,,,,,
RR Sarwan,2008-2008,4,-,-,-,-,-,-,-,-,-,-,-,
,,,,,,,,,,,,,,
TL Seifert,2021-2022,3,-,-,-,-,-,-,-,-,-,-,-,
,,,,,,,,,,,,,,
OA Shah,2010-2013,23,-,-,-,-,-,-,-,-,-,-,-,
,,,,,,,,,,,,,,
PR Shah,2008-2011,16,-,-,-,-,-,-,-,-,-,-,-,
,,,,,,,,,,,,,,
SS Shaikh,2009-2009,2,-,-,-,-,-,-,-,-,-,-,-,
,,,,,,,,,,,,,,
MD Shanaka,2023-2023,3,-,-,-,-,-,-,-,-,-,-,-,
,,,,,,,,,,,,,,
BR Sharath,2024-2024,1,-,-,-,-,-,-,-,-,-,-,-,
,,,,,,,,,,,,,,
AR Sharma,2024-2025,20,-,-,-,-,-,-,-,-,-,-,-,
,,,,,,,,,,,,,,
JM Sharma,2022-2025,50,-,-,-,-,-,-,-,-,-,-,-,
,,,,,,,,,,,,,,
KS Sharma,2022-2023,2,-,-,-,-,-,-,-,-,-,-,-,
,,,,,,,,,,,,,,
PP Shaw,2018-2024,79,-,-,-,-,-,-,-,-,-,-,-,
,,,,,,,,,,,,,,
Shivam Singh,2024-2024,1,-,-,-,-,-,-,-,-,-,-,-,
,,,,,,,,,,,,,,
DR Shorey,2018-2019,2,-,-,-,-,-,-,-,-,-,-,-,
,,,,,,,,,,,,,,
Shubman Gill,2018-2025,112,-,-,-,-,-,-,-,-,-,-,-,
,,,,,,,,,,,,,,
RK Singh,2018-2025,55,-,-,-,-,-,-,-,-,-,-,-,
,,,,,,,,,,,,,,
GC Smith,2008-2011,29,-,-,-,-,-,-,-,-,-,-,-,
,,,,,,,,,,,,,,
RS Sodhi,2010-2010,3,-,-,-,-,-,-,-,-,-,-,-,
,,,,,,,,,,,,,,
S Sohal,2008-2011,22,-,-,-,-,-,-,-,-,-,-,-,
,,,,,,,,,,,,,,
TM Srivastava,2008-2009,7,-,-,-,-,-,-,-,-,-,-,-,
,,,,,,,,,,,,,,
B Sumanth,2010-2010,5,-,-,-,-,-,-,-,-,-,-,-,
,,,,,,,,,,,,,,
Sunny Singh,2011-2011,6,-,-,-,-,-,-,-,-,-,-,-,
,,,,,,,,,,,,,,
V Suryavanshi,2025-2025,3,-,-,-,-,-,-,-,-,-,-,-,
,,,,,,,,,,,,,,
T Taibu,2008-2008,3,-,-,-,-,-,-,-,-,-,-,-,
,,,,,,,,,,,,,,
YV Takawale,2008-2014,16,-,-,-,-,-,-,-,-,-,-,-,
,,,,,,,,,,,,,,
AP Tare,2010-2017,35,-,-,-,-,-,-,-,-,-,-,-,
,,,,,,,,,,,,,,
X Thalaivan Sargunam,2013-2013,1,-,-,-,-,-,-,-,-,-,-,-,
,,,,,,,,,,,,,,
SS Tiwary,2008-2021,92,-,-,-,-,-,-,-,-,-,-,-,
,,,,,,,,,,,,,,
A Tomar,2022-2022,1,-,-,-,-,-,-,-,-,-,-,-,
,,,,,,,,,,,,,,
AJ Turner,2019-2024,6,-,-,-,-,-,-,-,-,-,-,-,
,,,,,,,,,,,,,,
RV Uthappa,2008-2022,205,-,-,-,-,-,-,-,-,-,-,-,
,,,,,,,,,,,,,,
HE van der Dussen,2022-2022,3,-,-,-,-,-,-,-,-,-,-,-,
,,,,,,,,,,,,,,
MN van Wyk,2009-2009,5,-,-,-,-,-,-,-,-,-,-,-,
,,,,,,,,,,,,,,
AU Verma,2025-2025,9,-,-,-,-,-,-,-,-,-,-,-,
,,,,,,,,,,,,,,
Virat Singh,2021-2021,3,-,-,-,-,-,-,-,-,-,-,-,
,,,,,,,,,,,,,,
Vishnu Vinod,2017-2023,6,-,-,-,-,-,-,-,-,-,-,-,
,,,,,,,,,,,,,,
M Vohra,2013-2022,55,-,-,-,-,-,-,-,-,-,-,-,
,,,,,,,,,,,,,,
MS Wade,2011-2024,14,-,-,-,-,-,-,-,-,-,-,-,
,,,,,,,,,,,,,,
AS Yadav,2008-2008,8,-,-,-,-,-,-,-,-,-,-,-,
,,,,,,,,,,,,,,
DH Yagnik,2011-2014,25,-,-,-,-,-,-,-,-,-,-,-,
,,,,,,,,,,,,,,
Yashpal Singh,2009-2009,8,-,-,-,-,-,-,-,-,-,-,-,
,,,,,,,,,,,,,,
Younis Khan,2008-2008,1,-,-,-,-,-,-,-,-,-,-,-,
,,,,,,,,,,,,,,
VH Zol,2014-2014,3,-,-,-,-,-,-,-,-,-,-,-,
