Player,Span,Mat,Inns,Overs,Mdns,Runs,Wkts,BBI,Ave,Econ,SR,4,5,
YS Chahal,2013-2025,169,168,615.5,4,4876,218,5/40,22.36,7.91,16.9,8,1,
"(Mumbai Indians, Punjab Kings, Rajasthan Royals, Royal Challengers Bangalore)",,,,,,,,,,,,,,
B Kumar,2011-2025,185,185,685.4,14,5213,193,5/19,27.01,7.60,21.3,2,2,
"(Pune Warriors, Royal Challengers Bengaluru, Sunrisers Hyderabad)",,,,,,,,,,,,,,
PP Chawla,2008-2024,192,191,641.4,2,5108,192,4/17,26.60,7.96,20.0,2,0,
"(Chennai Super Kings, Kings XI Punjab, Kolkata Knight Riders, Mumbai Indians)",,,,,,,,,,,,,,
SP Narine,2012-2025,185,184,712.1,3,4825,190,5/19,25.39,6.77,22.4,7,1,
(Kolkata Knight Riders),,,,,,,,,,,,,,
R Ashwin,2009-2025,217,215,778.0,4,5592,185,4/34,30.22,7.18,25.2,1,0,
"(Chennai Super Kings, Delhi Capitals, Kings XI Punjab, Rajasthan Royals, Rising Pune Supergiants)",,,,,,,,,,,,,,
DJ Bravo,2008-2022,160,158,519.5,3,4360,183,4/22,23.82,8.38,17.0,2,0,
"(Chennai Super Kings, Gujarat Lions, Mumbai Indians)",,,,,,,,,,,,,,
JJ Bumrah,2013-2025,139,139,532.5,8,3895,174,5/10,22.38,7.30,18.3,3,2,
(Mumbai Indians),,,,,,,,,,,,,,
A Mishra,2008-2024,162,162,561.5,6,4145,174,5/17,23.82,7.37,19.3,4,1,
"(Deccan Chargers, Delhi Capitals, Delhi Daredevils, Lucknow Super Giants, Sunrisers Hyderabad)",,,,,,,,,,,,,,
SL Malinga,2009-2019,122,122,471.1,8,3365,170,5/13,19.79,7.14,16.6,6,1,
(Mumbai Indians),,,,,,,,,,,,,,
RA Jadeja,2008-2025,249,221,664.0,2,5084,167,5/16,30.44,7.65,23.8,3,1,
"(Chennai Super Kings, Gujarat Lions, Kochi Tuskers Kerala, Rajasthan Royals)",,,,,,,,,,,,,,
Rashid Khan,2017-2025,130,130,510.3,4,3554,156,4/24,22.78,6.96,19.6,2,0,
"(Gujarat Titans, Sunrisers Hyderabad)",,,,,,,,,,,,,,
Harbhajan Singh,2008-2021,163,160,569.2,6,4030,150,5/18,26.86,7.07,22.7,1,1,
"(Chennai Super Kings, Kolkata Knight Riders, Mumbai Indians)",,,,,,,,,,,,,,
HV Patel,2012-2025,112,111,387.1,2,3393,148,5/27,22.92,8.76,15.6,4,1,
"(Delhi Capitals, Delhi Daredevils, Punjab Kings, Royal Challengers Bangalore, Sunrisers Hyderabad)",,,,,,,,,,,,,,
Sandeep Sharma,2013-2025,136,136,506.5,8,4070,146,5/18,27.87,8.03,20.8,2,1,
"(Kings XI Punjab, Punjab Kings, Rajasthan Royals, Sunrisers Hyderabad)",,,,,,,,,,,,,,
UT Yadav,2010-2024,147,147,508.2,5,4317,144,4/23,29.97,8.49,21.1,3,0,
"(Delhi Daredevils, Gujarat Titans, Kolkata Knight Riders, Royal Challengers Bangalore)",,,,,,,,,,,,,,
TA Boult,2015-2025,113,113,425.3,11,3538,134,4/18,26.40,8.31,19.0,2,0,
"(Delhi Capitals, Delhi Daredevils, Kolkata Knight Riders, Mumbai Indians, Rajasthan Royals, Sunrisers Hyderabad)",,,,,,,,,,,,,,
MM Sharma,2013-2025,119,118,396.3,0,3466,134,5/10,25.86,8.74,17.7,3,1,
"(Chennai Super Kings, Delhi Capitals, Gujarat Titans, Kings XI Punjab)",,,,,,,,,,,,,,
Mohammed Shami,2013-2025,118,118,431.2,3,3701,133,4/11,27.82,8.58,19.4,2,0,
"(Delhi Daredevils, Gujarat Titans, Kings XI Punjab, Kolkata Knight Riders, Punjab Kings, Sunrisers Hyderabad)",,,,,,,,,,,,,,
AR Patel,2014-2025,160,158,547.3,2,4011,128,4/21,31.33,7.32,25.6,1,0,
"(Delhi Capitals, Kings XI Punjab)",,,,,,,,,,,,,,
AD Russell,2012-2025,136,118,295.2,0,2796,123,5/15,22.73,9.46,14.4,2,1,
"(Delhi Daredevils, Kolkata Knight Riders)",,,,,,,,,,,,,,
K Rabada,2017-2025,82,82,311.0,2,2653,119,4/21,22.29,8.53,15.6,6,0,
"(Delhi Capitals, Delhi Daredevils, Gujarat Titans, Punjab Kings)",,,,,,,,,,,,,,
A Nehra,2008-2017,88,88,318.0,2,2495,106,4/10,23.53,7.84,18.0,1,0,
"(Chennai Super Kings, Delhi Daredevils, Mumbai Indians, Pune Warriors, Sunrisers Hyderabad)",,,,,,,,,,,,,,
SN Thakur,2015-2025,104,101,341.0,3,3205,106,4/34,30.23,9.39,19.3,2,0,
"(Chennai Super Kings, Delhi Capitals, Kings XI Punjab, Kolkata Knight Riders, Lucknow Super Giants, Rising Pune Supergiant)",,,,,,,,,,,,,,
Mohammed Siraj,2017-2025,102,102,360.2,4,3129,105,4/17,29.80,8.68,20.5,3,0,
"(Gujarat Titans, Royal Challengers Bangalore, Royal Challengers Bengaluru, Sunrisers Hyderabad)",,,,,,,,,,,,,,
R Vinay Kumar,2008-2018,104,104,353.4,1,2966,105,4/40,28.24,8.38,20.2,1,0,
"(Kochi Tuskers Kerala, Kolkata Knight Riders, Mumbai Indians, Royal Challengers Bangalore)",,,,,,,,,,,,,,
Z Khan,2008-2017,99,99,366.4,5,2782,102,4/17,27.27,7.58,21.5,1,0,
"(Delhi Daredevils, Mumbai Indians, Royal Challengers Bangalore)",,,,,,,,,,,,,,
JD Unadkat,2010-2025,108,107,363.0,3,3251,102,5/25,31.87,8.95,21.3,0,2,
"(Delhi Daredevils, Kolkata Knight Riders, Lucknow Super Giants, Mumbai Indians, Rajasthan Royals, Rising Pune Supergiant, Royal Challengers Bangalore, Sunrisers Hyderabad)",,,,,,,,,,,,,,
Kuldeep Yadav,2016-2025,94,92,330.0,1,2651,99,4/14,26.77,8.03,20.0,4,0,
"(Delhi Capitals, Kolkata Knight Riders)",,,,,,,,,,,,,,
DW Steyn,2008-2020,95,95,362.4,7,2508,97,3/8,25.85,6.91,22.4,0,0,
"(Deccan Chargers, Gujarat Lions, Royal Challengers Bangalore, Sunrisers Hyderabad)",,,,,,,,,,,,,,
CV Varun,2019-2025,80,80,303.4,1,2281,96,5/20,23.76,7.51,18.9,1,1,
"(Kings XI Punjab, Kolkata Knight Riders)",,,,,,,,,,,,,,
CH Morris,2013-2021,81,81,286.4,1,2295,95,4/23,24.15,8.00,18.1,4,0,
"(Chennai Super Kings, Delhi Capitals, Delhi Daredevils, Rajasthan Royals, Royal Challengers Bangalore)",,,,,,,,,,,,,,
I Sharma,2008-2025,116,116,399.5,6,3342,95,5/12,35.17,8.35,25.2,0,1,
"(Deccan Chargers, Delhi Capitals, Gujarat Titans, Kings XI Punjab, Kolkata Knight Riders, Rising Pune Supergiants, Sunrisers Hyderabad)",,,,,,,,,,,,,,
SR Watson,2008-2020,145,105,338.1,3,2682,92,4/29,29.15,7.93,22.0,1,0,
"(Chennai Super Kings, Rajasthan Royals, Royal Challengers Bangalore)",,,,,,,,,,,,,,
P Kumar,2008-2017,119,119,420.4,14,3251,90,3/18,36.12,7.72,28.0,0,0,
"(Gujarat Lions, Kings XI Punjab, Mumbai Indians, Royal Challengers Bangalore, Sunrisers Hyderabad)",,,,,,,,,,,,,,
RP Singh,2008-2016,82,82,295.5,2,2338,90,4/22,25.97,7.90,19.7,2,0,
"(Deccan Chargers, Kochi Tuskers Kerala, Mumbai Indians, Rising Pune Supergiants, Royal Challengers Bangalore)",,,,,,,,,,,,,,
Arshdeep Singh,2019-2025,75,74,259.4,2,2327,89,5/32,26.14,8.96,17.5,2,1,
"(Kings XI Punjab, Punjab Kings)",,,,,,,,,,,,,,
PP Ojha,2008-2015,92,90,316.3,1,2332,89,3/11,26.20,7.36,21.3,0,0,
"(Deccan Chargers, Mumbai Indians)",,,,,,,,,,,,,,
KH Pandya,2016-2025,136,127,385.4,1,2882,89,4/45,32.38,7.47,26.0,1,0,
"(Lucknow Super Giants, Mumbai Indians, Royal Challengers Bengaluru)",,,,,,,,,,,,,,
KK Ahmed,2018-2025,67,67,248.2,4,2197,88,3/21,24.96,8.84,16.9,0,0,
"(Chennai Super Kings, Delhi Capitals, Sunrisers Hyderabad)",,,,,,,,,,,,,,
DS Kulkarni,2008-2021,92,92,297.5,8,2474,86,4/14,28.76,8.30,20.7,1,0,
"(Gujarat Lions, Mumbai Indians, Rajasthan Royals)",,,,,,,,,,,,,,
DL Chahar,2016-2025,91,91,308.1,6,2502,85,4/13,29.43,8.11,21.7,2,0,
"(Chennai Super Kings, Mumbai Indians, Rising Pune Supergiant, Rising Pune Supergiants)",,,,,,,,,,,,,,
JA Morkel,2008-2016,90,87,287.1,3,2355,85,4/32,27.70,8.20,20.2,1,0,
"(Chennai Super Kings, Delhi Daredevils, Rising Pune Supergiants, Royal Challengers Bangalore)",,,,,,,,,,,,,,
Avesh Khan,2017-2025,71,71,256.0,1,2296,84,4/24,27.33,8.96,18.2,1,0,
"(Delhi Capitals, Delhi Daredevils, Lucknow Super Giants, Rajasthan Royals, Royal Challengers Bangalore)",,,,,,,,,,,,,,
Imran Tahir,2014-2021,59,59,219.2,1,1703,82,4/12,20.76,7.76,16.0,3,0,
"(Chennai Super Kings, Delhi Daredevils, Rising Pune Supergiant)",,,,,,,,,,,,,,
IK Pathan,2008-2017,102,101,340.3,10,2649,80,3/24,33.11,7.77,25.5,0,0,
"(Delhi Daredevils, Gujarat Lions, Kings XI Punjab, Rising Pune Supergiants, Sunrisers Hyderabad)",,,,,,,,,,,,,,
KV Sharma,2009-2025,87,84,255.1,1,2148,79,4/16,27.18,8.41,19.3,2,0,
"(Chennai Super Kings, Mumbai Indians, Royal Challengers Bangalore, Royal Challengers Bengaluru, Sunrisers Hyderabad)",,,,,,,,,,,,,,
M Morkel,2009-2016,70,70,271.3,3,2089,77,4/20,27.12,7.69,21.1,1,0,
"(Delhi Daredevils, Kolkata Knight Riders, Rajasthan Royals)",,,,,,,,,,,,,,
L Balaji,2008-2014,73,73,252.1,2,2028,76,5/24,26.68,8.04,19.9,3,1,
"(Chennai Super Kings, Kings XI Punjab, Kolkata Knight Riders)",,,,,,,,,,,,,,
HH Pandya,2015-2025,146,102,262.2,0,2387,76,5/36,31.40,9.09,20.7,0,1,
"(Gujarat Titans, Mumbai Indians)",,,,,,,,,,,,,,
RD Chahar,2017-2025,79,78,278.2,1,2150,75,4/27,28.66,7.72,22.2,1,0,
"(Mumbai Indians, Punjab Kings, Rising Pune Supergiant, Sunrisers Hyderabad)",,,,,,,,,,,,,,
MM Patel,2008-2017,63,63,225.5,5,1698,74,5/21,22.94,7.51,18.3,2,1,
"(Gujarat Lions, Mumbai Indians, Rajasthan Royals)",,,,,,,,,,,,,,
PJ Cummins,2014-2025,67,67,251.3,2,2227,72,4/34,30.93,8.85,20.9,1,0,
"(Delhi Daredevils, Kolkata Knight Riders, Sunrisers Hyderabad)",,,,,,,,,,,,,,
Ravi Bishnoi,2020-2025,75,75,271.1,1,2211,72,3/24,30.70,8.15,22.5,0,0,
"(Kings XI Punjab, Lucknow Super Giants, Punjab Kings)",,,,,,,,,,,,,,
R Bhatia,2008-2017,95,91,272.4,1,2020,71,4/15,28.45,7.40,23.0,1,0,
"(Delhi Daredevils, Kolkata Knight Riders, Rajasthan Royals, Rising Pune Supergiant, Rising Pune Supergiants)",,,,,,,,,,,,,,
MJ McClenaghan,2015-2019,56,56,212.2,1,1803,71,4/21,25.39,8.49,17.9,1,0,
(Mumbai Indians),,,,,,,,,,,,,,
AB Dinda,2008-2017,77,75,252.4,3,2073,69,4/18,30.04,8.20,21.9,1,0,
"(Delhi Daredevils, Kolkata Knight Riders, Pune Warriors, Rising Pune Supergiant, Rising Pune Supergiants, Royal Challengers Bangalore)",,,,,,,,,,,,,,
KA Pollard,2010-2022,189,107,248.0,0,2180,69,4/44,31.59,8.79,21.5,1,0,
(Mumbai Indians),,,,,,,,,,,,,,
T Natarajan,2017-2024,61,61,222.5,2,1969,67,4/19,29.38,8.83,19.9,1,0,
"(Kings XI Punjab, Sunrisers Hyderabad)",,,,,,,,,,,,,,
M Prasidh Krishna,2018-2025,60,60,225.5,3,1976,66,4/30,29.93,8.74,20.5,2,0,
"(Gujarat Titans, Kolkata Knight Riders, Rajasthan Royals)",,,,,,,,,,,,,,
JH Kallis,2008-2014,98,89,290.2,3,2293,65,3/13,35.27,7.89,26.8,0,0,
"(Kolkata Knight Riders, Royal Challengers Bangalore)",,,,,,,,,,,,,,
MA Starc,2014-2025,49,49,174.3,1,1503,65,5/35,23.12,8.61,16.1,2,1,
"(Delhi Capitals, Kolkata Knight Riders, Royal Challengers Bangalore)",,,,,,,,,,,,,,
SK Trivedi,2008-2013,76,75,251.0,2,1904,65,4/25,29.29,7.58,23.1,1,0,
(Rajasthan Royals),,,,,,,,,,,,,,
M Muralidaran,2008-2014,66,66,254.0,1,1696,63,3/11,26.92,6.67,24.1,0,0,
"(Chennai Super Kings, Kochi Tuskers Kerala, Royal Challengers Bangalore)",,,,,,,,,,,,,,
Shakib Al Hasan,2011-2021,71,70,247.2,1,1839,63,3/17,29.19,7.43,23.5,0,0,
"(Kolkata Knight Riders, Sunrisers Hyderabad)",,,,,,,,,,,,,,
MG Johnson,2013-2018,54,54,205.2,2,1702,61,3/26,27.90,8.28,20.1,0,0,
"(Kings XI Punjab, Kolkata Knight Riders, Mumbai Indians)",,,,,,,,,,,,,,
Mustafizur Rahman,2016-2024,57,57,216.2,2,1762,61,4/29,28.88,8.14,21.2,1,0,
"(Chennai Super Kings, Delhi Capitals, Mumbai Indians, Rajasthan Royals, Sunrisers Hyderabad)",,,,,,,,,,,,,,
A Nortje,2020-2025,47,47,178.4,1,1597,61,3/33,26.18,8.93,17.5,0,0,
"(Delhi Capitals, Kolkata Knight Riders)",,,,,,,,,,,,,,
JP Faulkner,2011-2017,60,60,204.3,4,1778,59,5/16,30.13,8.69,20.7,0,2,
"(Gujarat Lions, Kings XI Punjab, Pune Warriors, Rajasthan Royals)",,,,,,,,,,,,,,
JC Archer,2018-2025,50,50,195.0,3,1530,58,3/15,26.37,7.84,20.1,0,0,
"(Mumbai Indians, Rajasthan Royals)",,,,,,,,,,,,,,
SM Curran,2019-2025,63,62,205.5,0,1999,58,4/11,34.46,9.71,21.2,1,0,
"(Chennai Super Kings, Kings XI Punjab, Punjab Kings)",,,,,,,,,,,,,,
S Kaul,2013-2022,55,55,201.3,3,1739,58,4/29,29.98,8.63,20.8,1,0,
"(Delhi Daredevils, Royal Challengers Bangalore, Sunrisers Hyderabad)",,,,,,,,,,,,,,
SK Warne,2008-2011,55,54,199.0,1,1447,57,4/21,25.38,7.27,20.9,1,0,
(Rajasthan Royals),,,,,,,,,,,,,,
JR Hazlewood,2020-2025,37,37,137.2,1,1121,53,4/25,21.15,8.16,15.5,2,0,
"(Chennai Super Kings, Royal Challengers Bangalore, Royal Challengers Bengaluru)",,,,,,,,,,,,,,
JO Holder,2013-2023,46,46,165.5,0,1461,53,4/52,27.56,8.81,18.7,1,0,
"(Chennai Super Kings, Kolkata Knight Riders, Lucknow Super Giants, Rajasthan Royals, Sunrisers Hyderabad)",,,,,,,,,,,,,,
S Gopal,2014-2024,52,51,165.1,1,1349,52,4/16,25.94,8.16,19.0,1,0,
"(Mumbai Indians, Rajasthan Royals, Sunrisers Hyderabad)",,,,,,,,,,,,,,
LH Ferguson,2017-2025,49,49,170.3,1,1530,51,4/28,30.00,8.97,20.0,1,0,
"(Gujarat Titans, Kolkata Knight Riders, Punjab Kings, Rising Pune Supergiant, Royal Challengers Bengaluru)",,,,,,,,,,,,,,
NM Coulter-Nile,2013-2022,39,38,142.5,1,1100,48,4/14,22.91,7.70,17.8,2,0,
"(Delhi Daredevils, Kolkata Knight Riders, Mumbai Indians, Rajasthan Royals)",,,,,,,,,,,,,,
TU Deshpande,2020-2025,44,44,152.5,0,1513,48,4/27,31.52,9.89,19.1,1,0,
"(Chennai Super Kings, Delhi Capitals, Rajasthan Royals)",,,,,,,,,,,,,,
S Nadeem,2011-2021,72,70,235.5,2,1784,48,3/16,37.16,7.56,29.4,0,0,
"(Delhi Daredevils, Sunrisers Hyderabad)",,,,,,,,,,,,,,
SB Jakati,2009-2017,59,57,180.5,1,1451,47,4/22,30.87,8.02,23.0,2,0,
"(Chennai Super Kings, Gujarat Lions, Royal Challengers Bangalore)",,,,,,,,,,,,,,
TG Southee,2011-2023,54,54,201.0,2,1742,47,3/20,37.06,8.66,25.6,0,0,
"(Chennai Super Kings, Kolkata Knight Riders, Mumbai Indians, Rajasthan Royals, Royal Challengers Bangalore)",,,,,,,,,,,,,,
S Aravind,2011-2017,38,38,126.4,0,1039,45,4/14,23.08,8.20,16.8,2,0,
(Royal Challengers Bangalore),,,,,,,,,,,,,,
RJ Harris,2009-2013,37,37,138.4,3,1047,45,4/34,23.26,7.55,18.4,1,0,
"(Deccan Chargers, Kings XI Punjab)",,,,,,,,,,,,,,
PW Hasaranga,2021-2025,34,34,122.0,1,1024,45,5/18,22.75,8.39,16.2,2,1,
"(Rajasthan Royals, Royal Challengers Bangalore)",,,,,,,,,,,,,,
A Kumble,2008-2010,42,42,160.5,1,1058,45,5/5,23.51,6.57,21.4,2,1,
(Royal Challengers Bangalore),,,,,,,,,,,,,,
VR Aaron,2011-2022,50,50,165.4,2,1481,44,3/16,33.65,8.93,22.5,0,0,
"(Delhi Daredevils, Gujarat Titans, Kings XI Punjab, Rajasthan Royals, Royal Challengers Bangalore)",,,,,,,,,,,,,,
M Pathirana,2022-2025,28,28,103.5,0,890,43,4/28,20.69,8.57,14.4,1,0,
(Chennai Super Kings),,,,,,,,,,,,,,
MP Stoinis,2016-2025,102,68,144.3,0,1397,43,4/15,32.48,9.66,20.1,1,0,
"(Delhi Capitals, Kings XI Punjab, Lucknow Super Giants, Punjab Kings, Royal Challengers Bangalore)",,,,,,,,,,,,,,
MC Henriques,2009-2021,62,60,158.2,0,1289,42,3/12,30.69,8.14,22.6,0,0,
"(Delhi Daredevils, Kolkata Knight Riders, Punjab Kings, Royal Challengers Bangalore, Sunrisers Hyderabad)",,,,,,,,,,,,,,
YK Pathan,2008-2019,174,82,191.1,1,1415,42,3/20,33.69,7.40,27.3,0,0,
"(Kolkata Knight Riders, Rajasthan Royals, Sunrisers Hyderabad)",,,,,,,,,,,,,,
AJ Tye,2017-2022,30,30,114.0,0,979,42,5/17,23.30,8.58,16.2,3,1,
"(Gujarat Lions, Kings XI Punjab, Lucknow Super Giants, Rajasthan Royals)",,,,,,,,,,,,,,
GJ Maxwell,2012-2025,141,85,170.2,1,1413,41,2/15,34.46,8.29,24.9,0,0,
"(Delhi Daredevils, Kings XI Punjab, Mumbai Indians, Punjab Kings, Royal Challengers Bangalore, Royal Challengers Bengaluru)",,,,,,,,,,,,,,
Iqbal Abdulla,2008-2017,49,48,153.2,1,1109,40,3/24,27.72,7.23,23.0,0,0,
"(Kolkata Knight Riders, Rajasthan Royals, Royal Challengers Bangalore)",,,,,,,,,,,,,,
R Sharma,2010-2014,44,44,154.4,1,1086,40,3/13,27.15,7.02,23.2,0,0,
"(Deccan Chargers, Delhi Daredevils, Pune Warriors)",,,,,,,,,,,,,,
S Sreesanth,2008-2013,44,44,146.4,4,1190,40,3/29,29.75,8.11,22.0,0,0,
"(Kings XI Punjab, Kochi Tuskers Kerala, Rajasthan Royals)",,,,,,,,,,,,,,
P Awana,2012-2014,33,33,124.3,2,1029,39,4/34,26.38,8.26,19.1,1,0,
(Kings XI Punjab),,,,,,,,,,,,,,
Noor Ahmad,2023-2025,33,33,117.0,0,947,39,4/18,24.28,8.09,18.0,1,0,
"(Chennai Super Kings, Gujarat Titans)",,,,,,,,,,,,,,
Washington Sundar,2017-2025,64,61,184.3,1,1423,39,3/16,36.48,7.71,28.3,0,0,
"(Gujarat Titans, Rising Pune Supergiant, Royal Challengers Bangalore, Sunrisers Hyderabad)",,,,,,,,,,,,,,
MM Ali,2018-2025,71,55,137.2,1,963,38,4/26,25.34,7.01,21.6,1,0,
"(Chennai Super Kings, Kolkata Knight Riders, Royal Challengers Bangalore)",,,,,,,,,,,,,,
DT Christian,2011-2021,49,49,147.1,0,1192,38,2/10,31.36,8.09,23.2,0,0,
"(Deccan Chargers, Delhi Daredevils, Rising Pune Supergiant, Royal Challengers Bangalore)",,,,,,,,,,,,,,
PJ Sangwan,2008-2022,42,42,142.4,1,1240,38,3/18,32.63,8.69,22.5,0,0,
"(Delhi Daredevils, Gujarat Lions, Gujarat Titans, Kolkata Knight Riders, Mumbai Indians)",,,,,,,,,,,,,,
DE Bollinger,2010-2012,27,27,96.0,3,693,37,4/13,18.72,7.21,15.5,1,0,
(Chennai Super Kings),,,,,,,,,,,,,,
MS Gony,2008-2017,44,44,148.0,3,1287,37,3/31,34.78,8.69,24.0,0,0,
"(Chennai Super Kings, Deccan Chargers, Gujarat Lions, Kings XI Punjab)",,,,,,,,,,,,,,
M Markande,2018-2024,37,37,120.0,0,1069,37,4/15,28.89,8.90,19.4,2,0,
"(Mumbai Indians, Rajasthan Royals, Sunrisers Hyderabad)",,,,,,,,,,,,,,
MR Marsh,2010-2025,51,34,93.2,1,795,37,4/25,21.48,8.51,15.1,2,0,
"(Deccan Chargers, Delhi Capitals, Lucknow Super Giants, Pune Warriors, Rising Pune Supergiants, Sunrisers Hyderabad)",,,,,,,,,,,,,,
Yash Dayal,2022-2025,38,38,128.1,0,1225,37,3/20,33.10,9.55,20.7,0,0,
"(Gujarat Titans, Royal Challengers Bengaluru)",,,,,,,,,,,,,,
Harshit Rana,2022-2025,30,29,97.1,1,905,36,3/24,25.13,9.31,16.1,0,0,
(Kolkata Knight Riders),,,,,,,,,,,,,,
Yuvraj Singh,2008-2019,132,73,144.5,0,1077,36,4/29,29.91,7.43,24.1,2,0,
"(Delhi Daredevils, Kings XI Punjab, Mumbai Indians, Pune Warriors, Royal Challengers Bangalore, Sunrisers Hyderabad)",,,,,,,,,,,,,,
M Ashwin,2016-2023,44,44,145.0,0,1162,35,3/21,33.20,8.01,24.8,0,0,
"(Kings XI Punjab, Mumbai Indians, Punjab Kings, Rajasthan Royals, Rising Pune Supergiants, Royal Challengers Bangalore)",,,,,,,,,,,,,,
WD Parnell,2011-2023,33,33,120.3,1,937,35,3/10,26.77,7.77,20.6,0,0,
"(Delhi Daredevils, Pune Warriors, Royal Challengers Bangalore)",,,,,,,,,,,,,,
P Negi,2012-2019,50,42,119.2,0,939,34,4/18,27.61,7.86,21.0,1,0,
"(Chennai Super Kings, Delhi Daredevils, Royal Challengers Bangalore)",,,,,,,,,,,,,,
M Theekshana,2022-2025,36,36,138.0,1,1119,34,4/33,32.91,8.10,24.3,1,0,
"(Chennai Super Kings, Rajasthan Royals)",,,,,,,,,,,,,,
KK Cooper,2012-2014,25,25,96.0,1,757,33,4/26,22.93,7.88,17.4,1,0,
(Rajasthan Royals),,,,,,,,,,,,,,
Mukesh Kumar,2023-2025,30,30,98.0,1,1005,33,4/33,30.45,10.25,17.8,1,0,
(Delhi Capitals),,,,,,,,,,,,,,
R Tewatia,2014-2025,102,52,140.3,0,1111,32,3/18,34.71,7.90,26.3,0,0,
"(Delhi Capitals, Delhi Daredevils, Gujarat Titans, Kings XI Punjab, Rajasthan Royals)",,,,,,,,,,,,,,
VG Arora,2022-2025,29,29,95.2,1,879,31,3/27,28.35,9.22,18.4,0,0,
"(Kolkata Knight Riders, Punjab Kings)",,,,,,,,,,,,,,
M Kartik,2008-2014,56,55,191.4,1,1388,31,3/17,44.77,7.24,37.0,0,0,
"(Kings XI Punjab, Kolkata Knight Riders, Pune Warriors, Royal Challengers Bangalore)",,,,,,,,,,,,,,
NLTC Perera,2010-2016,37,36,116.2,0,1016,31,3/20,32.77,8.73,22.5,0,0,
"(Chennai Super Kings, Kings XI Punjab, Kochi Tuskers Kerala, Mumbai Indians, Rising Pune Supergiants, Sunrisers Hyderabad)",,,,,,,,,,,,,,
A Zampa,2016-2025,22,22,77.5,0,652,31,6/19,21.03,8.37,15.0,0,1,
"(Rajasthan Royals, Rising Pune Supergiant, Rising Pune Supergiants, Royal Challengers Bangalore, Sunrisers Hyderabad)",,,,,,,,,,,,,,
M Jansen,2021-2025,31,31,107.1,1,1002,30,3/17,33.40,9.34,21.4,0,0,
"(Mumbai Indians, Punjab Kings, Sunrisers Hyderabad)",,,,,,,,,,,,,,
CJ Jordan,2016-2023,34,34,111.2,1,1070,30,4/11,35.66,9.61,22.2,1,0,
"(Chennai Super Kings, Kings XI Punjab, Mumbai Indians, Punjab Kings, Royal Challengers Bangalore, Sunrisers Hyderabad)",,,,,,,,,,,,,,
Shivam Mavi,2018-2022,32,32,108.1,2,942,30,4/21,31.40,8.70,21.6,1,0,
(Kolkata Knight Riders),,,,,,,,,,,,,,
CR Woakes,2017-2021,21,21,73.2,0,658,30,3/6,21.93,8.97,14.6,0,0,
"(Delhi Capitals, Kolkata Knight Riders, Royal Challengers Bangalore)",,,,,,,,,,,,,,
AB Agarkar,2008-2013,42,42,130.2,0,1151,29,3/25,39.68,8.83,26.9,0,0,
"(Delhi Daredevils, Kolkata Knight Riders)",,,,,,,,,,,,,,
Azhar Mahmood,2012-2015,23,23,89.3,0,700,29,3/20,24.13,7.82,18.5,0,0,
"(Kings XI Punjab, Kolkata Knight Riders)",,,,,,,,,,,,,,
Harpreet Brar,2019-2025,45,42,121.1,1,968,29,4/30,33.37,7.98,25.0,1,0,
"(Kings XI Punjab, Punjab Kings)",,,,,,,,,,,,,,
Umran Malik,2021-2024,26,26,82.1,1,772,29,5/25,26.62,9.39,17.0,1,1,
(Sunrisers Hyderabad),,,,,,,,,,,,,,
DP Nannes,2009-2013,29,29,107.3,1,785,28,3/27,28.03,7.30,23.0,0,0,
"(Chennai Super Kings, Delhi Daredevils, Royal Challengers Bangalore)",,,,,,,,,,,,,,
A Singh,2009-2012,23,23,78.5,1,620,28,4/19,22.14,7.86,16.8,1,0,
(Rajasthan Royals),,,,,,,,,,,,,,
BA Stokes,2017-2023,45,38,114.5,2,992,28,3/15,35.42,8.63,24.6,0,0,
"(Chennai Super Kings, Rajasthan Royals, Rising Pune Supergiant)",,,,,,,,,,,,,,
PV Tambe,2013-2016,33,33,110.0,0,853,28,4/20,30.46,7.75,23.5,1,0,
"(Gujarat Lions, Rajasthan Royals)",,,,,,,,,,,,,,
DL Vettori,2008-2012,34,34,129.3,0,879,28,3/15,31.39,6.78,27.7,0,0,
"(Delhi Daredevils, Royal Challengers Bangalore)",,,,,,,,,,,,,,
MF Maharoof,2008-2010,20,20,70.0,0,520,27,3/34,19.25,7.42,15.5,0,0,
(Delhi Daredevils),,,,,,,,,,,,,,
AD Mathews,2009-2017,49,44,131.5,0,1079,27,4/19,39.96,8.18,29.2,1,0,
"(Delhi Daredevils, Kolkata Knight Riders, Pune Warriors)",,,,,,,,,,,,,,
Mohsin Khan,2022-2024,23,23,81.0,2,689,27,4/16,25.51,8.50,18.0,1,0,
(Lucknow Super Giants),,,,,,,,,,,,,,
Harmeet Singh,2009-2013,27,27,87.3,0,697,26,3/24,26.80,7.96,20.1,0,0,
"(Deccan Chargers, Kings XI Punjab)",,,,,,,,,,,,,,
DR Smith,2008-2017,91,46,89.5,0,810,26,4/8,31.15,9.01,20.7,1,0,
"(Chennai Super Kings, Deccan Chargers, Gujarat Lions, Mumbai Indians)",,,,,,,,,,,,,,
J Botha,2009-2015,34,34,115.4,0,800,25,3/6,32.00,6.91,27.7,0,0,
"(Delhi Daredevils, Kolkata Knight Riders, Rajasthan Royals)",,,,,,,,,,,,,,
R Dhawan,2013-2024,39,36,110.2,1,891,25,2/14,35.64,8.07,26.4,0,0,
"(Kings XI Punjab, Mumbai Indians, Punjab Kings)",,,,,,,,,,,,,,
B Lee,2008-2013,38,38,145.5,3,1095,25,3/15,43.80,7.50,35.0,0,0,
"(Kings XI Punjab, Kolkata Knight Riders)",,,,,,,,,,,,,,
Naveen-ul-Haq,2023-2024,17,17,64.3,0,591,25,4/38,23.64,9.16,15.4,1,0,
(Lucknow Super Giants),,,,,,,,,,,,,,
L Ngidi,2018-2021,14,14,54.0,2,448,25,4/10,17.92,8.29,12.9,1,0,
(Chennai Super Kings),,,,,,,,,,,,,,
SK Raina,2008-2021,204,69,151.2,0,1118,25,2/0,44.72,7.38,36.3,0,0,
"(Chennai Super Kings, Gujarat Lions)",,,,,,,,,,,,,,
R Sai Kishore,2022-2025,19,19,55.5,0,470,25,4/33,18.80,8.41,13.4,1,0,
(Gujarat Titans),,,,,,,,,,,,,,
Yash Thakur,2023-2025,21,21,73.5,1,770,25,5/30,30.80,10.42,17.7,1,1,
"(Lucknow Super Giants, Punjab Kings)",,,,,,,,,,,,,,
AS Rajpoot,2013-2020,29,29,88.1,1,814,24,5/14,33.91,9.23,22.0,0,1,
"(Chennai Super Kings, Kings XI Punjab, Kolkata Knight Riders, Rajasthan Royals)",,,,,,,,,,,,,,
JP Duminy,2009-2018,83,49,113.0,0,834,23,4/17,36.26,7.38,29.4,1,0,
"(Deccan Chargers, Delhi Daredevils, Mumbai Indians)",,,,,,,,,,,,,,
GB Hogg,2012-2016,21,21,76.2,1,570,23,4/29,24.78,7.46,19.9,1,0,
"(Kolkata Knight Riders, Rajasthan Royals)",,,,,,,,,,,,,,
NA Saini,2019-2023,32,32,109.4,1,974,23,3/40,42.34,8.88,28.6,0,0,
"(Rajasthan Royals, Royal Challengers Bangalore)",,,,,,,,,,,,,,
SW Tait,2010-2013,21,21,78.5,1,635,23,3/13,27.60,8.05,20.5,0,0,
(Rajasthan Royals),,,,,,,,,,,,,,
Basil Thampi,2017-2022,25,25,86.5,1,846,22,3/29,38.45,9.74,23.6,0,0,
"(Gujarat Lions, Mumbai Indians, Sunrisers Hyderabad)",,,,,,,,,,,,,,
STR Binny,2010-2019,95,63,99.0,0,758,22,2/14,34.45,7.65,27.0,0,0,
"(Mumbai Indians, Rajasthan Royals, Royal Challengers Bangalore)",,,,,,,,,,,,,,
BW Hilfenhaus,2012-2014,17,17,62.0,2,479,22,3/27,21.77,7.72,16.9,0,0,
(Chennai Super Kings),,,,,,,,,,,,,,
Sohail Tanvir,2008-2008,11,11,41.1,0,266,22,6/14,12.09,6.46,11.2,1,1,
(Rajasthan Royals),,,,,,,,,,,,,,
K Gowtham,2018-2024,35,35,98.0,1,808,21,2/12,38.47,8.24,28.0,0,0,
"(Kings XI Punjab, Lucknow Super Giants, Rajasthan Royals)",,,,,,,,,,,,,,
AS Joseph,2019-2024,22,22,72.2,1,691,21,6/12,32.90,9.55,20.6,0,1,
"(Gujarat Titans, Mumbai Indians, Royal Challengers Bengaluru)",,,,,,,,,,,,,,
VY Mahesh,2008-2012,17,17,56.3,0,499,21,4/36,23.76,8.83,16.1,1,0,
"(Chennai Super Kings, Delhi Daredevils)",,,,,,,,,,,,,,
Shahbaz Ahmed,2020-2025,56,43,91.0,0,859,21,3/7,40.90,9.43,26.0,0,0,
"(Lucknow Super Giants, Royal Challengers Bangalore, Sunrisers Hyderabad)",,,,,,,,,,,,,,
RE van der Merwe,2009-2013,21,21,73.5,1,498,21,3/20,23.71,6.74,21.0,0,0,
"(Delhi Daredevils, Royal Challengers Bangalore)",,,,,,,,,,,,,,
Mujeeb Ur Rahman,2018-2025,20,20,74.2,0,620,20,3/27,31.00,8.34,22.3,0,0,
"(Kings XI Punjab, Mumbai Indians, Sunrisers Hyderabad)",,,,,,,,,,,,,,
C Sakariya,2021-2025,20,20,74.0,1,638,20,3/31,31.90,8.62,22.2,0,0,
"(Delhi Capitals, Kolkata Knight Riders, Rajasthan Royals)",,,,,,,,,,,,,,
A Symonds,2008-2011,39,30,87.5,0,674,20,3/21,33.70,7.67,26.3,0,0,
"(Deccan Chargers, Mumbai Indians)",,,,,,,,,,,,,,
JP Behrendorff,2019-2023,17,17,61.0,0,552,19,3/23,29.05,9.04,19.2,0,0,
(Mumbai Indians),,,,,,,,,,,,,,
NT Ellis,2021-2025,17,17,63.0,0,546,19,4/30,28.73,8.66,19.8,1,0,
"(Chennai Super Kings, Punjab Kings)",,,,,,,,,,,,,,
A Madhwal,2023-2024,13,13,43.4,0,424,19,5/5,22.31,9.70,13.7,1,1,
(Mumbai Indians),,,,,,,,,,,,,,
AD Mascarenhas,2008-2013,13,13,51.2,1,356,19,5/25,18.73,6.93,16.2,0,1,
"(Kings XI Punjab, Rajasthan Royals)",,,,,,,,,,,,,,
RP Meredith,2021-2023,18,18,64.4,0,612,19,2/24,32.21,9.46,20.4,0,0,
"(Mumbai Indians, Punjab Kings)",,,,,,,,,,,,,,
KW Richardson,2013-2021,15,15,55.5,0,472,19,3/13,24.84,8.45,17.6,0,0,
"(Pune Warriors, Rajasthan Royals, Royal Challengers Bangalore)",,,,,,,,,,,,,,
MJ Santner,2019-2025,27,27,89.3,0,658,19,2/13,34.63,7.35,28.2,0,0,
"(Chennai Super Kings, Mumbai Indians)",,,,,,,,,,,,,,
J Suchith,2015-2022,22,21,70.0,0,602,19,2/12,31.68,8.60,22.1,0,0,
"(Delhi Capitals, Mumbai Indians, Sunrisers Hyderabad)",,,,,,,,,,,,,,
Anureet Singh,2009-2018,23,22,68.4,0,623,18,3/23,34.61,9.07,22.8,0,0,
"(Kings XI Punjab, Kolkata Knight Riders, Rajasthan Royals)",,,,,,,,,,,,,,
A Ashish Reddy,2012-2016,31,20,43.4,0,396,18,3/25,22.00,9.06,14.5,0,0,
"(Deccan Chargers, Sunrisers Hyderabad)",,,,,,,,,,,,,,
CH Gayle,2009-2021,140,38,92.2,0,729,18,3/21,40.50,7.89,30.7,0,0,
"(Kings XI Punjab, Kolkata Knight Riders, Punjab Kings, Royal Challengers Bangalore)",,,,,,,,,,,,,,
IC Pandey,2013-2015,25,24,77.0,4,591,18,2/23,32.83,7.67,25.6,0,0,
"(Chennai Super Kings, Pune Warriors)",,,,,,,,,,,,,,
BB Sran,2015-2019,24,24,80.3,0,757,18,3/28,42.05,9.40,26.8,0,0,
"(Kings XI Punjab, Mumbai Indians, Rajasthan Royals, Sunrisers Hyderabad)",,,,,,,,,,,,,,
WPUJC Vaas,2008-2010,13,13,47.0,2,355,18,3/21,19.72,7.55,15.6,0,0,
(Deccan Chargers),,,,,,,,,,,,,,
Bipul Sharma,2010-2017,33,28,71.0,0,572,17,2/13,33.64,8.05,25.0,0,0,
"(Kings XI Punjab, Sunrisers Hyderabad)",,,,,,,,,,,,,,
CRD Fernando,2008-2010,10,10,39.0,0,294,17,4/18,17.29,7.53,13.7,1,0,
(Mumbai Indians),,,,,,,,,,,,,,
BJ Hodge,2008-2014,66,20,39.0,0,303,17,4/13,17.82,7.76,13.7,1,0,
"(Kochi Tuskers Kerala, Kolkata Knight Riders, Rajasthan Royals)",,,,,,,,,,,,,,
Mukesh Choudhary,2022-2025,16,16,52.3,0,522,17,4/46,30.70,9.94,18.5,1,0,
(Chennai Super Kings),,,,,,,,,,,,,,
C Green,2023-2024,29,29,73.1,0,664,16,2/12,41.50,9.07,27.4,0,0,
"(Mumbai Indians, Royal Challengers Bengaluru)",,,,,,,,,,,,,,
D Wiese,2015-2023,17,15,49.2,0,440,16,4/33,27.50,8.91,18.5,1,0,
"(Kolkata Knight Riders, Royal Challengers Bangalore)",,,,,,,,,,,,,,
YA Abdulla,2009-2010,11,11,34.5,1,307,15,4/31,20.46,8.81,13.9,2,0,
(Kings XI Punjab),,,,,,,,,,,,,,
Kartik Tyagi,2020-2024,20,20,70.2,0,713,15,2/29,47.53,10.13,28.1,0,0,
"(Gujarat Titans, Rajasthan Royals, Sunrisers Hyderabad)",,,,,,,,,,,,,,
Mohammad Nabi,2017-2024,24,23,69.3,0,517,15,4/11,34.46,7.43,27.8,1,0,
"(Mumbai Indians, Sunrisers Hyderabad)",,,,,,,,,,,,,,
RG Sharma,2008-2025,266,32,56.3,0,453,15,4/6,30.20,8.01,22.6,1,0,
"(Deccan Chargers, Mumbai Indians)",,,,,,,,,,,,,,
LR Shukla,2008-2014,47,27,52.2,0,447,15,3/6,29.80,8.54,20.9,0,0,
"(Delhi Daredevils, Kolkata Knight Riders)",,,,,,,,,,,,,,
JR Hopes,2008-2011,20,20,60.0,0,548,14,2/2,39.14,9.13,25.7,0,0,
"(Delhi Daredevils, Kings XI Punjab)",,,,,,,,,,,,,,
R Rampaul,2013-2014,12,12,43.4,4,298,14,3/31,21.28,6.82,18.7,0,0,
(Royal Challengers Bangalore),,,,,,,,,,,,,,
DR Sams,2020-2022,16,16,60.0,0,523,14,4/30,37.35,8.71,25.7,1,0,
"(Delhi Capitals, Mumbai Indians, Royal Challengers Bangalore)",,,,,,,,,,,,,,
KR Sen,2022-2024,12,12,40.1,0,387,14,4/20,27.64,9.63,17.2,1,0,
(Rajasthan Royals),,,,,,,,,,,,,,
SJ Srivastava,2010-2011,14,14,47.0,0,441,14,2/20,31.50,9.38,20.1,0,0,
(Kings XI Punjab),,,,,,,,,,,,,,
Suyash Sharma,2023-2025,22,22,78.0,0,651,14,3/30,46.50,8.34,33.4,0,0,
"(Kolkata Knight Riders, Royal Challengers Bengaluru)",,,,,,,,,,,,,,
AC Thomas,2011-2012,15,15,52.3,2,406,14,3/22,29.00,7.73,22.5,0,0,
(Pune Warriors),,,,,,,,,,,,,,
CR Brathwaite,2016-2019,16,16,42.2,0,379,13,3/47,29.15,8.95,19.5,0,0,
"(Delhi Daredevils, Kolkata Knight Riders, Sunrisers Hyderabad)",,,,,,,,,,,,,,
G Coetzee,2024-2024,10,10,33.3,0,341,13,4/34,26.23,10.17,15.4,1,0,
(Mumbai Indians),,,,,,,,,,,,,,
TK Curran,2018-2021,13,13,39.4,0,430,13,3/29,33.07,10.84,18.3,0,0,
"(Delhi Capitals, Kolkata Knight Riders, Rajasthan Royals)",,,,,,,,,,,,,,
ST Jayasuriya,2008-2010,30,21,49.0,1,390,13,3/14,30.00,7.95,22.6,0,0,
(Mumbai Indians),,,,,,,,,,,,,,
S Lamichhane,2018-2019,9,9,35.0,0,292,13,3/36,22.46,8.34,16.1,0,0,
"(Delhi Capitals, Delhi Daredevils)",,,,,,,,,,,,,,
CK Langeveldt,2009-2011,7,7,26.0,0,187,13,3/15,14.38,7.19,12.0,0,0,
"(Kolkata Knight Riders, Royal Challengers Bangalore)",,,,,,,,,,,,,,
LS Livingstone,2019-2025,46,27,52.0,0,469,13,3/27,36.07,9.01,24.0,0,0,
"(Punjab Kings, Rajasthan Royals, Royal Challengers Bengaluru)",,,,,,,,,,,,,,
RR Powar,2008-2012,27,26,71.0,0,527,13,2/11,40.53,7.42,32.7,0,0,
"(Kings XI Punjab, Kochi Tuskers Kerala)",,,,,,,,,,,,,,
V Vyshak,2023-2025,12,12,41.3,0,423,13,3/20,32.53,10.19,19.1,0,0,
"(Punjab Kings, Royal Challengers Bangalore, Royal Challengers Bengaluru)",,,,,,,,,,,,,,
AN Ahmed,2010-2015,17,17,57.2,1,498,12,2/13,41.50,8.68,28.6,0,0,
"(Mumbai Indians, Royal Challengers Bangalore)",,,,,,,,,,,,,,
Ankit Sharma,2012-2018,22,21,61.1,0,450,12,2/20,37.50,7.35,30.5,0,0,
"(Deccan Chargers, Rajasthan Royals, Rising Pune Supergiant, Rising Pune Supergiants, Sunrisers Hyderabad)",,,,,,,,,,,,,,
BA Bhatt,2011-2013,17,15,49.2,0,397,12,4/22,33.08,8.04,24.6,1,0,
(Kings XI Punjab),,,,,,,,,,,,,,
PVD Chameera,2022-2025,16,16,56.0,0,527,12,2/17,43.91,9.41,28.0,0,0,
"(Delhi Capitals, Kolkata Knight Riders, Lucknow Super Giants)",,,,,,,,,,,,,,
Joginder Sharma,2008-2011,16,15,42.4,0,419,12,2/27,34.91,9.82,21.3,0,0,
(Chennai Super Kings),,,,,,,,,,,,,,
Karanveer Singh,2014-2015,9,9,34.0,0,321,12,4/54,26.75,9.44,17.0,1,0,
(Kings XI Punjab),,,,,,,,,,,,,,
K Kartikeya,2022-2025,15,15,45.0,0,385,12,2/22,32.08,8.55,22.5,0,0,
"(Mumbai Indians, Rajasthan Royals)",,,,,,,,,,,,,,
GD McGrath,2008-2008,14,14,54.0,2,357,12,4/29,29.75,6.61,27.0,1,0,
(Delhi Daredevils),,,,,,,,,,,,,,
R McLaren,2010-2013,18,18,59.0,0,542,12,2/28,45.16,9.18,29.5,0,0,
"(Kings XI Punjab, Kolkata Knight Riders, Mumbai Indians)",,,,,,,,,,,,,,
VRV Singh,2008-2010,19,18,60.0,0,542,12,3/29,45.16,9.03,30.0,0,0,
(Kings XI Punjab),,,,,,,,,,,,,,
Umar Gul,2008-2008,6,6,22.3,1,184,12,4/23,15.33,8.17,11.2,1,0,
(Kolkata Knight Riders),,,,,,,,,,,,,,
Abhishek Sharma,2018-2025,72,30,53.0,0,471,11,2/4,42.81,8.88,28.9,0,0,
"(Delhi Daredevils, Sunrisers Hyderabad)",,,,,,,,,,,,,,
CJ Anderson,2014-2018,30,22,49.3,0,518,11,2/18,47.09,10.46,27.0,0,0,
"(Delhi Daredevils, Mumbai Indians, Royal Challengers Bangalore)",,,,,,,,,,,,,,
S Badree,2013-2017,12,12,43.0,1,319,11,4/9,29.00,7.41,23.4,1,0,
"(Chennai Super Kings, Rajasthan Royals, Royal Challengers Bangalore)",,,,,,,,,,,,,,
RS Bopara,2009-2015,24,14,34.2,0,292,11,3/31,26.54,8.50,18.7,0,0,
"(Kings XI Punjab, Sunrisers Hyderabad)",,,,,,,,,,,,,,
A Chandila,2012-2013,12,12,39.0,0,242,11,4/13,22.00,6.20,21.2,1,0,
(Rajasthan Royals),,,,,,,,,,,,,,
JB Little,2023-2024,11,11,38.0,0,339,11,4/45,30.81,8.92,20.7,1,0,
(Gujarat Titans),,,,,,,,,,,,,,
OC McCoy,2022-2023,8,8,26.5,0,250,11,3/23,22.72,9.31,14.6,0,0,
(Rajasthan Royals),,,,,,,,,,,,,,
AB McDonald,2009-2013,10,10,31.0,0,261,11,2/25,23.72,8.41,16.9,0,0,
"(Delhi Daredevils, Royal Challengers Bangalore)",,,,,,,,,,,,,,
TS Mills,2017-2022,10,10,34.5,0,343,11,3/35,31.18,9.84,19.0,0,0,
"(Mumbai Indians, Royal Challengers Bangalore)",,,,,,,,,,,,,,
Pankaj Singh,2008-2012,17,17,50.0,1,468,11,2/18,42.54,9.36,27.2,0,0,
"(Rajasthan Royals, Royal Challengers Bangalore)",,,,,,,,,,,,,,
JL Pattinson,2020-2020,10,10,35.3,0,320,11,2/19,29.09,9.01,19.3,0,0,
(Mumbai Indians),,,,,,,,,,,,,,
SM Pollock,2008-2008,13,13,46.0,1,301,11,3/12,27.36,6.54,25.0,0,0,
(Mumbai Indians),,,,,,,,,,,,,,
DJG Sammy,2013-2015,22,19,39.2,0,350,11,4/22,31.81,8.89,21.4,1,0,
"(Royal Challengers Bangalore, Sunrisers Hyderabad)",,,,,,,,,,,,,,
Simarjeet Singh,2022-2025,14,14,40.0,0,400,11,3/26,36.36,10.00,21.8,0,0,
"(Chennai Super Kings, Sunrisers Hyderabad)",,,,,,,,,,,,,,
MA Wood,2018-2023,5,5,20.0,1,179,11,5/14,16.27,8.95,10.9,0,1,
"(Chennai Super Kings, Lucknow Super Giants)",,,,,,,,,,,,,,
Akash Deep,2022-2025,12,12,39.2,1,466,10,3/45,46.60,11.84,23.6,0,0,
"(Lucknow Super Giants, Royal Challengers Bangalore, Royal Challengers Bengaluru)",,,,,,,,,,,,,,
BCJ Cutting,2014-2019,21,17,46.5,0,429,10,2/20,42.90,9.16,28.1,0,0,
"(Mumbai Indians, Rajasthan Royals, Sunrisers Hyderabad)",,,,,,,,,,,,,,
SC Ganguly,2008-2012,59,20,46.0,0,363,10,2/21,36.30,7.89,27.6,0,0,
"(Kolkata Knight Riders, Pune Warriors)",,,,,,,,,,,,,,
DJ Hooda,2015-2025,123,33,62.1,0,531,10,2/16,53.10,8.54,37.3,0,0,
"(Chennai Super Kings, Kings XI Punjab, Lucknow Super Giants, Punjab Kings, Rajasthan Royals, Sunrisers Hyderabad)",,,,,,,,,,,,,,
B Laughlin,2013-2018,9,9,27.5,0,282,10,2/15,28.20,10.13,16.7,0,0,
"(Chennai Super Kings, Rajasthan Royals)",,,,,,,,,,,,,,
V Pratap Singh,2012-2012,9,9,34.0,0,296,10,2/31,29.60,8.70,20.4,0,0,
(Deccan Chargers),,,,,,,,,,,,,,
N Rana,2016-2025,117,26,32.0,0,270,10,2/11,27.00,8.43,19.2,0,0,
"(Kolkata Knight Riders, Mumbai Indians, Rajasthan Royals)",,,,,,,,,,,,,,
Rasikh Salam,2019-2025,13,13,38.3,0,409,10,3/34,40.90,10.62,23.1,0,0,
"(Delhi Capitals, Kolkata Knight Riders, Mumbai Indians, Royal Challengers Bengaluru)",,,,,,,,,,,,,,
DS Rathi,2025-2025,10,10,40.0,0,310,10,2/30,31.00,7.75,24.0,0,0,
(Lucknow Super Giants),,,,,,,,,,,,,,
Lalit Yadav,2021-2024,27,19,48.0,0,425,10,2/11,42.50,8.85,28.8,0,0,
(Delhi Capitals),,,,,,,,,,,,,,
KP Appanna,2009-2012,13,13,36.0,0,286,9,4/19,31.77,7.94,24.0,1,0,
(Royal Challengers Bangalore),,,,,,,,,,,,,,
Arshad Khan,2023-2025,15,15,35.2,0,418,9,3/39,46.44,11.83,23.5,0,0,
"(Gujarat Titans, Lucknow Super Giants, Mumbai Indians)",,,,,,,,,,,,,,
SE Bond,2010-2010,8,8,31.0,1,224,9,2/24,24.88,7.22,20.6,0,0,
(Kolkata Knight Riders),,,,,,,,,,,,,,
JEC Franklin,2011-2012,20,15,25.1,0,220,9,2/18,24.44,8.74,16.7,0,0,
(Mumbai Indians),,,,,,,,,,,,,,
BE Hendricks,2014-2015,7,7,25.0,0,235,9,3/36,26.11,9.40,16.6,0,0,
(Kings XI Punjab),,,,,,,,,,,,,,
KA Jamieson,2021-2021,9,9,28.0,0,269,9,3/41,29.88,9.60,18.6,0,0,
(Royal Challengers Bangalore),,,,,,,,,,,,,,
Kamran Khan,2009-2011,9,9,26.4,0,224,9,3/18,24.88,8.40,17.7,0,0,
"(Pune Warriors, Rajasthan Royals)",,,,,,,,,,,,,,
AG Murtaza,2010-2013,12,12,44.0,0,313,9,3/15,34.77,7.11,29.3,0,0,
"(Mumbai Indians, Pune Warriors)",,,,,,,,,,,,,,
AM Nayar,2008-2014,60,19,38.1,0,322,9,3/13,35.77,8.43,25.4,0,0,
"(Kings XI Punjab, Mumbai Indians, Pune Warriors, Rajasthan Royals)",,,,,,,,,,,,,,
V Nigam,2025-2025,10,10,27.0,0,256,9,2/18,28.44,9.48,18.0,0,0,
(Delhi Capitals),,,,,,,,,,,,,,
JDP Oram,2008-2013,18,14,39.3,0,349,9,3/32,38.77,8.83,26.3,0,0,
"(Chennai Super Kings, Mumbai Indians, Rajasthan Royals)",,,,,,,,,,,,,,
P Parameswaran,2011-2012,8,8,25.4,0,224,9,3/30,24.88,8.72,17.1,0,0,
"(Kochi Tuskers Kerala, Royal Challengers Bangalore)",,,,,,,,,,,,,,
KMA Paul,2019-2019,8,8,27.1,0,237,9,3/17,26.33,8.72,18.1,0,0,
(Delhi Capitals),,,,,,,,,,,,,,
MN Samuels,2012-2017,15,11,35.4,0,284,9,3/39,31.55,7.96,23.7,0,0,
"(Delhi Daredevils, Pune Warriors)",,,,,,,,,,,,,,
SMSM Senanayake,2013-2013,8,8,32.0,1,209,9,2/26,23.22,6.53,21.3,0,0,
(Kolkata Knight Riders),,,,,,,,,,,,,,
Shahid Afridi,2008-2008,10,10,30.0,0,225,9,3/28,25.00,7.50,20.0,0,0,
(Deccan Chargers),,,,,,,,,,,,,,
V Shankar,2014-2025,78,22,39.4,0,344,9,2/19,38.22,8.67,26.4,0,0,
"(Chennai Super Kings, Delhi Daredevils, Gujarat Titans, Sunrisers Hyderabad)",,,,,,,,,,,,,,
IS Sodhi,2018-2019,8,8,30.1,1,202,9,3/26,22.44,6.69,20.1,0,0,
(Rajasthan Royals),,,,,,,,,,,,,,
J Theron,2010-2015,10,10,36.0,0,293,9,2/17,32.55,8.13,24.0,0,0,
"(Deccan Chargers, Kings XI Punjab, Rajasthan Royals)",,,,,,,,,,,,,,
MP Yadav,2024-2025,5,5,16.1,0,125,9,3/14,13.88,7.73,10.7,0,0,
(Lucknow Super Giants),,,,,,,,,,,,,,
Anand Rajan,2011-2013,8,8,24.5,0,201,8,3/27,25.12,8.09,18.6,0,0,
"(Deccan Chargers, Sunrisers Hyderabad)",,,,,,,,,,,,,,
KC Cariappa,2015-2019,11,11,36.0,0,348,8,2/16,43.50,9.66,27.0,0,0,
"(Kings XI Punjab, Kolkata Knight Riders)",,,,,,,,,,,,,,
AA Chavan,2011-2013,13,13,41.2,0,326,8,2/23,40.75,7.88,31.0,0,0,
(Rajasthan Royals),,,,,,,,,,,,,,
DJ Hussey,2008-2014,64,26,52.5,0,474,8,2/2,59.25,8.97,39.6,0,0,
"(Chennai Super Kings, Kings XI Punjab, Kolkata Knight Riders)",,,,,,,,,,,,,,
BAW Mendis,2008-2013,10,10,40.0,0,285,8,2/19,35.62,7.12,30.0,0,0,
"(Kolkata Knight Riders, Pune Warriors)",,,,,,,,,,,,,,
Mohammad Asif,2008-2008,8,8,32.0,0,296,8,2/19,37.00,9.25,24.0,0,0,
(Delhi Daredevils),,,,,,,,,,,,,,
JDS Neesham,2014-2022,14,13,36.0,0,334,8,3/12,41.75,9.27,27.0,0,0,
"(Delhi Daredevils, Kings XI Punjab, Mumbai Indians, Rajasthan Royals)",,,,,,,,,,,,,,
JD Ryder,2009-2012,29,16,39.2,1,303,8,2/14,37.87,7.70,29.5,0,0,
"(Pune Warriors, Royal Challengers Bangalore)",,,,,,,,,,,,,,
S Sandeep Warrier,2019-2024,10,10,28.0,0,253,8,3/15,31.62,9.03,21.0,0,0,
"(Gujarat Titans, Kolkata Knight Riders)",,,,,,,,,,,,,,
SB Styris,2008-2011,12,11,36.0,0,276,8,3/32,34.50,7.66,27.0,0,0,
"(Chennai Super Kings, Deccan Chargers)",,,,,,,,,,,,,,
J Syed Mohammad,2011-2013,11,11,32.0,0,283,8,2/15,35.37,8.84,24.0,0,0,
(Royal Challengers Bangalore),,,,,,,,,,,,,,
N Thushara,2024-2024,7,7,26.0,0,257,8,3/28,32.12,9.88,19.5,0,0,
(Mumbai Indians),,,,,,,,,,,,,,
T Thushara,2009-2010,6,6,22.3,0,161,8,2/16,20.12,7.15,16.8,0,0,
(Chennai Super Kings),,,,,,,,,,,,,,
I Udana,2020-2020,10,10,29.0,0,282,8,2/41,35.25,9.72,21.7,0,0,
(Royal Challengers Bangalore),,,,,,,,,,,,,,
J Yadav,2015-2023,20,20,65.0,0,445,8,1/8,55.62,6.84,48.7,0,0,
"(Delhi Daredevils, Gujarat Titans, Mumbai Indians)",,,,,,,,,,,,,,
P Amarnath,2008-2008,6,6,22.0,0,236,7,2/29,33.71,10.72,18.8,0,0,
(Chennai Super Kings),,,,,,,,,,,,,,
KM Asif,2018-2023,7,7,22.1,0,231,7,2/42,33.00,10.42,19.0,0,0,
"(Chennai Super Kings, Rajasthan Royals)",,,,,,,,,,,,,,
N Burger,2024-2024,5,5,17.0,0,145,7,2/29,20.71,8.52,14.5,0,0,
(Rajasthan Royals),,,,,,,,,,,,,,
HF Gurney,2019-2019,8,8,27.0,0,238,7,2/25,34.00,8.81,23.1,0,0,
(Kolkata Knight Riders),,,,,,,,,,,,,,
WG Jacks,2024-2025,17,10,20.0,0,178,7,2/14,25.42,8.90,17.1,0,0,
"(Mumbai Indians, Royal Challengers Bengaluru)",,,,,,,,,,,,,,
AF Milne,2016-2022,10,10,34.3,0,327,7,2/21,46.71,9.47,29.5,0,0,
"(Chennai Super Kings, Mumbai Indians, Royal Challengers Bangalore)",,,,,,,,,,,,,,
A Mithun,2009-2013,16,16,48.0,0,472,7,2/37,67.42,9.83,41.1,0,0,
(Royal Challengers Bangalore),,,,,,,,,,,,,,
M Ntini,2008-2008,9,9,35.0,2,242,7,4/21,34.57,6.91,30.0,1,0,
(Chennai Super Kings),,,,,,,,,,,,,,
KP Pietersen,2009-2016,36,13,29.0,0,215,7,2/31,30.71,7.41,24.8,0,0,
"(Delhi Daredevils, Rising Pune Supergiants, Royal Challengers Bangalore)",,,,,,,,,,,,,,
AM Salvi,2009-2011,7,7,25.0,0,200,7,2/19,28.57,8.00,21.4,0,0,
(Delhi Daredevils),,,,,,,,,,,,,,
B Stanlake,2017-2018,6,6,24.0,0,200,7,2/21,28.57,8.33,20.5,0,0,
"(Royal Challengers Bangalore, Sunrisers Hyderabad)",,,,,,,,,,,,,,
Swapnil Singh,2016-2024,14,14,27.0,0,241,7,2/28,34.42,8.92,23.1,0,0,
"(Kings XI Punjab, Lucknow Super Giants, Royal Challengers Bengaluru)",,,,,,,,,,,,,,
PC Valthaty,2009-2013,23,10,25.1,0,205,7,4/29,29.28,8.14,21.5,1,0,
"(Kings XI Punjab, Rajasthan Royals)",,,,,,,,,,,,,,
GC Viljoen,2019-2019,6,6,23.0,0,222,7,2/39,31.71,9.65,19.7,0,0,
(Kings XI Punjab),,,,,,,,,,,,,,
B Akhil,2008-2011,15,13,31.2,0,242,6,2/17,40.33,7.72,31.3,0,0,
"(Kochi Tuskers Kerala, Royal Challengers Bangalore)",,,,,,,,,,,,,,
Ashwani Kumar,2025-2025,3,3,8.0,0,105,6,4/24,17.50,13.12,8.0,1,0,
(Mumbai Indians),,,,,,,,,,,,,,
MG Bracewell,2023-2023,5,5,11.0,0,95,6,2/13,15.83,8.63,11.0,0,0,
(Royal Challengers Bangalore),,,,,,,,,,,,,,
SS Cottrell,2020-2020,6,6,20.0,1,176,6,2/17,29.33,8.80,20.0,0,0,
(Kings XI Punjab),,,,,,,,,,,,,,
C de Grandhomme,2017-2019,25,19,36.0,0,319,6,3/4,53.16,8.86,36.0,0,0,
"(Kolkata Knight Riders, Royal Challengers Bangalore)",,,,,,,,,,,,,,
Fazalhaq Farooqi,2022-2025,10,10,35.2,0,344,6,2/32,57.33,9.73,35.3,0,0,
"(Rajasthan Royals, Sunrisers Hyderabad)",,,,,,,,,,,,,,
Jaskaran Singh,2009-2010,8,7,17.0,0,171,6,2/18,28.50,10.05,17.0,0,0,
(Deccan Chargers),,,,,,,,,,,,,,
S Randiv,2011-2011,8,8,29.0,0,223,6,2/24,37.16,7.68,29.0,0,0,
(Chennai Super Kings),,,,,,,,,,,,,,
S Kaushik,2016-2017,10,10,34.0,0,297,6,3/20,49.50,8.73,34.0,0,0,
(Gujarat Lions),,,,,,,,,,,,,,
K Khejroliya,2018-2025,8,8,23.1,0,246,6,2/33,41.00,10.61,23.1,0,0,
"(Gujarat Titans, Kolkata Knight Riders, Royal Challengers Bangalore)",,,,,,,,,,,,,,
VS Malik,2009-2014,13,13,34.1,0,261,6,2/14,43.50,7.63,34.1,0,0,
"(Kings XI Punjab, Rajasthan Royals)",,,,,,,,,,,,,,
AK Markram,2021-2025,54,18,30.1,0,260,6,2/30,43.33,8.61,30.1,0,0,
"(Lucknow Super Giants, Punjab Kings, Sunrisers Hyderabad)",,,,,,,,,,,,,,
DG Nalkande,2022-2024,6,6,14.0,0,148,6,2/21,24.66,10.57,14.0,0,0,
(Gujarat Titans),,,,,,,,,,,,,,
D Pretorius,2022-2023,7,7,25.0,0,238,6,2/30,39.66,9.52,25.0,0,0,
(Chennai Super Kings),,,,,,,,,,,,,,
V Puthur,2025-2025,5,5,12.0,0,109,6,3/32,18.16,9.08,12.0,0,0,
(Mumbai Indians),,,,,,,,,,,,,,
RR Raje,2008-2009,10,10,23.1,0,209,6,2/16,34.83,9.02,23.1,0,0,
(Mumbai Indians),,,,,,,,,,,,,,
Ramandeep Singh,2022-2025,27,4,6.4,0,63,6,3/20,10.50,9.45,6.6,0,0,
"(Kolkata Knight Riders, Mumbai Indians)",,,,,,,,,,,,,,
AS Roy,2019-2025,11,10,26.4,0,218,6,2/19,36.33,8.17,26.6,0,0,
"(Kolkata Knight Riders, Mumbai Indians)",,,,,,,,,,,,,,
V Sehwag,2008-2015,104,15,22.4,0,235,6,2/18,39.16,10.36,22.6,0,0,
"(Delhi Daredevils, Kings XI Punjab)",,,,,,,,,,,,,,
OF Smith,2022-2022,6,6,15.0,0,178,6,4/30,29.66,11.86,15.0,1,0,
(Punjab Kings),,,,,,,,,,,,,,
TL Suman,2009-2013,43,11,25.0,0,197,6,2/14,32.83,7.88,25.0,0,0,
"(Deccan Chargers, Mumbai Indians, Pune Warriors)",,,,,,,,,,,,,,
JE Taylor,2011-2011,5,5,19.3,0,157,6,3/30,26.16,8.05,19.5,0,0,
(Pune Warriors),,,,,,,,,,,,,,
S Tyagi,2009-2010,14,14,34.5,0,295,6,2/18,49.16,8.46,34.8,0,0,
(Chennai Super Kings),,,,,,,,,,,,,,
Y Venugopal Rao,2008-2014,64,20,36.0,0,337,6,2/23,56.16,9.36,36.0,0,0,
"(Deccan Chargers, Delhi Daredevils, Sunrisers Hyderabad)",,,,,,,,,,,,,,
DJ Willey,2018-2023,11,11,36.0,1,272,6,2/16,45.33,7.55,36.0,0,0,
"(Chennai Super Kings, Royal Challengers Bangalore)",,,,,,,,,,,,,,
S Ladda,2010-2016,9,9,23.0,0,224,5,2/44,44.80,9.73,27.6,0,0,
"(Delhi Daredevils, Gujarat Lions, Kolkata Knight Riders)",,,,,,,,,,,,,,
Akash Singh,2021-2023,7,7,23.0,0,227,5,2/40,45.40,9.86,27.6,0,0,
"(Chennai Super Kings, Rajasthan Royals)",,,,,,,,,,,,,,
Azmatullah Omarzai,2024-2025,10,9,27.0,0,254,5,2/27,50.80,9.40,32.4,0,0,
"(Gujarat Titans, Punjab Kings)",,,,,,,,,,,,,,
A Choudhary,2017-2017,5,5,16.5,2,144,5,2/17,28.80,8.55,20.2,0,0,
(Royal Challengers Bangalore),,,,,,,,,,,,,,
PD Collingwood,2010-2010,8,6,14.5,0,101,5,2/19,20.20,6.80,17.8,0,0,
(Delhi Daredevils),,,,,,,,,,,,,,
M de Lange,2012-2015,5,5,18.0,1,169,5,3/34,33.80,9.38,21.6,0,0,
"(Kolkata Knight Riders, Mumbai Indians)",,,,,,,,,,,,,,
TM Dilshan,2008-2013,51,25,45.1,0,366,5,1/3,73.20,8.10,54.2,0,0,
"(Delhi Daredevils, Royal Challengers Bangalore)",,,,,,,,,,,,,,
AP Dole,2010-2010,3,3,11.0,0,112,5,2/36,22.40,10.18,13.2,0,0,
(Rajasthan Royals),,,,,,,,,,,,,,
S Dube,2019-2025,75,14,18.4,0,180,5,2/15,36.00,9.64,22.4,0,0,
"(Chennai Super Kings, Rajasthan Royals, Royal Challengers Bangalore)",,,,,,,,,,,,,,
FH Edwards,2009-2009,6,6,23.2,1,154,5,2/27,30.80,6.60,28.0,0,0,
(Deccan Chargers),,,,,,,,,,,,,,
RV Gomez,2011-2013,13,9,16.0,1,129,5,2/14,25.80,8.06,19.2,0,0,
"(Kochi Tuskers Kerala, Pune Warriors)",,,,,,,,,,,,,,
Gurkeerat Singh,2012-2020,41,6,13.0,0,97,5,2/15,19.40,7.46,15.6,0,0,
"(Kings XI Punjab, Royal Challengers Bangalore)",,,,,,,,,,,,,,
SH Johnson,2024-2025,9,9,27.2,0,284,5,2/25,56.80,10.39,32.8,0,0,
"(Gujarat Titans, Kolkata Knight Riders)",,,,,,,,,,,,,,
A Kamboj,2024-2025,7,7,20.0,0,189,5,1/16,37.80,9.45,24.0,0,0,
"(Chennai Super Kings, Mumbai Indians)",,,,,,,,,,,,,,
KMDN Kulasekara,2011-2012,5,5,17.0,0,120,5,2/10,24.00,7.05,20.4,0,0,
(Chennai Super Kings),,,,,,,,,,,,,,
E Malinga,2025-2025,3,3,11.0,0,114,5,2/36,22.80,10.36,13.2,0,0,
(Sunrisers Hyderabad),,,,,,,,,,,,,,
KL Nagarkoti,2020-2022,12,11,30.0,0,285,5,2/13,57.00,9.50,36.0,0,0,
"(Delhi Capitals, Kolkata Knight Riders)",,,,,,,,,,,,,,
S Narwal,2010-2013,7,6,17.4,0,202,5,3/36,40.40,11.43,21.2,0,0,
"(Kolkata Knight Riders, Rajasthan Royals)",,,,,,,,,,,,,,
R Shepherd,2022-2025,13,10,24.0,0,290,5,2/42,58.00,12.08,28.8,0,0,
"(Lucknow Super Giants, Mumbai Indians, Royal Challengers Bengaluru, Sunrisers Hyderabad)",,,,,,,,,,,,,,
Shoaib Ahmed,2009-2009,8,7,17.0,0,152,5,2/20,30.40,8.94,20.4,0,0,
(Deccan Chargers),,,,,,,,,,,,,,
Shoaib Akhtar,2008-2008,3,3,7.0,0,54,5,4/11,10.80,7.71,8.4,1,0,
(Kolkata Knight Riders),,,,,,,,,,,,,,
HR Shokeen,2022-2023,13,13,34.0,0,314,5,2/34,62.80,9.23,40.8,0,0,
(Mumbai Indians),,,,,,,,,,,,,,
R Shukla,2012-2014,7,7,20.0,0,208,5,2/28,41.60,10.40,24.0,0,0,
"(Delhi Daredevils, Mumbai Indians, Rajasthan Royals)",,,,,,,,,,,,,,
O Thomas,2019-2019,4,4,10.0,0,79,5,2/6,15.80,7.90,12.0,0,0,
(Rajasthan Royals),,,,,,,,,,,,,,
RJW Topley,2023-2024,5,5,17.0,0,182,5,2/27,36.40,10.70,20.4,0,0,
"(Royal Challengers Bangalore, Royal Challengers Bengaluru)",,,,,,,,,,,,,,
SB Wagh,2010-2011,8,8,17.0,0,137,5,3/16,27.40,8.05,20.4,0,0,
"(Pune Warriors, Rajasthan Royals)",,,,,,,,,,,,,,
Zeeshan Ansari,2025-2025,7,7,24.5,0,239,5,3/42,47.80,9.62,29.8,0,0,
(Sunrisers Hyderabad),,,,,,,,,,,,,,
SB Bangar,2008-2009,12,9,25.0,0,219,4,2/34,54.75,8.76,37.5,0,0,
"(Deccan Chargers, Kolkata Knight Riders)",,,,,,,,,,,,,,
S Dhawan,2008-2024,222,6,8.0,0,66,4,1/7,16.50,8.25,12.0,0,0,
"(Deccan Chargers, Delhi Capitals, Delhi Daredevils, Mumbai Indians, Punjab Kings, Sunrisers Hyderabad)",,,,,,,,,,,,,,
D du Preez,2009-2009,2,2,7.0,1,56,4,3/32,14.00,8.00,10.5,0,0,
(Royal Challengers Bangalore),,,,,,,,,,,,,,
V Kohli,2008-2025,260,26,41.5,0,368,4,2/25,92.00,8.79,62.7,0,0,
"(Royal Challengers Bangalore, Royal Challengers Bengaluru)",,,,,,,,,,,,,,
WA Mota,2008-2009,12,7,12.0,0,97,4,1/6,24.25,8.08,18.0,0,0,
(Kings XI Punjab),,,,,,,,,,,,,,
DJ Muthuswami,2015-2015,6,6,14.0,0,101,4,2/18,25.25,7.21,21.0,0,0,
(Delhi Daredevils),,,,,,,,,,,,,,
Y Nagar,2009-2012,25,8,11.0,0,125,4,2/20,31.25,11.36,16.5,0,0,
(Delhi Daredevils),,,,,,,,,,,,,,
R Parag,2019-2025,79,26,39.1,0,392,4,1/7,98.00,10.00,58.7,0,0,
(Rajasthan Royals),,,,,,,,,,,,,,
Parvez Rasool,2013-2016,11,11,33.0,0,271,4,1/20,67.75,8.21,49.5,0,0,
"(Pune Warriors, Royal Challengers Bangalore, Sunrisers Hyderabad)",,,,,,,,,,,,,,
LE Plunkett,2018-2018,7,7,25.0,0,225,4,3/17,56.25,9.00,37.5,0,0,
(Delhi Daredevils),,,,,,,,,,,,,,
Shivam Sharma,2014-2015,5,5,19.0,0,165,4,2/26,41.25,8.68,28.5,0,0,
(Kings XI Punjab),,,,,,,,,,,,,,
T Stubbs,2022-2025,28,5,6.0,0,69,4,2/11,17.25,11.50,9.0,0,0,
"(Delhi Capitals, Mumbai Indians)",,,,,,,,,,,,,,
DP Vijaykumar,2008-2008,9,9,25.2,0,199,4,1/17,49.75,7.85,38.0,0,0,
(Deccan Chargers),,,,,,,,,,,,,,
Yudhvir Singh,2023-2025,7,7,17.0,0,180,4,2/19,45.00,10.58,25.5,0,0,
"(Lucknow Super Giants, Rajasthan Royals)",,,,,,,,,,,,,,
L Ablish,2010-2011,3,3,7.0,0,75,3,2/17,25.00,10.71,14.0,0,0,
(Kings XI Punjab),,,,,,,,,,,,,,
DAJ Bracewell,2012-2012,1,1,4.0,0,32,3,3/32,10.66,8.00,8.0,0,0,
(Delhi Daredevils),,,,,,,,,,,,,,
Gagandeep Singh,2008-2008,4,4,14.0,0,141,3,1/33,47.00,10.07,28.0,0,0,
(Kings XI Punjab),,,,,,,,,,,,,,
GHS Garton,2021-2021,5,5,15.0,0,135,3,1/27,45.00,9.00,30.0,0,0,
(Royal Challengers Bangalore),,,,,,,,,,,,,,
RS Hangargekar,2023-2023,2,2,6.0,0,60,3,3/36,20.00,10.00,12.0,0,0,
(Chennai Super Kings),,,,,,,,,,,,,,
SM Harwood,2009-2009,3,3,10.0,0,73,3,2/25,24.33,7.30,20.0,0,0,
(Rajasthan Royals),,,,,,,,,,,,,,
JW Hastings,2014-2016,3,3,9.4,1,66,3,2/6,22.00,6.82,19.3,0,0,
"(Chennai Super Kings, Kolkata Knight Riders)",,,,,,,,,,,,,,
VR Iyer,2021-2025,60,9,13.3,0,143,3,2/29,47.66,10.59,27.0,0,0,
(Kolkata Knight Riders),,,,,,,,,,,,,,
JM Kemp,2010-2010,5,5,7.2,0,54,3,3/12,18.00,7.36,14.6,0,0,
(Chennai Super Kings),,,,,,,,,,,,,,
AL Menaria,2011-2013,29,12,18.2,0,144,3,2/20,48.00,7.85,36.6,0,0,
(Rajasthan Royals),,,,,,,,,,,,,,
R Ninan,2011-2011,2,2,6.0,0,65,3,2/31,21.66,10.83,12.0,0,0,
(Royal Challengers Bangalore),,,,,,,,,,,,,,
K Nitish Kumar Reddy,2023-2025,24,9,18.1,0,207,3,2/17,69.00,11.39,36.3,0,0,
(Sunrisers Hyderabad),,,,,,,,,,,,,,
RJ Peterson,2012-2012,5,4,8.0,0,70,3,3/37,23.33,8.75,16.0,0,0,
(Mumbai Indians),,,,,,,,,,,,,,
JA Richardson,2021-2024,4,4,15.0,0,157,3,2/41,52.33,10.46,30.0,0,0,
"(Delhi Capitals, Punjab Kings)",,,,,,,,,,,,,,
P Sahu,2016-2016,5,5,17.3,0,146,3,2/18,48.66,8.34,35.0,0,0,
(Kings XI Punjab),,,,,,,,,,,,,,
K Santokie,2014-2014,2,2,8.0,0,90,3,2/50,30.00,11.25,16.0,0,0,
(Mumbai Indians),,,,,,,,,,,,,,
R Sathish,2010-2016,34,14,23.1,0,232,3,1/11,77.33,10.01,46.3,0,0,
"(Kings XI Punjab, Kolkata Knight Riders, Mumbai Indians)",,,,,,,,,,,,,,
T Shamsi,2016-2021,5,5,20.0,0,181,3,1/21,60.33,9.05,40.0,0,0,
"(Rajasthan Royals, Royal Challengers Bangalore)",,,,,,,,,,,,,,
M Siddharth,2024-2025,5,5,16.0,0,138,3,2/39,46.00,8.62,32.0,0,0,
(Lucknow Super Giants),,,,,,,,,,,,,,
Sikandar Raza,2023-2024,9,7,14.0,0,141,3,1/19,47.00,10.07,28.0,0,0,
(Punjab Kings),,,,,,,,,,,,,,
AS Tendulkar,2023-2024,5,5,12.1,0,114,3,1/9,38.00,9.36,24.3,0,0,
(Mumbai Indians),,,,,,,,,,,,,,
DJ Thornely,2008-2008,6,4,7.0,0,40,3,2/7,13.33,5.71,14.0,0,0,
(Mumbai Indians),,,,,,,,,,,,,,
JJ van der Wath,2011-2011,3,3,12.0,0,129,3,2/49,43.00,10.75,24.0,0,0,
(Royal Challengers Bangalore),,,,,,,,,,,,,,
KJ Abbott,2016-2016,5,5,16.0,0,177,2,1/38,88.50,11.06,48.0,0,0,
(Kings XI Punjab),,,,,,,,,,,,,,
Abdul Samad,2020-2025,59,6,9.2,0,119,2,1/9,59.50,12.75,28.0,0,0,
"(Lucknow Super Giants, Sunrisers Hyderabad)",,,,,,,,,,,,,,
FA Allen,2021-2022,5,4,15.0,1,136,2,1/22,68.00,9.06,45.0,0,0,
"(Mumbai Indians, Punjab Kings)",,,,,,,,,,,,,,
Ankit Soni,2017-2017,7,6,18.1,0,144,2,1/16,72.00,7.92,54.5,0,0,
(Gujarat Lions),,,,,,,,,,,,,,
A Badoni,2022-2025,51,5,4.1,0,36,2,1/5,18.00,8.64,12.5,0,0,
(Lucknow Super Giants),,,,,,,,,,,,,,
XC Bartlett,2025-2025,3,3,9.0,0,84,2,1/26,42.00,9.33,27.0,0,0,
(Punjab Kings),,,,,,,,,,,,,,
SM Boland,2016-2016,2,2,7.0,0,54,2,2/31,27.00,7.71,21.0,0,0,
(Rising Pune Supergiants),,,,,,,,,,,,,,
SD Chitnis,2008-2012,11,2,6.0,0,60,2,2/40,30.00,10.00,18.0,0,0,
"(Kings XI Punjab, Mumbai Indians, Rajasthan Royals)",,,,,,,,,,,,,,
MJ Clarke,2012-2012,6,5,11.0,0,67,2,1/12,33.50,6.09,33.0,0,0,
(Pune Warriors),,,,,,,,,,,,,,
MJ Dagar,2023-2024,8,8,22.5,0,203,2,1/23,101.50,8.89,68.5,0,0,
"(Royal Challengers Bengaluru, Sunrisers Hyderabad)",,,,,,,,,,,,,,
ND Doshi,2010-2011,4,4,9.2,0,79,2,1/15,39.50,8.46,28.0,0,0,
"(Rajasthan Royals, Royal Challengers Bangalore)",,,,,,,,,,,,,,
A Flintoff,2009-2009,3,3,11.0,0,105,2,1/11,52.50,9.54,33.0,0,0,
(Chennai Super Kings),,,,,,,,,,,,,,
TM Head,2016-2025,34,6,9.4,0,113,2,2/30,56.50,11.68,29.0,0,0,
"(Royal Challengers Bangalore, Sunrisers Hyderabad)",,,,,,,,,,,,,,
MJ Henry,2017-2024,6,6,17.0,0,181,2,1/28,90.50,10.64,51.0,0,0,
"(Kings XI Punjab, Lucknow Super Giants)",,,,,,,,,,,,,,
D Kalyankrishna,2008-2008,3,3,8.0,0,87,2,1/30,43.50,10.87,24.0,0,0,
(Deccan Chargers),,,,,,,,,,,,,,
V Kaverappa,2024-2024,1,1,4.0,0,36,2,2/36,18.00,9.00,12.0,0,0,
(Punjab Kings),,,,,,,,,,,,,,
MA Khote,2008-2008,4,2,5.0,0,51,2,2/29,25.50,10.20,15.0,0,0,
(Mumbai Indians),,,,,,,,,,,,,,
SC Kuggeleijn,2019-2019,2,2,8.0,0,71,2,2/37,35.50,8.87,24.0,0,0,
(Chennai Super Kings),,,,,,,,,,,,,,
KA Maharaj,2024-2024,2,2,6.0,0,39,2,2/23,19.50,6.50,18.0,0,0,
(Rajasthan Royals),,,,,,,,,,,,,,
PHKD Mendis,2025-2025,3,3,5.0,0,42,2,1/4,21.00,8.40,15.0,0,0,
(Sunrisers Hyderabad),,,,,,,,,,,,,,
Mohammad Hafeez,2008-2008,8,4,10.0,0,68,2,1/8,34.00,6.80,30.0,0,0,
(Kolkata Knight Riders),,,,,,,,,,,,,,
C Nanda,2009-2009,3,3,8.0,0,57,2,1/4,28.50,7.12,24.0,0,0,
(Mumbai Indians),,,,,,,,,,,,,,
GD Phillips,2021-2023,8,4,5.0,0,40,2,1/10,20.00,8.00,15.0,0,0,
"(Rajasthan Royals, Sunrisers Hyderabad)",,,,,,,,,,,,,,
Prince Yadav,2025-2025,5,5,18.5,0,182,2,1/29,91.00,9.66,56.5,0,0,
(Lucknow Super Giants),,,,,,,,,,,,,,
AU Rashid,2021-2023,3,3,10.0,0,91,2,2/23,45.50,9.10,30.0,0,0,
"(Punjab Kings, Sunrisers Hyderabad)",,,,,,,,,,,,,,
Sachin Baby,2013-2021,19,2,1.4,0,8,2,2/4,4.00,4.80,5.0,0,0,
"(Rajasthan Royals, Royal Challengers Bangalore)",,,,,,,,,,,,,,
JPR Scantlebury-Searles,2018-2018,4,3,7.0,0,89,2,1/24,44.50,12.71,21.0,0,0,
(Kolkata Knight Riders),,,,,,,,,,,,,,
Shoaib Malik,2008-2008,7,5,8.3,0,85,2,1/6,42.50,10.00,25.5,0,0,
(Delhi Daredevils),,,,,,,,,,,,,,
PH Solanki,2022-2022,2,2,6.0,0,38,2,2/20,19.00,6.33,18.0,0,0,
(Chennai Super Kings),,,,,,,,,,,,,,
P Suyal,2013-2015,5,5,16.0,0,151,2,1/21,75.50,9.43,48.0,0,0,
(Mumbai Indians),,,,,,,,,,,,,,
RN ten Doeschate,2011-2015,29,10,13.0,0,94,2,1/7,47.00,7.23,39.0,0,0,
(Kolkata Knight Riders),,,,,,,,,,,,,,
A Uniyal,2010-2010,2,2,6.0,0,66,2,2/41,33.00,11.00,18.0,0,0,
(Rajasthan Royals),,,,,,,,,,,,,,
LJ Wright,2012-2013,7,6,11.5,0,124,2,1/12,62.00,10.47,35.5,0,0,
(Pune Warriors),,,,,,,,,,,,,,
K Yadav,2021-2023,3,3,9.0,0,84,2,1/18,42.00,9.33,27.0,0,0,
(Rajasthan Royals),,,,,,,,,,,,,,
DNT Zoysa,2008-2008,3,3,11.0,0,99,2,1/30,49.50,9.00,33.0,0,0,
(Deccan Chargers),,,,,,,,,,,,,,
SA Abbott,2015-2022,3,3,9.0,0,104,1,1/47,104.00,11.55,54.0,0,0,
"(Royal Challengers Bangalore, Sunrisers Hyderabad)",,,,,,,,,,,,,,
SS Agarwal,2017-2017,1,1,4.0,0,42,1,1/42,42.00,10.50,24.0,0,0,
(Gujarat Lions),,,,,,,,,,,,,,
C Bosch,2025-2025,1,1,4.0,0,26,1,1/26,26.00,6.50,24.0,0,0,
(Mumbai Indians),,,,,,,,,,,,,,
D Brevis,2022-2025,12,1,0.3,0,8,1,1/8,8.00,16.00,3.0,0,0,
"(Chennai Super Kings, Mumbai Indians)",,,,,,,,,,,,,,
LA Carseldine,2009-2009,5,1,1.0,0,6,1,1/6,6.00,6.00,6.0,0,0,
(Rajasthan Royals),,,,,,,,,,,,,,
P Dubey,2020-2023,4,4,11.0,0,91,1,1/19,91.00,8.27,66.0,0,0,
(Delhi Capitals),,,,,,,,,,,,,,
AJ Finch,2010-2022,92,5,7.1,0,67,1,1/11,67.00,9.34,43.0,0,0,
"(Delhi Daredevils, Gujarat Lions, Kings XI Punjab, Kolkata Knight Riders, Mumbai Indians, Pune Warriors, Rajasthan Royals, Royal Challengers Bangalore, Sunrisers Hyderabad)",,,,,,,,,,,,,,
B Geeves,2008-2008,2,2,8.0,0,91,1,1/50,91.00,11.37,48.0,0,0,
(Delhi Daredevils),,,,,,,,,,,,,,
AC Gilchrist,2008-2013,80,1,0.1,0,0,1,1/0,0.00,0.00,1.0,0,0,
"(Deccan Chargers, Kings XI Punjab)",,,,,,,,,,,,,,
RJ Gleeson,2024-2024,2,2,7.5,0,71,1,1/30,71.00,9.06,47.0,0,0,
(Chennai Super Kings),,,,,,,,,,,,,,
Harmeet Singh,2013-2013,1,1,4.0,0,34,1,1/34,34.00,8.50,24.0,0,0,
(Rajasthan Royals),,,,,,,,,,,,,,
T Henderson,2009-2009,2,2,6.0,0,40,1,1/30,40.00,6.66,36.0,0,0,
(Rajasthan Royals),,,,,,,,,,,,,,
AJ Hosein,2023-2023,1,1,4.0,0,40,1,1/40,40.00,10.00,24.0,0,0,
(Sunrisers Hyderabad),,,,,,,,,,,,,,
D Jansen,2023-2023,1,1,4.0,0,53,1,1/53,53.00,13.25,24.0,0,0,
(Mumbai Indians),,,,,,,,,,,,,,
AA Jhunjhunwala,2010-2012,21,10,14.1,0,129,1,1/13,129.00,9.10,85.0,0,0,
"(Deccan Chargers, Pune Warriors, Rajasthan Royals)",,,,,,,,,,,,,,
SB Joshi,2008-2008,4,4,9.1,0,82,1,1/27,82.00,8.94,55.0,0,0,
(Royal Challengers Bangalore),,,,,,,,,,,,,,
MK Lomror,2018-2024,40,11,15.0,0,127,1,1/22,127.00,8.46,90.0,0,0,
"(Rajasthan Royals, Royal Challengers Bangalore, Royal Challengers Bengaluru)",,,,,,,,,,,,,,
CJ McKay,2012-2012,2,2,7.0,0,60,1,1/36,60.00,8.57,42.0,0,0,
(Mumbai Indians),,,,,,,,,,,,,,
SSB Magala,2023-2023,2,2,6.0,0,51,1,1/37,51.00,8.50,36.0,0,0,
(Chennai Super Kings),,,,,,,,,,,,,,
KT Maphaka,2024-2024,2,2,6.0,0,89,1,1/23,89.00,14.83,36.0,0,0,
(Mumbai Indians),,,,,,,,,,,,,,
BMAJ Mendis,2013-2013,3,2,5.0,0,36,1,1/16,36.00,7.20,30.0,0,0,
(Delhi Daredevils),,,,,,,,,,,,,,
LI Meriwala,2021-2021,1,1,3.0,0,32,1,1/32,32.00,10.66,18.0,0,0,
(Delhi Capitals),,,,,,,,,,,,,,
DJ Mitchell,2022-2024,15,4,8.0,0,97,1,1/18,97.00,12.12,48.0,0,0,
"(Chennai Super Kings, Rajasthan Royals)",,,,,,,,,,,,,,
RG More,2015-2015,2,2,5.5,0,59,1,1/31,59.00,10.11,35.0,0,0,
(Chennai Super Kings),,,,,,,,,,,,,,
SS Mundhe,2011-2011,1,1,1.0,0,6,1,1/6,6.00,6.00,6.0,0,0,
(Pune Warriors),,,,,,,,,,,,,,
GR Napier,2009-2009,1,1,4.0,0,27,1,1/27,27.00,6.75,24.0,0,0,
(Mumbai Indians),,,,,,,,,,,,,,
A Nel,2008-2008,1,1,3.0,0,31,1,1/31,31.00,10.33,18.0,0,0,
(Mumbai Indians),,,,,,,,,,,,,,
AA Noffke,2008-2008,1,1,4.0,0,40,1,1/40,40.00,10.00,24.0,0,0,
(Royal Challengers Bangalore),,,,,,,,,,,,,,
IC Porel,2021-2021,1,1,4.0,0,39,1,1/39,39.00,9.75,24.0,0,0,
(Punjab Kings),,,,,,,,,,,,,,
R Powell,2022-2025,28,2,3.0,0,35,1,1/18,35.00,11.66,18.0,0,0,
"(Delhi Capitals, Kolkata Knight Riders, Rajasthan Royals)",,,,,,,,,,,,,,
Y Prithvi Raj,2019-2019,2,2,5.0,0,57,1,1/29,57.00,11.40,30.0,0,0,
(Kolkata Knight Riders),,,,,,,,,,,,,,
AM Rahane,2008-2025,195,1,1.0,0,5,1,1/5,5.00,5.00,6.0,0,0,
"(Chennai Super Kings, Delhi Capitals, Kolkata Knight Riders, Mumbai Indians, Rajasthan Royals, Rising Pune Supergiant, Rising Pune Supergiants)",,,,,,,,,,,,,,
PVSN Raju,2025-2025,2,2,4.0,0,53,1,1/40,53.00,13.25,24.0,0,0,
(Mumbai Indians),,,,,,,,,,,,,,
DB Ravi Teja,2008-2013,32,2,3.0,0,28,1,1/19,28.00,9.33,18.0,0,0,
"(Deccan Chargers, Sunrisers Hyderabad)",,,,,,,,,,,,,,
SE Rutherford,2019-2025,18,6,6.5,0,59,1,1/6,59.00,8.63,41.0,0,0,
"(Delhi Capitals, Gujarat Titans, Royal Challengers Bangalore)",,,,,,,,,,,,,,
D Salunkhe,2008-2008,6,5,8.0,0,78,1,1/21,78.00,9.75,48.0,0,0,
(Rajasthan Royals),,,,,,,,,,,,,,
GS Sandhu,2015-2015,3,2,8.0,0,82,1,1/33,82.00,10.25,48.0,0,0,
(Delhi Daredevils),,,,,,,,,,,,,,
SS Sarkar,2009-2009,2,2,4.1,0,34,1,1/15,34.00,8.16,25.0,0,0,
(Kolkata Knight Riders),,,,,,,,,,,,,,
PM Sarvesh Kumar,2008-2008,2,2,5.0,0,42,1,1/18,42.00,8.40,30.0,0,0,
(Deccan Chargers),,,,,,,,,,,,,,
Shashank Singh,2022-2025,34,4,5.0,0,52,1,1/5,52.00,10.40,30.0,0,0,
"(Punjab Kings, Sunrisers Hyderabad)",,,,,,,,,,,,,,
DJM Short,2018-2018,7,2,3.0,0,19,1,1/10,19.00,6.33,18.0,0,0,
(Rajasthan Royals),,,,,,,,,,,,,,
LMP Simmons,2014-2017,29,1,3.0,0,34,1,1/34,34.00,11.33,18.0,0,0,
(Mumbai Indians),,,,,,,,,,,,,,
NB Singh,2017-2017,2,2,4.0,0,15,1,1/7,15.00,3.75,24.0,0,0,
(Gujarat Lions),,,,,,,,,,,,,,
TP Sudhindra,2012-2012,3,3,11.4,0,136,1,1/46,136.00,11.65,70.0,0,0,
(Deccan Chargers),,,,,,,,,,,,,,
MK Tiwary,2008-2018,98,6,7.0,0,83,1,1/11,83.00,11.85,42.0,0,0,
"(Delhi Daredevils, Kings XI Punjab, Kolkata Knight Riders, Rising Pune Supergiant)",,,,,,,,,,,,,,
S Vidyut,2008-2008,9,1,2.0,0,22,1,1/22,22.00,11.00,12.0,0,0,
(Chennai Super Kings),,,,,,,,,,,,,,
GH Vihari,2013-2019,24,6,7.0,0,47,1,1/5,47.00,6.71,42.0,0,0,
"(Delhi Capitals, Sunrisers Hyderabad)",,,,,,,,,,,,,,
V Viyaskanth,2024-2024,3,3,10.0,0,86,1,1/37,86.00,8.60,60.0,0,0,
(Sunrisers Hyderabad),,,,,,,,,,,,,,
CL White,2008-2013,47,6,7.0,0,86,1,1/14,86.00,12.28,42.0,0,0,
"(Deccan Chargers, Royal Challengers Bangalore, Sunrisers Hyderabad)",,,,,,,,,,,,,,
LB Williams,2024-2024,2,2,6.0,0,72,1,1/38,72.00,12.00,36.0,0,0,
(Delhi Capitals),,,,,,,,,,,,,,
L Wood,2024-2024,2,2,6.0,0,93,1,1/68,93.00,15.50,36.0,0,0,
(Mumbai Indians),,,,,,,,,,,,,,
Abdur Razzak,2008-2008,1,1,2.0,0,29,0,-,-,14.50,-,0,0,
(Royal Challengers Bangalore),,,,,,,,,,,,,,
Aman Hakim Khan,2022-2023,12,1,1.0,0,13,0,-,-,13.00,-,0,0,
"(Delhi Capitals, Kolkata Knight Riders)",,,,,,,,,,,,,,
RR Bhatkal,2012-2012,1,1,2.0,0,35,0,-,-,17.50,-,0,0,
(Royal Challengers Bangalore),,,,,,,,,,,,,,
RR Bose,2009-2009,1,1,2.0,0,24,0,-,-,12.00,-,0,0,
(Kings XI Punjab),,,,,,,,,,,,,,
B Chipli,2008-2013,23,1,1.0,0,20,0,-,-,20.00,-,0,0,
"(Deccan Chargers, Delhi Daredevils, Royal Challengers Bangalore)",,,,,,,,,,,,,,
CJ Dala,2018-2018,1,1,3.0,0,34,0,-,-,11.33,-,0,0,
(Delhi Daredevils),,,,,,,,,,,,,,
A Dananjaya,2018-2018,1,1,4.0,0,47,0,-,-,11.75,-,0,0,
(Mumbai Indians),,,,,,,,,,,,,,
F du Plessis,2012-2025,149,1,1.0,0,16,0,-,-,16.00,-,0,0,
"(Chennai Super Kings, Delhi Capitals, Rising Pune Supergiant, Rising Pune Supergiants, Royal Challengers Bangalore, Royal Challengers Bengaluru)",,,,,,,,,,,,,,
FY Fazal,2010-2011,12,2,2.0,0,20,0,-,-,10.00,-,0,0,
(Rajasthan Royals),,,,,,,,,,,,,,
C Ganapathy,2010-2010,1,1,1.0,0,13,0,-,-,13.00,-,0,0,
(Chennai Super Kings),,,,,,,,,,,,,,
RS Gavaskar,2010-2010,2,1,1.0,0,8,0,-,-,8.00,-,0,0,
(Kolkata Knight Riders),,,,,,,,,,,,,,
Y Gnaneswara Rao,2011-2011,2,1,1.0,0,7,0,-,-,7.00,-,0,0,
(Kochi Tuskers Kerala),,,,,,,,,,,,,,
K Goel,2008-2010,22,6,11.0,0,93,0,-,-,8.45,-,0,0,
(Kings XI Punjab),,,,,,,,,,,,,,
R Goyal,2023-2023,1,1,4.0,0,33,0,-,-,8.25,-,0,0,
(Mumbai Indians),,,,,,,,,,,,,,
CJ Green,2020-2020,1,1,2.5,0,24,0,-,-,8.47,-,0,0,
(Kolkata Knight Riders),,,,,,,,,,,,,,
Gulbadin Naib,2024-2024,2,1,1.0,0,12,0,-,-,12.00,-,0,0,
(Delhi Capitals),,,,,,,,,,,,,,
Sunny Gupta,2012-2012,1,1,3.0,0,47,0,-,-,15.66,-,0,0,
(Delhi Daredevils),,,,,,,,,,,,,,
Gurnoor Brar,2023-2023,1,1,3.0,0,42,0,-,-,14.00,-,0,0,
(Punjab Kings),,,,,,,,,,,,,,
DJ Harris,2012-2012,4,2,3.0,0,26,0,-,-,8.66,-,0,0,
(Deccan Chargers),,,,,,,,,,,,,,
Ishan Kishan,2016-2025,114,1,0.1,0,4,0,-,-,24.00,-,0,0,
"(Gujarat Lions, Mumbai Indians, Sunrisers Hyderabad)",,,,,,,,,,,,,,
SS Iyer,2015-2025,125,1,1.0,0,7,0,-,-,7.00,-,0,0,
"(Delhi Capitals, Delhi Daredevils, Kolkata Knight Riders, Punjab Kings)",,,,,,,,,,,,,,
YBK Jaiswal,2020-2025,62,1,0.1,0,6,0,-,-,36.00,-,0,0,
(Rajasthan Royals),,,,,,,,,,,,,,
S Joseph,2024-2024,1,1,4.0,0,47,0,-,-,11.75,-,0,0,
(Lucknow Super Giants),,,,,,,,,,,,,,
CK Kapugedera,2008-2008,5,3,2.5,0,49,0,-,-,17.29,-,0,0,
(Chennai Super Kings),,,,,,,,,,,,,,
Karim Janat,2025-2025,1,1,1.0,0,30,0,-,-,30.00,-,0,0,
(Gujarat Titans),,,,,,,,,,,,,,
AA Kazi,2011-2011,1,1,2.0,0,21,0,-,-,10.50,-,0,0,
(Royal Challengers Bangalore),,,,,,,,,,,,,,
SN Khan,2015-2023,49,1,0.2,0,6,0,-,-,18.00,-,0,0,
"(Delhi Capitals, Kings XI Punjab, Punjab Kings, Royal Challengers Bangalore)",,,,,,,,,,,,,,
NL McCullum,2011-2011,2,2,5.0,0,34,0,-,-,6.80,-,0,0,
(Pune Warriors),,,,,,,,,,,,,,
I Malhotra,2011-2011,1,1,1.0,0,23,0,-,-,23.00,-,0,0,
(Deccan Chargers),,,,,,,,,,,,,,
Mandeep Singh,2010-2023,110,2,2.0,0,26,0,-,-,13.00,-,0,0,
"(Delhi Capitals, Kings XI Punjab, Kolkata Knight Riders, Punjab Kings, Royal Challengers Bangalore)",,,,,,,,,,,,,,
M Manhas,2008-2014,55,3,7.0,0,42,0,-,-,6.00,-,0,0,
"(Chennai Super Kings, Delhi Daredevils, Pune Warriors)",,,,,,,,,,,,,,
Mashrafe Mortaza,2009-2009,1,1,4.0,0,58,0,-,-,14.50,-,0,0,
(Kolkata Knight Riders),,,,,,,,,,,,,,
KR Mayers,2023-2023,12,6,7.0,0,59,0,-,-,8.42,-,0,0,
(Lucknow Super Giants),,,,,,,,,,,,,,
S Midhun,2019-2019,1,1,2.0,0,27,0,-,-,13.50,-,0,0,
(Rajasthan Royals),,,,,,,,,,,,,,
Mohit Rathee,2023-2023,1,1,2.0,0,29,0,-,-,14.50,-,0,0,
(Punjab Kings),,,,,,,,,,,,,,
Monu Kumar,2020-2020,1,1,2.0,0,20,0,-,-,10.00,-,0,0,
(Chennai Super Kings),,,,,,,,,,,,,,
SZ Mulani,2024-2024,2,2,5.0,0,57,0,-,-,11.40,-,0,0,
(Mumbai Indians),,,,,,,,,,,,,,
PWA Mulder,2025-2025,1,1,1.0,0,16,0,-,-,16.00,-,0,0,
(Sunrisers Hyderabad),,,,,,,,,,,,,,
C Munro,2016-2019,13,2,2.0,0,15,0,-,-,7.50,-,0,0,
"(Delhi Capitals, Delhi Daredevils, Kolkata Knight Riders)",,,,,,,,,,,,,,
Naman Dhir,2024-2025,17,4,7.4,0,67,0,-,-,8.73,-,0,0,
(Mumbai Indians),,,,,,,,,,,,,,
MG Neser,2013-2013,1,1,4.0,0,62,0,-,-,15.50,-,0,0,
(Kings XI Punjab),,,,,,,,,,,,,,
J Overton,2025-2025,3,3,6.0,0,83,0,-,-,13.83,-,0,0,
(Chennai Super Kings),,,,,,,,,,,,,,
MB Parmar,2010-2010,1,1,3.0,0,33,0,-,-,11.00,-,0,0,
(Kolkata Knight Riders),,,,,,,,,,,,,,
RV Patel,2021-2023,9,1,3.0,0,22,0,-,-,7.33,-,0,0,
(Delhi Capitals),,,,,,,,,,,,,,
AUK Pathan,2011-2012,8,3,6.3,0,63,0,-,-,9.69,-,0,0,
(Royal Challengers Bangalore),,,,,,,,,,,,,,
P Prasanth,2011-2011,1,1,1.0,0,18,0,-,-,18.00,-,0,0,
(Kochi Tuskers Kerala),,,,,,,,,,,,,,
RW Price,2011-2011,1,1,3.0,0,33,0,-,-,11.00,-,0,0,
(Mumbai Indians),,,,,,,,,,,,,,
S Rana,2011-2014,11,3,2.4,0,18,0,-,-,6.75,-,0,0,
"(Pune Warriors, Royal Challengers Bangalore)",,,,,,,,,,,,,,
AS Raut,2009-2011,22,5,5.0,0,44,0,-,-,8.80,-,0,0,
(Rajasthan Royals),,,,,,,,,,,,,,
R Ravindra,2024-2025,18,2,2.0,0,7,0,-,-,3.50,-,0,0,
(Chennai Super Kings),,,,,,,,,,,,,,
P Ray Barman,2019-2019,1,1,4.0,0,56,0,-,-,14.00,-,0,0,
(Royal Challengers Bangalore),,,,,,,,,,,,,,
NJ Rimmington,2011-2011,1,1,3.0,0,19,0,-,-,6.33,-,0,0,
(Kings XI Punjab),,,,,,,,,,,,,,
KAJ Roach,2010-2010,2,2,8.0,0,80,0,-,-,10.00,-,0,0,
(Deccan Chargers),,,,,,,,,,,,,,
BJ Rohrer,2013-2013,8,1,1.0,0,12,0,-,-,12.00,-,0,0,
(Delhi Daredevils),,,,,,,,,,,,,,
JE Root,2023-2023,3,1,2.0,0,14,0,-,-,7.00,-,0,0,
(Rajasthan Royals),,,,,,,,,,,,,,
R Sanjay Yadav,2022-2022,1,1,2.0,0,23,0,-,-,11.50,-,0,0,
(Mumbai Indians),,,,,,,,,,,,,,
Jalaj S Saxena,2021-2021,1,1,3.0,0,27,0,-,-,9.00,-,0,0,
(Punjab Kings),,,,,,,,,,,,,,
M Shahrukh Khan,2021-2025,49,2,2.0,0,15,0,-,-,7.50,-,0,0,
"(Gujarat Titans, Punjab Kings)",,,,,,,,,,,,,,
RA Shaikh,2009-2009,1,1,1.0,0,11,0,-,-,11.00,-,0,0,
(Mumbai Indians),,,,,,,,,,,,,,
H Sharma,2023-2024,2,2,5.0,0,57,0,-,-,11.40,-,0,0,
"(Royal Challengers Bangalore, Royal Challengers Bengaluru)",,,,,,,,,,,,,,
MW Short,2023-2023,6,3,4.0,0,25,0,-,-,6.25,-,0,0,
(Punjab Kings),,,,,,,,,,,,,,
LPC Silva,2008-2008,3,1,1.0,0,21,0,-,-,21.00,-,0,0,
(Deccan Chargers),,,,,,,,,,,,,,
SPD Smith,2012-2021,103,1,0.2,0,5,0,-,-,15.00,-,0,0,
"(Delhi Capitals, Pune Warriors, Rajasthan Royals, Rising Pune Supergiant, Rising Pune Supergiants)",,,,,,,,,,,,,,
S Sriram,2010-2011,2,2,3.0,0,49,0,-,-,16.33,-,0,0,
"(Delhi Daredevils, Royal Challengers Bangalore)",,,,,,,,,,,,,,
Sumit Kumar,2024-2024,4,2,3.2,0,38,0,-,-,11.40,-,0,0,
(Delhi Capitals),,,,,,,,,,,,,,
Suryansh Shedge,2025-2025,5,1,3.0,0,40,0,-,-,13.33,-,0,0,
(Punjab Kings),,,,,,,,,,,,,,
MJ Suthar,2024-2024,1,1,2.0,0,26,0,-,-,13.00,-,0,0,
(Gujarat Titans),,,,,,,,,,,,,,
A Taide,2023-2024,9,1,0.1,0,4,0,-,-,24.00,-,0,0,
(Punjab Kings),,,,,,,,,,,,,,
LRPL Taylor,2008-2014,55,2,2.0,0,24,0,-,-,12.00,-,0,0,
"(Delhi Daredevils, Pune Warriors, Rajasthan Royals, Royal Challengers Bangalore)",,,,,,,,,,,,,,
Tejas Baroka,2017-2017,1,1,3.3,0,33,0,-,-,9.42,-,0,0,
(Gujarat Lions),,,,,,,,,,,,,,
SR Tendulkar,2008-2013,78,4,6.0,0,58,0,-,-,9.66,-,0,0,
(Mumbai Indians),,,,,,,,,,,,,,
NT Tilak Varma,2022-2025,48,4,3.4,0,28,0,-,-,7.63,-,0,0,
(Mumbai Indians),,,,,,,,,,,,,,
RA Tripathi,2017-2025,100,1,1.0,0,12,0,-,-,12.00,-,0,0,
"(Chennai Super Kings, Kolkata Knight Riders, Rajasthan Royals, Rising Pune Supergiant, Sunrisers Hyderabad)",,,,,,,,,,,,,,
K Upadhyay,2012-2013,3,3,9.0,0,81,0,-,-,9.00,-,0,0,
(Pune Warriors),,,,,,,,,,,,,,
M Vijay,2009-2020,106,4,6.0,0,49,0,-,-,8.16,-,0,0,
"(Chennai Super Kings, Delhi Daredevils, Kings XI Punjab)",,,,,,,,,,,,,,
Vivrant Sharma,2023-2023,3,2,3.0,0,37,0,-,-,12.33,-,0,0,
(Sunrisers Hyderabad),,,,,,,,,,,,,,
AC Voges,2010-2010,9,7,9.0,0,76,0,-,-,8.44,-,0,0,
(Rajasthan Royals),,,,,,,,,,,,,,
N Wadhera,2023-2025,29,2,2.5,0,22,0,-,-,7.76,-,0,0,
"(Mumbai Indians, Punjab Kings)",,,,,,,,,,,,,,
DA Warner,2009-2024,183,1,0.1,0,2,0,-,-,12.00,-,0,0,
"(Delhi Capitals, Delhi Daredevils, Sunrisers Hyderabad)",,,,,,,,,,,,,,
KS Williamson,2015-2024,79,2,3.0,0,31,0,-,-,10.33,-,0,0,
"(Gujarat Titans, Sunrisers Hyderabad)",,,,,,,,,,,,,,
SA Yadav,2012-2025,160,1,1.0,0,8,0,-,-,8.00,-,0,0,
"(Kolkata Knight Riders, Mumbai Indians)",,,,,,,,,,,,,,
VS Yeligati,2008-2008,2,2,5.0,0,59,0,-,-,11.80,-,0,0,
(Mumbai Indians),,,,,,,,,,,,,,
AR Bawne,2017-2017,1,-,-,-,-,-,-,-,-,-,-,-,
(Delhi Daredevils),,,,,,,,,,,,,,
Abdul Basith,2023-2023,1,-,-,-,-,-,-,-,-,-,-,-,
(Rajasthan Royals),,,,,,,,,,,,,,
Abishek Porel,2023-2025,28,-,-,-,-,-,-,-,-,-,-,-,
(Delhi Capitals),,,,,,,,,,,,,,
AD Nath,2016-2019,14,-,-,-,-,-,-,-,-,-,-,-,
"(Gujarat Lions, Kings XI Punjab, Royal Challengers Bangalore)",,,,,,,,,,,,,,
MA Agarwal,2011-2024,126,-,-,-,-,-,-,-,-,-,-,-,
"(Delhi Daredevils, Kings XI Punjab, Punjab Kings, Rising Pune Supergiant, Royal Challengers Bangalore, Sunrisers Hyderabad)",,,,,,,,,,,,,,
HM Amla,2016-2017,16,-,-,-,-,-,-,-,-,-,-,-,
(Kings XI Punjab),,,,,,,,,,,,,,
S Anirudha,2008-2014,20,-,-,-,-,-,-,-,-,-,-,-,
"(Chennai Super Kings, Sunrisers Hyderabad)",,,,,,,,,,,,,,
Anirudh Singh,2010-2010,5,-,-,-,-,-,-,-,-,-,-,-,
(Deccan Chargers),,,,,,,,,,,,,,
Anmolpreet Singh,2021-2024,9,-,-,-,-,-,-,-,-,-,-,-,
"(Mumbai Indians, Sunrisers Hyderabad)",,,,,,,,,,,,,,
Anuj Rawat,2021-2024,24,-,-,-,-,-,-,-,-,-,-,-,
"(Rajasthan Royals, Royal Challengers Bangalore, Royal Challengers Bengaluru)",,,,,,,,,,,,,,
KB Arun Karthik,2010-2013,17,-,-,-,-,-,-,-,-,-,-,-,
"(Chennai Super Kings, Royal Challengers Bangalore)",,,,,,,,,,,,,,
J Arunkumar,2008-2008,3,-,-,-,-,-,-,-,-,-,-,-,
(Royal Challengers Bangalore),,,,,,,,,,,,,,
P Arya,2025-2025,10,-,-,-,-,-,-,-,-,-,-,-,
(Punjab Kings),,,,,,,,,,,,,,
SA Asnodkar,2008-2011,20,-,-,-,-,-,-,-,-,-,-,-,
(Rajasthan Royals),,,,,,,,,,,,,,
S Badrinath,2008-2013,94,-,-,-,-,-,-,-,-,-,-,-,
(Chennai Super Kings),,,,,,,,,,,,,,
GJ Bailey,2009-2016,40,-,-,-,-,-,-,-,-,-,-,-,
"(Chennai Super Kings, Kings XI Punjab, Rising Pune Supergiants)",,,,,,,,,,,,,,
JM Bairstow,2019-2024,50,-,-,-,-,-,-,-,-,-,-,-,
"(Punjab Kings, Sunrisers Hyderabad)",,,,,,,,,,,,,,
T Banton,2020-2020,2,-,-,-,-,-,-,-,-,-,-,-,
(Kolkata Knight Riders),,,,,,,,,,,,,,
AB Barath,2010-2010,3,-,-,-,-,-,-,-,-,-,-,-,
(Kings XI Punjab),,,,,,,,,,,,,,
RA Bawa,2022-2025,3,-,-,-,-,-,-,-,-,-,-,-,
"(Mumbai Indians, Punjab Kings)",,,,,,,,,,,,,,
F Behardien,2016-2016,3,-,-,-,-,-,-,-,-,-,-,-,
(Kings XI Punjab),,,,,,,,,,,,,,
JG Bethell,2025-2025,1,-,-,-,-,-,-,-,-,-,-,-,
(Royal Challengers Bengaluru),,,,,,,,,,,,,,
MS Bhandage,2025-2025,1,-,-,-,-,-,-,-,-,-,-,-,
(Royal Challengers Bengaluru),,,,,,,,,,,,,,
KS Bharat,2021-2022,10,-,-,-,-,-,-,-,-,-,-,-,
"(Delhi Capitals, Royal Challengers Bangalore)",,,,,,,,,,,,,,
RK Bhui,2018-2024,4,-,-,-,-,-,-,-,-,-,-,-,
"(Delhi Capitals, Sunrisers Hyderabad)",,,,,,,,,,,,,,
AA Bilakhia,2009-2010,7,-,-,-,-,-,-,-,-,-,-,-,
(Deccan Chargers),,,,,,,,,,,,,,
SW Billings,2016-2022,30,-,-,-,-,-,-,-,-,-,-,-,
"(Chennai Super Kings, Delhi Daredevils, Kolkata Knight Riders)",,,,,,,,,,,,,,
UA Birla,2013-2013,2,-,-,-,-,-,-,-,-,-,-,-,
(Pune Warriors),,,,,,,,,,,,,,
TR Birt,2011-2011,5,-,-,-,-,-,-,-,-,-,-,-,
(Delhi Daredevils),,,,,,,,,,,,,,
R Bishnoi,2009-2009,3,-,-,-,-,-,-,-,-,-,-,-,
(Royal Challengers Bangalore),,,,,,,,,,,,,,
MS Bisla,2010-2015,39,-,-,-,-,-,-,-,-,-,-,-,
"(Kings XI Punjab, Kolkata Knight Riders, Royal Challengers Bangalore)",,,,,,,,,,,,,,
AC Blizzard,2011-2012,7,-,-,-,-,-,-,-,-,-,-,-,
(Mumbai Indians),,,,,,,,,,,,,,
MV Boucher,2008-2011,31,-,-,-,-,-,-,-,-,-,-,-,
"(Kolkata Knight Riders, Royal Challengers Bangalore)",,,,,,,,,,,,,,
DM Bravo,2017-2017,1,-,-,-,-,-,-,-,-,-,-,-,
(Kolkata Knight Riders),,,,,,,,,,,,,,
HC Brook,2023-2023,11,-,-,-,-,-,-,-,-,-,-,-,
(Sunrisers Hyderabad),,,,,,,,,,,,,,
JC Buttler,2016-2025,116,-,-,-,-,-,-,-,-,-,-,-,
"(Gujarat Titans, Mumbai Indians, Rajasthan Royals)",,,,,,,,,,,,,,
AT Carey,2020-2020,3,-,-,-,-,-,-,-,-,-,-,-,
(Delhi Capitals),,,,,,,,,,,,,,
UBT Chand,2011-2016,21,-,-,-,-,-,-,-,-,-,-,-,
"(Delhi Daredevils, Mumbai Indians, Rajasthan Royals)",,,,,,,,,,,,,,
S Chanderpaul,2008-2008,3,-,-,-,-,-,-,-,-,-,-,-,
(Royal Challengers Bangalore),,,,,,,,,,,,,,
SD Chauhan,2024-2024,3,-,-,-,-,-,-,-,-,-,-,-,
(Royal Challengers Bengaluru),,,,,,,,,,,,,,
A Chopra,2008-2009,7,-,-,-,-,-,-,-,-,-,-,-,
(Kolkata Knight Riders),,,,,,,,,,,,,,
P Chopra,2018-2019,2,-,-,-,-,-,-,-,-,-,-,-,
(Rajasthan Royals),,,,,,,,,,,,,,
DP Conway,2022-2025,26,-,-,-,-,-,-,-,-,-,-,-,
(Chennai Super Kings),,,,,,,,,,,,,,
DB Das,2008-2013,31,-,-,-,-,-,-,-,-,-,-,-,
(Kolkata Knight Riders),,,,,,,,,,,,,,
H Das,2008-2008,1,-,-,-,-,-,-,-,-,-,-,-,
(Deccan Chargers),,,,,,,,,,,,,,
TH David,2021-2025,48,-,-,-,-,-,-,-,-,-,-,-,
"(Mumbai Indians, Royal Challengers Bangalore, Royal Challengers Bengaluru)",,,,,,,,,,,,,,
Q de Kock,2013-2025,114,-,-,-,-,-,-,-,-,-,-,-,
"(Delhi Daredevils, Kolkata Knight Riders, Lucknow Super Giants, Mumbai Indians, Royal Challengers Bangalore, Sunrisers Hyderabad)",,,,,,,,,,,,,,
JL Denly,2019-2019,1,-,-,-,-,-,-,-,-,-,-,-,
(Kolkata Knight Riders),,,,,,,,,,,,,,
KH Devdhar,2011-2011,1,-,-,-,-,-,-,-,-,-,-,-,
(Deccan Chargers),,,,,,,,,,,,,,
AB de Villiers,2008-2021,182,-,-,-,-,-,-,-,-,-,-,-,
"(Delhi Daredevils, Royal Challengers Bangalore)",,,,,,,,,,,,,,
P Dharmani,2008-2008,1,-,-,-,-,-,-,-,-,-,-,-,
(Kings XI Punjab),,,,,,,,,,,,,,
MS Dhoni,2008-2025,273,-,-,-,-,-,-,-,-,-,-,-,
"(Chennai Super Kings, Rising Pune Supergiant, Rising Pune Supergiants)",,,,,,,,,,,,,,
YV Dhull,2023-2023,4,-,-,-,-,-,-,-,-,-,-,-,
(Delhi Capitals),,,,,,,,,,,,,,
P Dogra,2010-2013,13,-,-,-,-,-,-,-,-,-,-,-,
"(Kings XI Punjab, Kolkata Knight Riders, Rajasthan Royals)",,,,,,,,,,,,,,
R Dravid,2008-2013,89,-,-,-,-,-,-,-,-,-,-,-,
"(Rajasthan Royals, Royal Challengers Bangalore)",,,,,,,,,,,,,,
SB Dubey,2024-2025,10,-,-,-,-,-,-,-,-,-,-,-,
(Rajasthan Royals),,,,,,,,,,,,,,
BR Dunk,2014-2014,3,-,-,-,-,-,-,-,-,-,-,-,
(Mumbai Indians),,,,,,,,,,,,,,
ER Dwivedi,2016-2016,4,-,-,-,-,-,-,-,-,-,-,-,
(Gujarat Lions),,,,,,,,,,,,,,
CJ Ferguson,2011-2012,9,-,-,-,-,-,-,-,-,-,-,-,
(Pune Warriors),,,,,,,,,,,,,,
D Ferreira,2024-2025,3,-,-,-,-,-,-,-,-,-,-,-,
"(Delhi Capitals, Rajasthan Royals)",,,,,,,,,,,,,,
SP Fleming,2008-2008,10,-,-,-,-,-,-,-,-,-,-,-,
(Chennai Super Kings),,,,,,,,,,,,,,
J Fraser-McGurk,2024-2025,15,-,-,-,-,-,-,-,-,-,-,-,
(Delhi Capitals),,,,,,,,,,,,,,
RD Gaikwad,2020-2025,71,-,-,-,-,-,-,-,-,-,-,-,
(Chennai Super Kings),,,,,,,,,,,,,,
G Gambhir,2008-2018,154,-,-,-,-,-,-,-,-,-,-,-,
"(Delhi Daredevils, Kolkata Knight Riders)",,,,,,,,,,,,,,
PK Garg,2020-2023,23,-,-,-,-,-,-,-,-,-,-,-,
"(Delhi Capitals, Sunrisers Hyderabad)",,,,,,,,,,,,,,
CM Gautam,2013-2015,13,-,-,-,-,-,-,-,-,-,-,-,
"(Delhi Daredevils, Mumbai Indians)",,,,,,,,,,,,,,
AN Ghosh,2009-2009,2,-,-,-,-,-,-,-,-,-,-,-,
(Kolkata Knight Riders),,,,,,,,,,,,,,
HH Gibbs,2008-2012,36,-,-,-,-,-,-,-,-,-,-,-,
"(Deccan Chargers, Mumbai Indians)",,,,,,,,,,,,,,
SP Goswami,2008-2020,31,-,-,-,-,-,-,-,-,-,-,-,
"(Kolkata Knight Riders, Rajasthan Royals, Royal Challengers Bangalore, Sunrisers Hyderabad)",,,,,,,,,,,,,,
MJ Guptill,2016-2019,13,-,-,-,-,-,-,-,-,-,-,-,
"(Kings XI Punjab, Mumbai Indians, Sunrisers Hyderabad)",,,,,,,,,,,,,,
BJ Haddin,2011-2011,1,-,-,-,-,-,-,-,-,-,-,-,
(Kolkata Knight Riders),,,,,,,,,,,,,,
AD Hales,2018-2018,6,-,-,-,-,-,-,-,-,-,-,-,
(Sunrisers Hyderabad),,,,,,,,,,,,,,
PSP Handscomb,2016-2016,2,-,-,-,-,-,-,-,-,-,-,-,
(Rising Pune Supergiants),,,,,,,,,,,,,,
Harpreet Singh,2010-2024,9,-,-,-,-,-,-,-,-,-,-,-,
"(Kolkata Knight Riders, Pune Warriors, Punjab Kings)",,,,,,,,,,,,,,
ML Hayden,2008-2010,32,-,-,-,-,-,-,-,-,-,-,-,
(Chennai Super Kings),,,,,,,,,,,,,,
SO Hetmyer,2019-2025,82,-,-,-,-,-,-,-,-,-,-,-,
"(Delhi Capitals, Rajasthan Royals, Royal Challengers Bangalore)",,,,,,,,,,,,,,
Himmat Singh,2025-2025,1,-,-,-,-,-,-,-,-,-,-,-,
(Lucknow Super Giants),,,,,,,,,,,,,,
SD Hope,2024-2024,9,-,-,-,-,-,-,-,-,-,-,-,
(Delhi Capitals),,,,,,,,,,,,,,
MEK Hussey,2008-2015,59,-,-,-,-,-,-,-,-,-,-,-,
"(Chennai Super Kings, Mumbai Indians)",,,,,,,,,,,,,,
B Indrajith,2022-2022,3,-,-,-,-,-,-,-,-,-,-,-,
(Kolkata Knight Riders),,,,,,,,,,,,,,
JP Inglis,2025-2025,5,-,-,-,-,-,-,-,-,-,-,-,
(Punjab Kings),,,,,,,,,,,,,,
CA Ingram,2011-2019,14,-,-,-,-,-,-,-,-,-,-,-,
"(Delhi Capitals, Delhi Daredevils)",,,,,,,,,,,,,,
SP Jackson,2017-2022,9,-,-,-,-,-,-,-,-,-,-,-,
(Kolkata Knight Riders),,,,,,,,,,,,,,
DJ Jacobs,2011-2012,7,-,-,-,-,-,-,-,-,-,-,-,
(Mumbai Indians),,,,,,,,,,,,,,
KM Jadhav,2010-2023,95,-,-,-,-,-,-,-,-,-,-,-,
"(Chennai Super Kings, Delhi Daredevils, Kochi Tuskers Kerala, Royal Challengers Bangalore, Sunrisers Hyderabad)",,,,,,,,,,,,,,
W Jaffer,2008-2009,8,-,-,-,-,-,-,-,-,-,-,-,
(Royal Challengers Bangalore),,,,,,,,,,,,,,
N Jagadeesan,2020-2023,13,-,-,-,-,-,-,-,-,-,-,-,
"(Chennai Super Kings, Kolkata Knight Riders)",,,,,,,,,,,,,,
IR Jaggi,2011-2017,7,-,-,-,-,-,-,-,-,-,-,-,
"(Deccan Chargers, Kolkata Knight Riders)",,,,,,,,,,,,,,
DPMD Jayawardene,2008-2013,80,-,-,-,-,-,-,-,-,-,-,-,
"(Delhi Daredevils, Kings XI Punjab, Kochi Tuskers Kerala)",,,,,,,,,,,,,,
MC Juneja,2013-2013,7,-,-,-,-,-,-,-,-,-,-,-,
(Delhi Daredevils),,,,,,,,,,,,,,
DC Jurel,2023-2025,37,-,-,-,-,-,-,-,-,-,-,-,
(Rajasthan Royals),,,,,,,,,,,,,,
M Kaif,2008-2012,29,-,-,-,-,-,-,-,-,-,-,-,
"(Kings XI Punjab, Rajasthan Royals, Royal Challengers Bangalore)",,,,,,,,,,,,,,
Kamran Akmal,2008-2008,6,-,-,-,-,-,-,-,-,-,-,-,
(Rajasthan Royals),,,,,,,,,,,,,,
KD Karthik,2008-2024,256,-,-,-,-,-,-,-,-,-,-,-,
"(Delhi Daredevils, Gujarat Lions, Kings XI Punjab, Kolkata Knight Riders, Mumbai Indians, Royal Challengers Bangalore, Royal Challengers Bengaluru)",,,,,,,,,,,,,,
SM Katich,2008-2009,11,-,-,-,-,-,-,-,-,-,-,-,
(Kings XI Punjab),,,,,,,,,,,,,,
U Kaul,2008-2008,5,-,-,-,-,-,-,-,-,-,-,-,
(Kings XI Punjab),,,,,,,,,,,,,,
UT Khawaja,2016-2016,6,-,-,-,-,-,-,-,-,-,-,-,
(Rising Pune Supergiants),,,,,,,,,,,,,,
H Klaasen,2018-2025,44,-,-,-,-,-,-,-,-,-,-,-,
"(Rajasthan Royals, Royal Challengers Bangalore, Sunrisers Hyderabad)",,,,,,,,,,,,,,
M Klinger,2011-2011,4,-,-,-,-,-,-,-,-,-,-,-,
(Kochi Tuskers Kerala),,,,,,,,,,,,,,
T Kohler-Cadmore,2024-2024,3,-,-,-,-,-,-,-,-,-,-,-,
(Rajasthan Royals),,,,,,,,,,,,,,
T Kohli,2008-2009,4,-,-,-,-,-,-,-,-,-,-,-,
"(Kings XI Punjab, Rajasthan Royals)",,,,,,,,,,,,,,
TK Kotian,2024-2024,1,-,-,-,-,-,-,-,-,-,-,-,
(Rajasthan Royals),,,,,,,,,,,,,,
AA Kulkarni,2024-2024,2,-,-,-,-,-,-,-,-,-,-,-,
(Lucknow Super Giants),,,,,,,,,,,,,,
K Kushagra,2024-2024,4,-,-,-,-,-,-,-,-,-,-,-,
(Delhi Capitals),,,,,,,,,,,,,,
SD Lad,2019-2019,1,-,-,-,-,-,-,-,-,-,-,-,
(Mumbai Indians),,,,,,,,,,,,,,
VVS Laxman,2008-2011,20,-,-,-,-,-,-,-,-,-,-,-,
"(Deccan Chargers, Kochi Tuskers Kerala)",,,,,,,,,,,,,,
DS Lehmann,2008-2008,2,-,-,-,-,-,-,-,-,-,-,-,
(Rajasthan Royals),,,,,,,,,,,,,,
RE Levi,2012-2012,6,-,-,-,-,-,-,-,-,-,-,-,
(Mumbai Indians),,,,,,,,,,,,,,
E Lewis,2018-2022,27,-,-,-,-,-,-,-,-,-,-,-,
"(Lucknow Super Giants, Mumbai Indians, Rajasthan Royals)",,,,,,,,,,,,,,
Litton Das,2023-2023,1,-,-,-,-,-,-,-,-,-,-,-,
(Kolkata Knight Riders),,,,,,,,,,,,,,
MJ Lumb,2010-2011,12,-,-,-,-,-,-,-,-,-,-,-,
"(Deccan Chargers, Rajasthan Royals)",,,,,,,,,,,,,,
CA Lynn,2012-2021,42,-,-,-,-,-,-,-,-,-,-,-,
"(Deccan Chargers, Kolkata Knight Riders, Mumbai Indians)",,,,,,,,,,,,,,
BB McCullum,2008-2018,109,-,-,-,-,-,-,-,-,-,-,-,
"(Chennai Super Kings, Gujarat Lions, Kochi Tuskers Kerala, Kolkata Knight Riders, Royal Challengers Bangalore)",,,,,,,,,,,,,,
C Madan,2010-2010,1,-,-,-,-,-,-,-,-,-,-,-,
(Mumbai Indians),,,,,,,,,,,,,,
NJ Maddinson,2014-2015,3,-,-,-,-,-,-,-,-,-,-,-,
(Royal Challengers Bangalore),,,,,,,,,,,,,,
AP Majumdar,2012-2012,4,-,-,-,-,-,-,-,-,-,-,-,
(Pune Warriors),,,,,,,,,,,,,,
DJ Malan,2021-2021,1,-,-,-,-,-,-,-,-,-,-,-,
(Punjab Kings),,,,,,,,,,,,,,
PN Mankad,2022-2023,6,-,-,-,-,-,-,-,-,-,-,-,
"(Lucknow Super Giants, Punjab Kings)",,,,,,,,,,,,,,
A Manohar,2022-2025,24,-,-,-,-,-,-,-,-,-,-,-,
"(Gujarat Titans, Sunrisers Hyderabad)",,,,,,,,,,,,,,
SE Marsh,2008-2017,71,-,-,-,-,-,-,-,-,-,-,-,
(Kings XI Punjab),,,,,,,,,,,,,,
DR Martyn,2010-2010,1,-,-,-,-,-,-,-,-,-,-,-,
(Rajasthan Royals),,,,,,,,,,,,,,
A Mhatre,2025-2025,3,-,-,-,-,-,-,-,-,-,-,-,
(Chennai Super Kings),,,,,,,,,,,,,,
DA Miller,2012-2025,140,-,-,-,-,-,-,-,-,-,-,-,
"(Gujarat Titans, Kings XI Punjab, Lucknow Super Giants, Rajasthan Royals)",,,,,,,,,,,,,,
R Minz,2025-2025,2,-,-,-,-,-,-,-,-,-,-,-,
(Mumbai Indians),,,,,,,,,,,,,,
Misbah-ul-Haq,2008-2008,8,-,-,-,-,-,-,-,-,-,-,-,
(Royal Challengers Bangalore),,,,,,,,,,,,,,
MD Mishra,2010-2012,18,-,-,-,-,-,-,-,-,-,-,-,
"(Deccan Chargers, Pune Warriors)",,,,,,,,,,,,,,
T Mishra,2012-2012,1,-,-,-,-,-,-,-,-,-,-,-,
(Deccan Chargers),,,,,,,,,,,,,,
Mohammad Ashraful,2009-2009,1,-,-,-,-,-,-,-,-,-,-,-,
(Mumbai Indians),,,,,,,,,,,,,,
EJG Morgan,2010-2021,83,-,-,-,-,-,-,-,-,-,-,-,
"(Kings XI Punjab, Kolkata Knight Riders, Royal Challengers Bangalore, Sunrisers Hyderabad)",,,,,,,,,,,,,,
A Mukund,2008-2013,3,-,-,-,-,-,-,-,-,-,-,-,
"(Chennai Super Kings, Royal Challengers Bangalore)",,,,,,,,,,,,,,
NS Naik,2016-2020,4,-,-,-,-,-,-,-,-,-,-,-,
"(Kings XI Punjab, Kolkata Knight Riders)",,,,,,,,,,,,,,
KK Nair,2013-2025,82,-,-,-,-,-,-,-,-,-,-,-,
"(Delhi Capitals, Delhi Daredevils, Kings XI Punjab, Rajasthan Royals, Royal Challengers Bangalore)",,,,,,,,,,,,,,
NV Ojha,2009-2018,112,-,-,-,-,-,-,-,-,-,-,-,
"(Delhi Daredevils, Rajasthan Royals, Sunrisers Hyderabad)",,,,,,,,,,,,,,
D Padikkal,2020-2025,73,-,-,-,-,-,-,-,-,-,-,-,
"(Lucknow Super Giants, Rajasthan Royals, Royal Challengers Bangalore, Royal Challengers Bengaluru)",,,,,,,,,,,,,,
TD Paine,2011-2011,2,-,-,-,-,-,-,-,-,-,-,-,
(Pune Warriors),,,,,,,,,,,,,,
MK Pandey,2008-2025,172,-,-,-,-,-,-,-,-,-,-,-,
"(Delhi Capitals, Kolkata Knight Riders, Lucknow Super Giants, Mumbai Indians, Pune Warriors, Royal Challengers Bangalore, Sunrisers Hyderabad)",,,,,,,,,,,,,,
RR Pant,2016-2025,121,-,-,-,-,-,-,-,-,-,-,-,
"(Delhi Capitals, Delhi Daredevils, Lucknow Super Giants)",,,,,,,,,,,,,,
NK Patel,2008-2009,9,-,-,-,-,-,-,-,-,-,-,-,
(Rajasthan Royals),,,,,,,,,,,,,,
PA Patel,2008-2019,139,-,-,-,-,-,-,-,-,-,-,-,
"(Chennai Super Kings, Deccan Chargers, Kochi Tuskers Kerala, Mumbai Indians, Royal Challengers Bangalore, Sunrisers Hyderabad)",,,,,,,,,,,,,,
RM Patidar,2021-2025,37,-,-,-,-,-,-,-,-,-,-,-,
"(Royal Challengers Bangalore, Royal Challengers Bengaluru)",,,,,,,,,,,,,,
DT Patil,2008-2008,2,-,-,-,-,-,-,-,-,-,-,-,
(Royal Challengers Bangalore),,,,,,,,,,,,,,
AG Paunikar,2010-2011,5,-,-,-,-,-,-,-,-,-,-,-,
(Rajasthan Royals),,,,,,,,,,,,,,
RV Pawar,2008-2008,1,-,-,-,-,-,-,-,-,-,-,-,
(Mumbai Indians),,,,,,,,,,,,,,
MDKJ Perera,2013-2013,2,-,-,-,-,-,-,-,-,-,-,-,
(Rajasthan Royals),,,,,,,,,,,,,,
JR Philippe,2020-2020,5,-,-,-,-,-,-,-,-,-,-,-,
(Royal Challengers Bangalore),,,,,,,,,,,,,,
LA Pomersbach,2008-2013,17,-,-,-,-,-,-,-,-,-,-,-,
"(Kings XI Punjab, Royal Challengers Bangalore)",,,,,,,,,,,,,,
RT Ponting,2008-2013,10,-,-,-,-,-,-,-,-,-,-,-,
"(Kolkata Knight Riders, Mumbai Indians)",,,,,,,,,,,,,,
N Pooran,2019-2025,85,-,-,-,-,-,-,-,-,-,-,-,
"(Kings XI Punjab, Lucknow Super Giants, Punjab Kings, Sunrisers Hyderabad)",,,,,,,,,,,,,,
Prabhsimran Singh,2019-2025,44,-,-,-,-,-,-,-,-,-,-,-,
"(Kings XI Punjab, Punjab Kings)",,,,,,,,,,,,,,
SS Prabhudessai,2022-2024,11,-,-,-,-,-,-,-,-,-,-,-,
"(Royal Challengers Bangalore, Royal Challengers Bengaluru)",,,,,,,,,,,,,,
CA Pujara,2010-2014,30,-,-,-,-,-,-,-,-,-,-,-,
"(Kings XI Punjab, Kolkata Knight Riders, Royal Challengers Bangalore)",,,,,,,,,,,,,,
RJ Quiney,2009-2009,7,-,-,-,-,-,-,-,-,-,-,-,
(Rajasthan Royals),,,,,,,,,,,,,,
A Raghuvanshi,2024-2025,19,-,-,-,-,-,-,-,-,-,-,-,
(Kolkata Knight Riders),,,,,,,,,,,,,,
Rahmanullah Gurbaz,2023-2025,16,-,-,-,-,-,-,-,-,-,-,-,
(Kolkata Knight Riders),,,,,,,,,,,,,,
KL Rahul,2013-2025,141,-,-,-,-,-,-,-,-,-,-,-,
"(Delhi Capitals, Kings XI Punjab, Lucknow Super Giants, Punjab Kings, Royal Challengers Bangalore, Sunrisers Hyderabad)",,,,,,,,,,,,,,
PBB Rajapaksa,2022-2023,13,-,-,-,-,-,-,-,-,-,-,-,
(Punjab Kings),,,,,,,,,,,,,,
SK Rasheed,2025-2025,4,-,-,-,-,-,-,-,-,-,-,-,
(Chennai Super Kings),,,,,,,,,,,,,,
M Rawat,2008-2013,18,-,-,-,-,-,-,-,-,-,-,-,
"(Pune Warriors, Rajasthan Royals)",,,,,,,,,,,,,,
AT Rayudu,2010-2023,204,-,-,-,-,-,-,-,-,-,-,-,
"(Chennai Super Kings, Mumbai Indians)",,,,,,,,,,,,,,
PA Reddy,2012-2013,12,-,-,-,-,-,-,-,-,-,-,-,
"(Deccan Chargers, Sunrisers Hyderabad)",,,,,,,,,,,,,,
RD Rickelton,2025-2025,10,-,-,-,-,-,-,-,-,-,-,-,
(Mumbai Indians),,,,,,,,,,,,,,
L Ronchi,2008-2009,5,-,-,-,-,-,-,-,-,-,-,-,
(Mumbai Indians),,,,,,,,,,,,,,
RR Rossouw,2014-2024,22,-,-,-,-,-,-,-,-,-,-,-,
"(Delhi Capitals, Punjab Kings, Royal Challengers Bangalore)",,,,,,,,,,,,,,
JJ Roy,2017-2023,21,-,-,-,-,-,-,-,-,-,-,-,
"(Delhi Daredevils, Gujarat Lions, Kolkata Knight Riders, Sunrisers Hyderabad)",,,,,,,,,,,,,,
WP Saha,2008-2024,169,-,-,-,-,-,-,-,-,-,-,-,
"(Chennai Super Kings, Gujarat Titans, Kings XI Punjab, Kolkata Knight Riders, Sunrisers Hyderabad)",,,,,,,,,,,,,,
N Saini,2012-2012,10,-,-,-,-,-,-,-,-,-,-,-,
(Kings XI Punjab),,,,,,,,,,,,,,
B Sai Sudharsan,2022-2025,34,-,-,-,-,-,-,-,-,-,-,-,
(Gujarat Titans),,,,,,,,,,,,,,
Salman Butt,2008-2008,7,-,-,-,-,-,-,-,-,-,-,-,
(Kolkata Knight Riders),,,,,,,,,,,,,,
PD Salt,2023-2025,30,-,-,-,-,-,-,-,-,-,-,-,
"(Delhi Capitals, Kolkata Knight Riders, Royal Challengers Bengaluru)",,,,,,,,,,,,,,
BB Samantray,2012-2013,9,-,-,-,-,-,-,-,-,-,-,-,
"(Deccan Chargers, Sunrisers Hyderabad)",,,,,,,,,,,,,,
Sameer Rizvi,2024-2025,10,-,-,-,-,-,-,-,-,-,-,-,
"(Chennai Super Kings, Delhi Capitals)",,,,,,,,,,,,,,
SV Samson,2013-2025,174,-,-,-,-,-,-,-,-,-,-,-,
"(Delhi Daredevils, Rajasthan Royals)",,,,,,,,,,,,,,
KC Sangakkara,2008-2013,71,-,-,-,-,-,-,-,-,-,-,-,
"(Deccan Chargers, Kings XI Punjab, Sunrisers Hyderabad)",,,,,,,,,,,,,,
Sanvir Singh,2023-2024,6,-,-,-,-,-,-,-,-,-,-,-,
(Sunrisers Hyderabad),,,,,,,,,,,,,,
RR Sarwan,2008-2008,4,-,-,-,-,-,-,-,-,-,-,-,
(Kings XI Punjab),,,,,,,,,,,,,,
TL Seifert,2021-2022,3,-,-,-,-,-,-,-,-,-,-,-,
"(Delhi Capitals, Kolkata Knight Riders)",,,,,,,,,,,,,,
OA Shah,2010-2013,23,-,-,-,-,-,-,-,-,-,-,-,
"(Kochi Tuskers Kerala, Kolkata Knight Riders, Rajasthan Royals)",,,,,,,,,,,,,,
PR Shah,2008-2011,16,-,-,-,-,-,-,-,-,-,-,-,
"(Mumbai Indians, Rajasthan Royals)",,,,,,,,,,,,,,
SS Shaikh,2009-2009,2,-,-,-,-,-,-,-,-,-,-,-,
(Kolkata Knight Riders),,,,,,,,,,,,,,
MD Shanaka,2023-2023,3,-,-,-,-,-,-,-,-,-,-,-,
(Gujarat Titans),,,,,,,,,,,,,,
BR Sharath,2024-2024,1,-,-,-,-,-,-,-,-,-,-,-,
(Gujarat Titans),,,,,,,,,,,,,,
AR Sharma,2024-2025,20,-,-,-,-,-,-,-,-,-,-,-,
"(Delhi Capitals, Punjab Kings)",,,,,,,,,,,,,,
JM Sharma,2022-2025,50,-,-,-,-,-,-,-,-,-,-,-,
"(Punjab Kings, Royal Challengers Bengaluru)",,,,,,,,,,,,,,
KS Sharma,2022-2023,2,-,-,-,-,-,-,-,-,-,-,-,
(Lucknow Super Giants),,,,,,,,,,,,,,
PP Shaw,2018-2024,79,-,-,-,-,-,-,-,-,-,-,-,
"(Delhi Capitals, Delhi Daredevils)",,,,,,,,,,,,,,
Shivam Singh,2024-2024,1,-,-,-,-,-,-,-,-,-,-,-,
(Punjab Kings),,,,,,,,,,,,,,
DR Shorey,2018-2019,2,-,-,-,-,-,-,-,-,-,-,-,
(Chennai Super Kings),,,,,,,,,,,,,,
Shubman Gill,2018-2025,112,-,-,-,-,-,-,-,-,-,-,-,
"(Gujarat Titans, Kolkata Knight Riders)",,,,,,,,,,,,,,
RK Singh,2018-2025,55,-,-,-,-,-,-,-,-,-,-,-,
(Kolkata Knight Riders),,,,,,,,,,,,,,
GC Smith,2008-2011,29,-,-,-,-,-,-,-,-,-,-,-,
"(Pune Warriors, Rajasthan Royals)",,,,,,,,,,,,,,
RS Sodhi,2010-2010,3,-,-,-,-,-,-,-,-,-,-,-,
(Kings XI Punjab),,,,,,,,,,,,,,
S Sohal,2008-2011,22,-,-,-,-,-,-,-,-,-,-,-,
"(Deccan Chargers, Kings XI Punjab)",,,,,,,,,,,,,,
TM Srivastava,2008-2009,7,-,-,-,-,-,-,-,-,-,-,-,
(Kings XI Punjab),,,,,,,,,,,,,,
B Sumanth,2010-2010,5,-,-,-,-,-,-,-,-,-,-,-,
(Deccan Chargers),,,,,,,,,,,,,,
Sunny Singh,2011-2011,6,-,-,-,-,-,-,-,-,-,-,-,
(Kings XI Punjab),,,,,,,,,,,,,,
V Suryavanshi,2025-2025,3,-,-,-,-,-,-,-,-,-,-,-,
(Rajasthan Royals),,,,,,,,,,,,,,
T Taibu,2008-2008,3,-,-,-,-,-,-,-,-,-,-,-,
(Kolkata Knight Riders),,,,,,,,,,,,,,
YV Takawale,2008-2014,16,-,-,-,-,-,-,-,-,-,-,-,
"(Mumbai Indians, Royal Challengers Bangalore)",,,,,,,,,,,,,,
AP Tare,2010-2017,35,-,-,-,-,-,-,-,-,-,-,-,
"(Delhi Daredevils, Mumbai Indians, Sunrisers Hyderabad)",,,,,,,,,,,,,,
X Thalaivan Sargunam,2013-2013,1,-,-,-,-,-,-,-,-,-,-,-,
(Sunrisers Hyderabad),,,,,,,,,,,,,,
SS Tiwary,2008-2021,92,-,-,-,-,-,-,-,-,-,-,-,
"(Delhi Daredevils, Mumbai Indians, Rising Pune Supergiants, Royal Challengers Bangalore)",,,,,,,,,,,,,,
A Tomar,2022-2022,1,-,-,-,-,-,-,-,-,-,-,-,
(Kolkata Knight Riders),,,,,,,,,,,,,,
AJ Turner,2019-2024,6,-,-,-,-,-,-,-,-,-,-,-,
"(Lucknow Super Giants, Rajasthan Royals)",,,,,,,,,,,,,,
RV Uthappa,2008-2022,205,-,-,-,-,-,-,-,-,-,-,-,
"(Chennai Super Kings, Kolkata Knight Riders, Mumbai Indians, Pune Warriors, Rajasthan Royals, Royal Challengers Bangalore)",,,,,,,,,,,,,,
HE van der Dussen,2022-2022,3,-,-,-,-,-,-,-,-,-,-,-,
(Rajasthan Royals),,,,,,,,,,,,,,
MN van Wyk,2009-2009,5,-,-,-,-,-,-,-,-,-,-,-,
(Kolkata Knight Riders),,,,,,,,,,,,,,
AU Verma,2025-2025,9,-,-,-,-,-,-,-,-,-,-,-,
(Sunrisers Hyderabad),,,,,,,,,,,,,,
Virat Singh,2021-2021,3,-,-,-,-,-,-,-,-,-,-,-,
(Sunrisers Hyderabad),,,,,,,,,,,,,,
Vishnu Vinod,2017-2023,6,-,-,-,-,-,-,-,-,-,-,-,
"(Mumbai Indians, Royal Challengers Bangalore)",,,,,,,,,,,,,,
M Vohra,2013-2022,55,-,-,-,-,-,-,-,-,-,-,-,
"(Kings XI Punjab, Lucknow Super Giants, Rajasthan Royals, Royal Challengers Bangalore)",,,,,,,,,,,,,,
MS Wade,2011-2024,14,-,-,-,-,-,-,-,-,-,-,-,
"(Delhi Daredevils, Gujarat Titans)",,,,,,,,,,,,,,
AS Yadav,2008-2008,8,-,-,-,-,-,-,-,-,-,-,-,
(Deccan Chargers),,,,,,,,,,,,,,
DH Yagnik,2011-2014,25,-,-,-,-,-,-,-,-,-,-,-,
(Rajasthan Royals),,,,,,,,,,,,,,
Yashpal Singh,2009-2009,8,-,-,-,-,-,-,-,-,-,-,-,
(Kolkata Knight Riders),,,,,,,,,,,,,,
Younis Khan,2008-2008,1,-,-,-,-,-,-,-,-,-,-,-,
(Rajasthan Royals),,,,,,,,,,,,,,
VH Zol,2014-2014,3,-,-,-,-,-,-,-,-,-,-,-,
(Royal Challengers Bangalore),,,,,,,,,,,,,,
