Player,Span,Mat,Inns,NO,Runs,HS,Ave,BF,SR,100,50,0,4s,6s,Unnamed: 15
Virat Kohli,2008-2025,261.0,254,40,8447,113*,39.47,6384,132.31,8,61,10,744,285,
"(Royal Challengers Bangalore, Royal Challengers Bengaluru)",,,,,,,,,,,,,,,
Rohit Sharma,2008-2025,266.0,261,30,6868,109*,29.73,5207,131.89,2,45,18,617,297,
"(Deccan Chargers, Mumbai Indians)",,,,,,,,,,,,,,,
Shikhar Dhawan,2008-2024,222.0,221,29,6769,106*,35.25,5324,127.14,2,51,11,768,152,
"(Deccan Chargers, Delhi Capitals, Delhi Daredevils, Mumbai Indians, Punjab Kings, Sunrisers Hyderabad)",,,,,,,,,,,,,,,
David Warner,2009-2024,184.0,184,22,6565,126,40.52,4697,139.77,4,62,11,663,236,
"(Delhi Capitals, Delhi Daredevils, Sunrisers Hyderabad)",,,,,,,,,,,,,,,
Suresh Raina,2008-2021,204.0,200,30,5528,100*,32.51,4043,136.73,1,39,8,506,203,
"(Chennai Super Kings, Gujarat Lions)",,,,,,,,,,,,,,,
MS Dhoni,2008-2025,272.0,239,99,5394,84*,38.52,3914,137.81,0,24,6,375,261,
"(Chennai Super Kings, Rising Pune Supergiant, Rising Pune Supergiants)",,,,,,,,,,,,,,,
AB de Villiers,2008-2021,183.0,170,40,5162,133*,39.70,3403,151.68,3,40,10,413,251,
"(Delhi Daredevils, Royal Challengers Bangalore)",,,,,,,,,,,,,,,
KL Rahul,2013-2025,141.0,132,22,5054,132*,45.94,3733,135.38,4,40,4,429,203,
"(Delhi Capitals, Kings XI Punjab, Lucknow Super Giants, Punjab Kings, Royal Challengers Bangalore, Sunrisers Hyderabad)",,,,,,,,,,,,,,,
Chris Gayle,2009-2021,141.0,141,16,4965,175*,39.72,3333,148.96,6,31,8,404,357,
"(Kings XI Punjab, Kolkata Knight Riders, Punjab Kings, Royal Challengers Bangalore)",,,,,,,,,,,,,,,
RV Uthappa,2008-2022,204.0,197,17,4952,88,27.51,3799,130.35,0,27,8,481,182,
"(Chennai Super Kings, Kolkata Knight Riders, Mumbai Indians, Pune Warriors, Rajasthan Royals, Royal Challengers Bangalore)",,,,,,,,,,,,,,,
Ajinkya Rahane,2008-2025,193.0,180,18,4939,105*,30.48,3960,124.72,2,33,13,506,119,
"(Chennai Super Kings, Delhi Capitals, Kolkata Knight Riders, Mumbai Indians, Rajasthan Royals, Rising Pune Supergiant, Rising Pune Supergiants)",,,,,,,,,,,,,,,
KD Karthik,2008-2024,257.0,234,50,4842,97*,26.31,3577,135.36,0,22,18,466,161,
"(Delhi Daredevils, Gujarat Lions, Kings XI Punjab, Kolkata Knight Riders, Mumbai Indians, Royal Challengers Bangalore, Royal Challengers Bengaluru)",,,,,,,,,,,,,,,
Faf du Plessis,2012-2025,149.0,143,11,4736,96,35.87,3475,136.28,0,39,7,436,173,
"(Chennai Super Kings, Delhi Capitals, Rising Pune Supergiant, Rising Pune Supergiants, Royal Challengers Bangalore, Royal Challengers Bengaluru)",,,,,,,,,,,,,,,
Sanju Samson,2013-2025,173.0,170,20,4643,119,30.95,3336,139.17,3,26,11,375,216,
"(Delhi Daredevils, Rajasthan Royals)",,,,,,,,,,,,,,,
Ambati Rayudu,2010-2023,203.0,187,33,4348,100*,28.23,3409,127.54,1,22,14,359,173,
"(Chennai Super Kings, Mumbai Indians)",,,,,,,,,,,,,,,
Gautam Gambhir,2008-2018,154.0,152,16,4217,93,31.00,3404,123.88,0,36,12,492,59,
"(Delhi Daredevils, Kolkata Knight Riders)",,,,,,,,,,,,,,,
SA Yadav,2012-2025,160.0,145,26,4021,103*,33.78,2725,147.55,2,27,10,427,153,
"(Kolkata Knight Riders, Mumbai Indians)",,,,,,,,,,,,,,,
Jos Buttler,2016-2025,116.0,115,16,3988,124,40.28,2669,149.41,7,23,8,398,178,
"(Gujarat Titans, Mumbai Indians, Rajasthan Royals)",,,,,,,,,,,,,,,
Shane Watson,2008-2020,144.0,141,16,3874,117*,30.99,2809,137.91,4,21,7,375,190,
"(Chennai Super Kings, Rajasthan Royals, Royal Challengers Bangalore)",,,,,,,,,,,,,,,
Manish Pandey,2008-2025,171.0,160,27,3869,114*,29.09,3193,121.17,1,22,14,337,111,
"(Delhi Capitals, Kolkata Knight Riders, Lucknow Super Giants, Mumbai Indians, Pune Warriors, Royal Challengers Bangalore, Sunrisers Hyderabad)",,,,,,,,,,,,,,,
Shubman Gill,2018-2025,112.0,109,16,3605,129,38.76,2619,137.64,4,24,4,348,108,
"(Gujarat Titans, Kolkata Knight Riders)",,,,,,,,,,,,,,,
SS Iyer,2015-2025,125.0,125,21,3487,97*,33.52,2652,131.48,0,25,7,294,138,
"(Delhi Capitals, Delhi Daredevils, Kolkata Knight Riders, Punjab Kings)",,,,,,,,,,,,,,,
Kieron Pollard,2010-2022,189.0,171,52,3412,87*,28.67,2316,147.32,0,16,5,218,223,
(Mumbai Indians),,,,,,,,,,,,,,,
RR Pant,2016-2025,121.0,119,17,3394,128*,33.27,2317,146.48,1,19,6,305,159,
"(Delhi Capitals, Delhi Daredevils, Lucknow Super Giants)",,,,,,,,,,,,,,,
Quinton de Kock,2013-2025,114.0,114,7,3300,140*,30.84,2456,134.36,2,24,4,325,134,
"(Delhi Daredevils, Kolkata Knight Riders, Lucknow Super Giants, Mumbai Indians, Royal Challengers Bangalore, Sunrisers Hyderabad)",,,,,,,,,,,,,,,
YK Pathan,2008-2019,174.0,154,44,3204,100,29.12,2241,142.97,1,13,9,262,158,
"(Kolkata Knight Riders, Rajasthan Royals, Sunrisers Hyderabad)",,,,,,,,,,,,,,,
Ravindra Jadeja,2008-2025,248.0,194,79,3142,62*,27.32,2424,129.62,0,4,9,229,113,
"(Chennai Super Kings, Gujarat Lions, Kochi Tuskers Kerala, Rajasthan Royals)",,,,,,,,,,,,,,,
DA Miller,2012-2025,140.0,134,49,3066,101*,36.07,2212,138.60,1,13,4,220,137,
"(Gujarat Titans, Kings XI Punjab, Lucknow Super Giants, Rajasthan Royals)",,,,,,,,,,,,,,,
WP Saha,2008-2024,169.0,145,24,2934,115*,24.24,2300,127.56,1,13,7,296,87,
"(Chennai Super Kings, Gujarat Titans, Kings XI Punjab, Kolkata Knight Riders, Sunrisers Hyderabad)",,,,,,,,,,,,,,,
BB McCullum,2008-2018,109.0,109,5,2880,158*,27.69,2186,131.74,2,13,6,293,130,
"(Chennai Super Kings, Gujarat Lions, Kochi Tuskers Kerala, Kolkata Knight Riders, Royal Challengers Bangalore)",,,,,,,,,,,,,,,
PA Patel,2008-2019,139.0,137,11,2848,81,22.60,2358,120.78,0,13,13,365,49,
"(Chennai Super Kings, Deccan Chargers, Kochi Tuskers Kerala, Mumbai Indians, Royal Challengers Bangalore, Sunrisers Hyderabad)",,,,,,,,,,,,,,,
N Rana,2016-2025,117.0,111,10,2844,87,28.15,2075,137.06,0,20,7,259,141,
"(Kolkata Knight Riders, Mumbai Indians, Rajasthan Royals)",,,,,,,,,,,,,,,
Ishan Kishan,2016-2025,114.0,108,8,2827,106*,28.27,2065,136.90,1,16,9,274,126,
"(Gujarat Lions, Mumbai Indians, Sunrisers Hyderabad)",,,,,,,,,,,,,,,
GJ Maxwell,2012-2025,141.0,135,17,2819,95,23.88,1817,155.14,0,18,19,237,161,
"(Delhi Daredevils, Kings XI Punjab, Mumbai Indians, Punjab Kings, Royal Challengers Bangalore, Royal Challengers Bengaluru)",,,,,,,,,,,,,,,
Yuvraj Singh,2008-2019,131.0,126,15,2750,83,24.77,2120,129.71,0,13,4,217,149,
"(Delhi Daredevils, Kings XI Punjab, Mumbai Indians, Pune Warriors, Royal Challengers Bangalore, Sunrisers Hyderabad)",,,,,,,,,,,,,,,
V Sehwag,2008-2015,104.0,104,5,2728,122,27.55,1755,155.44,2,16,7,334,106,
"(Delhi Daredevils, Kings XI Punjab)",,,,,,,,,,,,,,,
Mayank Agarwal,2011-2024,126.0,121,4,2661,106,22.74,2000,133.05,1,13,7,263,98,
"(Delhi Daredevils, Kings XI Punjab, Punjab Kings, Rising Pune Supergiant, Royal Challengers Bangalore, Sunrisers Hyderabad)",,,,,,,,,,,,,,,
Hardik Pandya,2015-2025,146.0,134,41,2634,91,28.32,1802,146.17,0,10,6,198,142,
"(Gujarat Titans, Mumbai Indians)",,,,,,,,,,,,,,,
M Vijay,2009-2020,106.0,106,5,2619,127,25.93,2149,121.87,2,13,5,247,91,
"(Chennai Super Kings, Delhi Daredevils, Kings XI Punjab)",,,,,,,,,,,,,,,
Andre Russell,2012-2025,136.0,112,20,2556,88*,27.78,1475,173.28,0,11,5,178,214,
"(Delhi Daredevils, Kolkata Knight Riders)",,,,,,,,,,,,,,,
RD Gaikwad,2020-2025,70.0,70,8,2502,108*,40.35,1820,137.47,2,20,7,231,95,
(Chennai Super Kings),,,,,,,,,,,,,,,
SPD Smith,2012-2021,102.0,93,21,2485,101,34.51,1940,128.09,1,11,1,225,60,
"(Delhi Capitals, Pune Warriors, Rajasthan Royals, Rising Pune Supergiant, Rising Pune Supergiants)",,,,,,,,,,,,,,,
SE Marsh,2008-2017,71.0,69,7,2477,115,39.95,1866,132.74,1,20,1,266,78,
(Kings XI Punjab),,,,,,,,,,,,,,,
JH Kallis,2008-2014,98.0,96,11,2427,89*,28.55,2222,109.22,0,17,9,255,44,
"(Kolkata Knight Riders, Royal Challengers Bangalore)",,,,,,,,,,,,,,,
DR Smith,2008-2017,91.0,89,5,2385,87*,28.39,1764,135.20,0,17,8,245,117,
"(Chennai Super Kings, Deccan Chargers, Gujarat Lions, Mumbai Indians)",,,,,,,,,,,,,,,
SR Tendulkar,2008-2013,78.0,78,11,2334,100*,34.83,1948,119.81,1,13,4,295,29,
(Mumbai Indians),,,,,,,,,,,,,,,
RA Tripathi,2017-2025,100.0,98,11,2291,93,26.33,1662,137.84,0,12,4,229,85,
"(Chennai Super Kings, Kolkata Knight Riders, Rajasthan Royals, Rising Pune Supergiant, Sunrisers Hyderabad)",,,,,,,,,,,,,,,
R Dravid,2008-2013,89.0,82,5,2174,75*,28.23,1882,115.51,0,11,3,268,28,
"(Rajasthan Royals, Royal Challengers Bangalore)",,,,,,,,,,,,,,,
N Pooran,2019-2025,86.0,83,19,2173,87*,33.95,1289,168.58,0,13,9,145,161,
"(Kings XI Punjab, Lucknow Super Giants, Punjab Kings, Sunrisers Hyderabad)",,,,,,,,,,,,,,,
KS Williamson,2015-2024,79.0,77,17,2128,89,35.46,1694,125.61,0,18,2,185,64,
"(Gujarat Titans, Sunrisers Hyderabad)",,,,,,,,,,,,,,,
Aaron Finch,2010-2022,92.0,90,7,2091,88*,25.19,1631,128.20,0,15,8,214,78,
"(Delhi Daredevils, Gujarat Lions, Kings XI Punjab, Kolkata Knight Riders, Mumbai Indians, Pune Warriors, Rajasthan Royals, Royal Challengers Bangalore, Sunrisers Hyderabad)",,,,,,,,,,,,,,,
AC Gilchrist,2008-2013,80.0,80,4,2069,109*,27.22,1495,138.39,2,11,7,239,92,
"(Deccan Chargers, Kings XI Punjab)",,,,,,,,,,,,,,,
YBK Jaiswal,2020-2025,62.0,62,3,2033,124,34.45,1346,151.04,2,14,4,239,86,
(Rajasthan Royals),,,,,,,,,,,,,,,
JP Duminy,2009-2018,83.0,77,26,2029,78*,39.78,1636,124.02,0,14,1,126,79,
"(Deccan Chargers, Delhi Daredevils, Mumbai Indians)",,,,,,,,,,,,,,,
MEK Hussey,2008-2015,59.0,58,7,1977,116*,38.76,1612,122.64,1,15,1,198,52,
"(Chennai Super Kings, Mumbai Indians)",,,,,,,,,,,,,,,
MP Stoinis,2016-2025,103.0,94,24,1933,124*,27.61,1358,142.34,1,9,9,152,98,
"(Delhi Capitals, Kings XI Punjab, Lucknow Super Giants, Punjab Kings, Royal Challengers Bangalore)",,,,,,,,,,,,,,,
PP Shaw,2018-2024,79.0,79,0,1892,99,23.94,1283,147.46,0,14,7,238,61,
"(Delhi Capitals, Delhi Daredevils)",,,,,,,,,,,,,,,
AR Patel,2014-2025,160.0,122,37,1885,66,22.17,1407,133.97,0,3,7,127,93,
"(Delhi Capitals, Kings XI Punjab)",,,,,,,,,,,,,,,
DPMD Jayawardene,2008-2013,80.0,78,15,1802,110*,28.60,1462,123.25,1,10,2,200,39,
"(Delhi Daredevils, Kings XI Punjab, Kochi Tuskers Kerala)",,,,,,,,,,,,,,,
D Padikkal,2020-2025,73.0,73,3,1789,101*,25.55,1415,126.43,1,11,6,189,55,
"(Lucknow Super Giants, Rajasthan Royals, Royal Challengers Bangalore, Royal Challengers Bengaluru)",,,,,,,,,,,,,,,
S Dube,2019-2025,74.0,71,13,1750,95*,30.17,1211,144.50,0,10,3,104,114,
"(Chennai Super Kings, Rajasthan Royals, Royal Challengers Bangalore)",,,,,,,,,,,,,,,
KH Pandya,2016-2025,137.0,116,39,1744,86,22.64,1315,132.62,0,2,7,151,65,
"(Lucknow Super Giants, Mumbai Indians, Royal Challengers Bengaluru)",,,,,,,,,,,,,,,
Sunil Narine,2012-2025,185.0,119,21,1712,109,17.46,1027,166.69,1,7,17,181,111,
(Kolkata Knight Riders),,,,,,,,,,,,,,,
Mandeep Singh,2010-2023,111.0,98,16,1706,77*,20.80,1388,122.91,0,6,15,176,38,
"(Delhi Capitals, Kings XI Punjab, Kolkata Knight Riders, Punjab Kings, Royal Challengers Bangalore)",,,,,,,,,,,,,,,
MK Tiwary,2008-2018,98.0,85,26,1695,75*,28.72,1449,116.97,0,7,8,156,40,
"(Delhi Daredevils, Kings XI Punjab, Kolkata Knight Riders, Rising Pune Supergiant)",,,,,,,,,,,,,,,
KC Sangakkara,2008-2013,71.0,68,3,1687,94,25.95,1392,121.19,0,10,4,195,27,
"(Deccan Chargers, Kings XI Punjab, Sunrisers Hyderabad)",,,,,,,,,,,,,,,
KK Nair,2013-2025,81.0,74,5,1650,89,23.91,1258,131.16,0,11,4,180,47,
"(Delhi Capitals, Delhi Daredevils, Kings XI Punjab, Rajasthan Royals, Royal Challengers Bangalore)",,,,,,,,,,,,,,,
Abhishek Sharma,2018-2025,72.0,70,7,1617,141,25.66,1020,158.52,1,7,3,159,84,
"(Delhi Daredevils, Sunrisers Hyderabad)",,,,,,,,,,,,,,,
JM Bairstow,2019-2024,50.0,50,4,1589,114,34.54,1100,144.45,2,9,3,166,69,
"(Punjab Kings, Sunrisers Hyderabad)",,,,,,,,,,,,,,,
Dwayne Bravo,2008-2022,160.0,113,44,1560,70*,22.60,1204,129.56,0,5,5,120,66,
"(Chennai Super Kings, Gujarat Lions, Mumbai Indians)",,,,,,,,,,,,,,,
Naman Ojha,2009-2018,113.0,94,19,1554,94*,20.72,1313,118.35,0,6,8,121,79,
"(Delhi Daredevils, Rajasthan Royals, Sunrisers Hyderabad)",,,,,,,,,,,,,,,
DJ Hooda,2015-2025,122.0,101,16,1496,64,17.60,1172,127.64,0,8,5,98,62,
"(Chennai Super Kings, Kings XI Punjab, Lucknow Super Giants, Punjab Kings, Rajasthan Royals, Sunrisers Hyderabad)",,,,,,,,,,,,,,,
SS Tiwary,2008-2021,92.0,74,22,1494,61,28.73,1244,120.09,0,8,1,111,50,
"(Delhi Daredevils, Mumbai Indians, Rising Pune Supergiants, Royal Challengers Bangalore)",,,,,,,,,,,,,,,
B Sai Sudharsan,2022-2025,34.0,34,3,1490,103,48.06,1047,142.31,1,11,0,141,47,
(Gujarat Titans),,,,,,,,,,,,,,,
VR Iyer,2021-2025,60.0,56,7,1468,104,29.95,1069,137.32,1,12,2,136,65,
(Kolkata Knight Riders),,,,,,,,,,,,,,,
S Badrinath,2008-2013,94.0,67,20,1441,71*,30.65,1212,118.89,0,11,6,154,28,
(Chennai Super Kings),,,,,,,,,,,,,,,
R Parag,2019-2025,79.0,68,12,1439,84*,25.69,1036,138.89,0,6,3,102,78,
(Rajasthan Royals),,,,,,,,,,,,,,,
SO Hetmyer,2019-2025,82.0,75,27,1430,75,29.79,935,152.94,0,5,2,90,91,
"(Delhi Capitals, Rajasthan Royals, Royal Challengers Bangalore)",,,,,,,,,,,,,,,
EJG Morgan,2010-2021,83.0,75,13,1405,68*,22.66,1146,122.60,0,5,6,112,64,
"(Kings XI Punjab, Kolkata Knight Riders, Royal Challengers Bangalore, Sunrisers Hyderabad)",,,,,,,,,,,,,,,
BJ Hodge,2008-2014,66.0,63,21,1400,73,33.33,1118,125.22,0,6,3,122,43,
"(Kochi Tuskers Kerala, Kolkata Knight Riders, Rajasthan Royals)",,,,,,,,,,,,,,,
NT Tilak Varma,2022-2025,48.0,46,11,1395,84*,39.85,960,145.31,0,8,1,110,68,
(Mumbai Indians),,,,,,,,,,,,,,,
SC Ganguly,2008-2012,58.0,56,3,1349,91,25.45,1263,106.80,0,7,4,137,42,
"(Kolkata Knight Riders, Pune Warriors)",,,,,,,,,,,,,,,
AK Markram,2021-2025,54.0,52,9,1330,68*,30.93,994,133.80,0,9,2,103,50,
"(Lucknow Super Giants, Punjab Kings, Sunrisers Hyderabad)",,,,,,,,,,,,,,,
CA Lynn,2012-2021,42.0,42,3,1329,93*,34.07,945,140.63,0,10,3,132,66,
"(Deccan Chargers, Kolkata Knight Riders, Mumbai Indians)",,,,,,,,,,,,,,,
DJ Hussey,2008-2014,64.0,61,12,1322,71,26.97,1075,122.97,0,5,4,90,60,
"(Chennai Super Kings, Kings XI Punjab, Kolkata Knight Riders)",,,,,,,,,,,,,,,
H Klaasen,2018-2025,44.0,41,7,1281,104,37.67,774,165.50,1,7,1,84,76,
"(Rajasthan Royals, Royal Challengers Bangalore, Sunrisers Hyderabad)",,,,,,,,,,,,,,,
V Shankar,2014-2025,78.0,65,18,1233,69*,26.23,950,129.78,0,7,2,88,48,
"(Chennai Super Kings, Delhi Daredevils, Gujarat Titans, Sunrisers Hyderabad)",,,,,,,,,,,,,,,
KM Jadhav,2010-2023,95.0,81,27,1208,69,22.37,981,123.13,0,4,6,102,40,
"(Chennai Super Kings, Delhi Daredevils, Kochi Tuskers Kerala, Royal Challengers Bangalore, Sunrisers Hyderabad)",,,,,,,,,,,,,,,
MM Ali,2018-2025,70.0,59,6,1167,93,22.01,835,139.76,0,6,6,95,67,
"(Chennai Super Kings, Kolkata Knight Riders, Royal Challengers Bangalore)",,,,,,,,,,,,,,,
TM Dilshan,2008-2013,51.0,50,7,1153,76*,26.81,1007,114.49,0,9,6,140,24,
"(Delhi Daredevils, Royal Challengers Bangalore)",,,,,,,,,,,,,,,
IK Pathan,2008-2017,103.0,82,29,1139,60,21.49,946,120.40,0,1,3,87,37,
"(Delhi Daredevils, Gujarat Lions, Kings XI Punjab, Rising Pune Supergiants, Sunrisers Hyderabad)",,,,,,,,,,,,,,,
ML Hayden,2008-2010,32.0,32,2,1107,93,36.90,805,137.51,0,8,1,121,44,
(Chennai Super Kings),,,,,,,,,,,,,,,
Prabhsimran Singh,2019-2025,44.0,44,0,1102,103,25.04,726,151.79,1,6,4,117,58,
"(Kings XI Punjab, Punjab Kings)",,,,,,,,,,,,,,,
M Vohra,2013-2023,56.0,51,2,1083,95,22.10,829,130.63,0,3,3,104,43,
"(Kings XI Punjab, Lucknow Super Giants, Rajasthan Royals, Royal Challengers Bangalore)",,,,,,,,,,,,,,,
LMP Simmons,2014-2017,29.0,29,2,1079,100*,39.96,852,126.64,1,11,2,109,44,
(Mumbai Indians),,,,,,,,,,,,,,,
R Tewatia,2014-2025,102.0,72,27,1063,53,23.62,776,136.98,0,1,3,87,52,
"(Delhi Capitals, Delhi Daredevils, Gujarat Titans, Kings XI Punjab, Rajasthan Royals)",,,,,,,,,,,,,,,
RK Singh,2018-2025,55.0,48,14,1062,67*,31.23,739,143.70,0,4,0,84,53,
(Kolkata Knight Riders),,,,,,,,,,,,,,,
MR Marsh,2010-2025,50.0,45,2,1043,89,24.25,759,137.41,0,7,6,84,58,
"(Deccan Chargers, Delhi Capitals, Lucknow Super Giants, Pune Warriors, Rising Pune Supergiants, Sunrisers Hyderabad)",,,,,,,,,,,,,,,
TM Head,2016-2025,34.0,34,4,1033,102,34.43,608,169.90,1,7,5,113,49,
"(Royal Challengers Bangalore, Sunrisers Hyderabad)",,,,,,,,,,,,,,,
RM Patidar,2021-2025,37.0,33,1,1027,112*,32.09,658,156.07,1,9,1,71,64,
"(Royal Challengers Bangalore, Royal Challengers Bengaluru)",,,,,,,,,,,,,,,
LS Livingstone,2019-2025,46.0,45,7,1026,94,27.00,646,158.82,0,7,2,70,73,
"(Punjab Kings, Rajasthan Royals, Royal Challengers Bengaluru)",,,,,,,,,,,,,,,
DP Conway,2022-2025,25.0,25,3,1018,92*,46.27,728,139.83,0,10,2,108,32,
(Chennai Super Kings),,,,,,,,,,,,,,,
LRPL Taylor,2008-2014,55.0,54,14,1017,81*,25.42,822,123.72,0,3,3,66,46,
"(Delhi Daredevils, Pune Warriors, Rajasthan Royals, Royal Challengers Bangalore)",,,,,,,,,,,,,,,
Kevin Pietersen,2009-2016,36.0,36,9,1001,103*,37.07,743,134.72,1,4,3,91,40,
"(Delhi Daredevils, Rising Pune Supergiants, Royal Challengers Bangalore)",,,,,,,,,,,,,,,
MC Henriques,2009-2021,62.0,54,18,1000,74*,27.77,788,126.90,0,5,2,87,28,
"(Delhi Daredevils, Kolkata Knight Riders, Punjab Kings, Royal Challengers Bangalore, Sunrisers Hyderabad)",,,,,,,,,,,,,,,
SM Curran,2019-2025,63.0,52,13,992,88,25.43,726,136.63,0,6,4,84,41,
"(Chennai Super Kings, Kings XI Punjab, Punjab Kings)",,,,,,,,,,,,,,,
Y Venugopal Rao,2008-2014,65.0,54,10,985,71*,22.38,836,117.82,0,3,2,77,37,
"(Deccan Chargers, Delhi Daredevils, Sunrisers Hyderabad)",,,,,,,,,,,,,,,
JA Morkel,2008-2016,90.0,68,28,974,73*,24.35,686,141.98,0,3,3,61,55,
"(Chennai Super Kings, Delhi Daredevils, Rising Pune Supergiants, Royal Challengers Bangalore)",,,,,,,,,,,,,,,
A Symonds,2008-2011,39.0,36,9,974,117*,36.07,750,129.86,1,5,0,74,41,
"(Deccan Chargers, Mumbai Indians)",,,,,,,,,,,,,,,
CL White,2008-2013,47.0,45,9,954,78,26.50,755,126.35,0,6,4,76,36,
"(Deccan Chargers, Royal Challengers Bangalore, Sunrisers Hyderabad)",,,,,,,,,,,,,,,
BA Stokes,2017-2023,45.0,44,6,935,107*,24.60,698,133.95,2,2,3,81,32,
"(Chennai Super Kings, Rajasthan Royals, Rising Pune Supergiant)",,,,,,,,,,,,,,,
PD Salt,2023-2025,30.0,30,2,892,89*,31.85,514,173.54,0,8,3,104,47,
"(Delhi Capitals, Kolkata Knight Riders, Royal Challengers Bengaluru)",,,,,,,,,,,,,,,
A Badoni,2022-2025,52.0,44,10,886,59*,26.05,650,136.30,0,5,2,68,33,
(Lucknow Super Giants),,,,,,,,,,,,,,,
HH Gibbs,2008-2012,36.0,36,4,886,69*,27.68,807,109.78,0,6,4,83,31,
"(Deccan Chargers, Mumbai Indians)",,,,,,,,,,,,,,,
STR Binny,2010-2019,94.0,68,22,880,48*,19.13,683,128.84,0,0,7,66,35,
"(Mumbai Indians, Rajasthan Royals, Royal Challengers Bangalore)",,,,,,,,,,,,,,,
JM Sharma,2022-2025,50.0,43,7,851,49*,23.63,565,150.61,0,0,2,65,52,
"(Punjab Kings, Royal Challengers Bengaluru)",,,,,,,,,,,,,,,
TH David,2021-2025,48.0,42,17,843,50*,33.72,480,175.62,0,1,3,54,60,
"(Mumbai Indians, Royal Challengers Bangalore, Royal Challengers Bengaluru)",,,,,,,,,,,,,,,
Harbhajan Singh,2008-2021,163.0,90,37,833,64,15.71,604,137.91,0,1,13,79,42,
"(Chennai Super Kings, Kolkata Knight Riders, Mumbai Indians)",,,,,,,,,,,,,,,
Ravichandran Ashwin,2009-2025,217.0,96,34,812,50,13.09,690,117.68,0,1,12,62,28,
"(Chennai Super Kings, Delhi Capitals, Kings XI Punjab, Rajasthan Royals, Rising Pune Supergiants)",,,,,,,,,,,,,,,
MS Bisla,2010-2015,39.0,39,1,798,92,21.00,702,113.67,0,4,3,93,23,
"(Kings XI Punjab, Kolkata Knight Riders, Royal Challengers Bangalore)",,,,,,,,,,,,,,,
Shakib Al Hasan,2011-2021,71.0,52,12,793,66*,19.82,637,124.48,0,2,4,73,21,
"(Kolkata Knight Riders, Sunrisers Hyderabad)",,,,,,,,,,,,,,,
ST Jayasuriya,2008-2010,30.0,30,2,768,114*,27.42,532,144.36,1,4,2,84,39,
(Mumbai Indians),,,,,,,,,,,,,,,
GC Smith,2008-2011,29.0,29,3,739,91,28.42,668,110.62,0,4,3,94,9,
"(Pune Warriors, Rajasthan Royals)",,,,,,,,,,,,,,,
AD Mathews,2009-2017,49.0,42,11,724,65*,23.35,575,125.91,0,1,3,44,29,
"(Delhi Daredevils, Kolkata Knight Riders, Pune Warriors)",,,,,,,,,,,,,,,
C Green,2023-2024,29.0,28,11,707,100*,41.58,460,153.69,1,2,0,62,32,
"(Mumbai Indians, Royal Challengers Bengaluru)",,,,,,,,,,,,,,,
Abdul Samad,2020-2025,59.0,49,13,692,37*,19.22,457,151.42,0,0,3,43,46,
"(Lucknow Super Giants, Sunrisers Hyderabad)",,,,,,,,,,,,,,,
TL Suman,2009-2013,43.0,40,8,676,78*,21.12,575,117.56,0,2,3,55,26,
"(Deccan Chargers, Mumbai Indians, Pune Warriors)",,,,,,,,,,,,,,,
AM Nayar,2008-2014,60.0,50,12,672,45*,17.68,577,116.46,0,0,3,55,20,
"(Kings XI Punjab, Mumbai Indians, Pune Warriors, Rajasthan Royals)",,,,,,,,,,,,,,,
GJ Bailey,2009-2016,40.0,37,10,663,61*,24.55,544,121.87,0,2,1,59,19,
"(Chennai Super Kings, Kings XI Punjab, Rising Pune Supergiants)",,,,,,,,,,,,,,,
E Lewis,2018-2022,27.0,26,2,654,65,27.25,477,137.10,0,4,2,62,36,
"(Lucknow Super Giants, Mumbai Indians, Rajasthan Royals)",,,,,,,,,,,,,,,
M Shahrukh Khan,2021-2025,49.0,44,14,631,58,21.03,432,146.06,0,1,3,40,43,
"(Gujarat Titans, Punjab Kings)",,,,,,,,,,,,,,,
Piyush Chawla,2008-2024,192.0,92,36,624,24*,11.14,563,110.83,0,0,16,56,20,
"(Chennai Super Kings, Kings XI Punjab, Kolkata Knight Riders, Mumbai Indians)",,,,,,,,,,,,,,,
T Stubbs,2022-2025,28.0,26,10,623,71*,38.93,368,169.29,0,3,2,45,35,
"(Delhi Capitals, Mumbai Indians)",,,,,,,,,,,,,,,
CH Morris,2013-2021,81.0,51,23,618,82*,22.07,398,155.27,0,2,9,41,35,
"(Chennai Super Kings, Delhi Capitals, Delhi Daredevils, Rajasthan Royals, Royal Challengers Bangalore)",,,,,,,,,,,,,,,
Abishek Porel,2023-2025,28.0,26,3,617,65,26.82,403,153.10,0,3,2,63,24,
(Delhi Capitals),,,,,,,,,,,,,,,
JJ Roy,2017-2023,21.0,21,2,614,91*,32.31,443,138.60,0,4,0,75,21,
"(Delhi Daredevils, Gujarat Lions, Kolkata Knight Riders, Sunrisers Hyderabad)",,,,,,,,,,,,,,,
JD Ryder,2009-2012,29.0,29,1,604,86,21.57,458,131.87,0,4,4,69,19,
"(Pune Warriors, Royal Challengers Bangalore)",,,,,,,,,,,,,,,
Shashank Singh,2022-2025,34.0,27,11,604,68*,37.75,397,152.14,0,3,2,44,33,
"(Punjab Kings, Sunrisers Hyderabad)",,,,,,,,,,,,,,,
DC Jurel,2023-2025,37.0,31,10,585,70,27.85,387,151.16,0,3,2,46,30,
(Rajasthan Royals),,,,,,,,,,,,,,,
SN Khan,2015-2023,50.0,37,11,585,67,22.50,448,130.58,0,1,3,63,14,
"(Delhi Capitals, Kings XI Punjab, Punjab Kings, Royal Challengers Bangalore)",,,,,,,,,,,,,,,
PJ Cummins,2014-2025,67.0,48,18,580,66*,19.33,386,150.25,0,3,4,38,39,
"(Delhi Daredevils, Kolkata Knight Riders, Sunrisers Hyderabad)",,,,,,,,,,,,,,,
HM Amla,2016-2017,16.0,16,3,577,104*,44.38,407,141.76,2,3,2,60,21,
(Kings XI Punjab),,,,,,,,,,,,,,,
Rashid Khan,2017-2025,130.0,63,24,567,79*,14.53,347,163.40,0,1,15,40,40,
"(Gujarat Titans, Sunrisers Hyderabad)",,,,,,,,,,,,,,,
Shahbaz Ahmed,2020-2025,56.0,38,9,545,59*,18.79,448,121.65,0,1,1,29,25,
"(Lucknow Super Giants, Royal Challengers Bangalore, Sunrisers Hyderabad)",,,,,,,,,,,,,,,
N Wadhera,2023-2025,29.0,24,3,544,64,25.90,382,142.40,0,3,1,47,30,
"(Mumbai Indians, Punjab Kings)",,,,,,,,,,,,,,,
CJ Anderson,2014-2018,30.0,29,7,538,95*,24.45,423,127.18,0,3,2,40,31,
"(Delhi Daredevils, Mumbai Indians, Royal Challengers Bangalore)",,,,,,,,,,,,,,,
RS Bopara,2009-2015,24.0,22,4,531,84,29.50,453,117.21,0,3,2,39,16,
"(Kings XI Punjab, Sunrisers Hyderabad)",,,,,,,,,,,,,,,
JP Faulkner,2012-2017,58.0,45,20,527,46,21.08,389,135.47,0,0,0,36,23,
"(Gujarat Lions, Kings XI Punjab, Rajasthan Royals)",,,,,,,,,,,,,,,
MK Lomror,2018-2024,40.0,35,6,527,54*,18.17,373,141.28,0,1,3,33,30,
"(Rajasthan Royals, Royal Challengers Bangalore, Royal Challengers Bengaluru)",,,,,,,,,,,,,,,
M Manhas,2008-2014,55.0,38,15,514,42*,22.34,470,109.36,0,0,6,43,10,
"(Chennai Super Kings, Delhi Daredevils, Pune Warriors)",,,,,,,,,,,,,,,
Gurkeerat Singh,2012-2020,41.0,32,8,511,65,21.29,422,121.09,0,2,4,55,11,
"(Kings XI Punjab, Royal Challengers Bangalore)",,,,,,,,,,,,,,,
OA Shah,2010-2013,23.0,22,7,506,76,33.73,389,130.07,0,4,0,34,23,
"(Kochi Tuskers Kerala, Kolkata Knight Riders, Rajasthan Royals)",,,,,,,,,,,,,,,
PC Valthaty,2009-2013,23.0,23,1,505,120*,22.95,418,120.81,1,2,1,60,20,
"(Kings XI Punjab, Rajasthan Royals)",,,,,,,,,,,,,,,
SW Billings,2016-2022,30.0,27,1,503,56,19.34,388,129.63,0,3,3,40,20,
"(Chennai Super Kings, Delhi Daredevils, Kolkata Knight Riders)",,,,,,,,,,,,,,,
RR Rossouw,2014-2024,22.0,22,2,473,82*,23.65,308,153.57,0,2,4,45,25,
"(Delhi Capitals, Punjab Kings, Royal Challengers Bangalore)",,,,,,,,,,,,,,,
DT Christian,2011-2021,49.0,41,10,460,39,14.83,398,115.57,0,0,2,23,19,
"(Deccan Chargers, Delhi Daredevils, Rising Pune Supergiant, Royal Challengers Bangalore)",,,,,,,,,,,,,,,
K Nitish Kumar Reddy,2023-2025,24.0,19,3,455,76*,28.43,346,131.50,0,2,1,29,23,
(Sunrisers Hyderabad),,,,,,,,,,,,,,,
Washington Sundar,2017-2025,64.0,43,12,442,49,14.25,365,121.09,0,0,3,37,12,
"(Gujarat Titans, Rising Pune Supergiant, Royal Challengers Bangalore, Sunrisers Hyderabad)",,,,,,,,,,,,,,,
SA Asnodkar,2008-2011,20.0,20,0,423,60,21.15,339,124.77,0,2,3,56,10,
(Rajasthan Royals),,,,,,,,,,,,,,,
NLTC Perera,2010-2016,37.0,30,8,422,40,19.18,307,137.45,0,0,1,23,26,
"(Chennai Super Kings, Kings XI Punjab, Kochi Tuskers Kerala, Mumbai Indians, Rising Pune Supergiants, Sunrisers Hyderabad)",,,,,,,,,,,,,,,
JR Hopes,2008-2011,21.0,19,3,417,71,26.06,306,136.27,0,4,1,49,11,
"(Delhi Daredevils, Kings XI Punjab)",,,,,,,,,,,,,,,
R Ravindra,2024-2025,18.0,18,1,413,65*,24.29,287,143.90,0,2,2,40,16,
(Chennai Super Kings),,,,,,,,,,,,,,,
J Botha,2009-2015,34.0,28,8,409,67*,20.45,359,113.92,0,1,0,39,5,
"(Delhi Daredevils, Kolkata Knight Riders, Rajasthan Royals)",,,,,,,,,,,,,,,
LR Shukla,2008-2014,47.0,34,7,405,48*,15.00,350,115.71,0,0,3,33,15,
"(Delhi Daredevils, Kolkata Knight Riders)",,,,,,,,,,,,,,,
A Raghuvanshi,2024-2025,19.0,15,2,404,54,31.07,269,150.18,0,2,0,40,16,
(Kolkata Knight Riders),,,,,,,,,,,,,,,
AL Menaria,2011-2013,29.0,23,2,401,40,19.09,356,112.64,0,0,1,24,18,
(Rajasthan Royals),,,,,,,,,,,,,,,
MV Boucher,2008-2011,31.0,24,10,394,50*,28.14,309,127.50,0,1,0,32,13,
"(Kolkata Knight Riders, Royal Challengers Bangalore)",,,,,,,,,,,,,,,
CA Pujara,2010-2014,30.0,22,3,390,51,20.52,391,99.74,0,1,1,50,4,
"(Kings XI Punjab, Kolkata Knight Riders, Royal Challengers Bangalore)",,,,,,,,,,,,,,,
Azhar Mahmood,2012-2015,23.0,21,2,388,80,20.42,303,128.05,0,2,2,39,13,
"(Kings XI Punjab, Kolkata Knight Riders)",,,,,,,,,,,,,,,
J Fraser-McGurk,2024-2025,15.0,15,0,385,84,25.66,193,199.48,0,4,3,39,30,
(Delhi Capitals),,,,,,,,,,,,,,,
A Mishra,2008-2024,162.0,57,25,381,31,11.90,419,90.93,0,0,10,31,5,
"(Deccan Chargers, Delhi Capitals, Delhi Daredevils, Lucknow Super Giants, Sunrisers Hyderabad)",,,,,,,,,,,,,,,
KR Mayers,2023-2023,13.0,13,0,379,73,29.15,263,144.10,0,4,2,38,22,
(Lucknow Super Giants),,,,,,,,,,,,,,,
DB Ravi Teja,2008-2013,32.0,25,6,375,60,19.73,317,118.29,0,1,1,35,9,
"(Deccan Chargers, Sunrisers Hyderabad)",,,,,,,,,,,,,,,
WG Jacks,2024-2025,17.0,16,2,372,100*,26.57,247,150.60,1,1,0,28,24,
"(Mumbai Indians, Royal Challengers Bengaluru)",,,,,,,,,,,,,,,
S Sohal,2008-2011,22.0,20,0,368,62,18.40,292,126.02,0,2,3,34,18,
"(Deccan Chargers, Kings XI Punjab)",,,,,,,,,,,,,,,
Pawan Negi,2012-2019,50.0,35,9,365,36,14.03,289,126.29,0,0,3,27,16,
"(Chennai Super Kings, Delhi Daredevils, Royal Challengers Bangalore)",,,,,,,,,,,,,,,
R Powell,2022-2025,28.0,23,3,365,67*,18.25,249,146.58,0,1,2,22,28,
"(Delhi Capitals, Kolkata Knight Riders, Rajasthan Royals)",,,,,,,,,,,,,,,
DJ Mitchell,2022-2024,15.0,15,2,351,63,27.00,267,131.46,0,2,0,28,10,
"(Chennai Super Kings, Rajasthan Royals)",,,,,,,,,,,,,,,
KV Sharma,2009-2025,87.0,40,14,351,39*,13.50,294,119.38,0,0,1,20,17,
"(Chennai Super Kings, Mumbai Indians, Royal Challengers Bangalore, Royal Challengers Bengaluru, Sunrisers Hyderabad)",,,,,,,,,,,,,,,
P Arya,2025-2025,10.0,10,0,346,103,34.60,176,196.59,1,1,1,37,22,
(Punjab Kings),,,,,,,,,,,,,,,
R Bhatia,2008-2017,95.0,49,19,342,26*,11.40,284,120.42,0,0,3,24,13,
"(Delhi Daredevils, Kolkata Knight Riders, Rajasthan Royals, Rising Pune Supergiant, Rising Pune Supergiants)",,,,,,,,,,,,,,,
P Kumar,2008-2017,119.0,59,21,340,34,8.94,314,108.28,0,0,9,22,17,
"(Gujarat Lions, Kings XI Punjab, Mumbai Indians, Royal Challengers Bangalore, Sunrisers Hyderabad)",,,,,,,,,,,,,,,
AP Tare,2010-2017,35.0,28,4,339,59,14.12,273,124.17,0,1,5,40,11,
"(Delhi Daredevils, Mumbai Indians, Sunrisers Hyderabad)",,,,,,,,,,,,,,,
AR Sharma,2024-2025,20.0,16,4,334,66*,27.83,198,168.68,0,2,0,21,24,
"(Delhi Capitals, Punjab Kings)",,,,,,,,,,,,,,,
JEC Franklin,2011-2012,20.0,16,5,327,79,29.72,301,108.63,0,1,0,25,8,
(Mumbai Indians),,,,,,,,,,,,,,,
RN ten Doeschate,2011-2015,29.0,22,8,326,70*,23.28,235,138.72,0,1,3,26,15,
(Kolkata Knight Riders),,,,,,,,,,,,,,,
SN Thakur,2015-2025,104.0,41,14,321,68,11.88,232,138.36,0,1,8,29,13,
"(Chennai Super Kings, Delhi Capitals, Kings XI Punjab, Kolkata Knight Riders, Lucknow Super Giants, Rising Pune Supergiant)",,,,,,,,,,,,,,,
Anuj Rawat,2021-2024,24.0,21,5,318,66,19.87,267,119.10,0,1,4,26,14,
"(Rajasthan Royals, Royal Challengers Bangalore, Royal Challengers Bengaluru)",,,,,,,,,,,,,,,
Rahmanullah Gurbaz,2023-2025,16.0,16,1,317,81,21.13,235,134.89,0,2,2,29,20,
(Kolkata Knight Riders),,,,,,,,,,,,,,,
Bhuvneshwar Kumar,2011-2025,185.0,72,36,316,27,8.77,347,91.06,0,0,6,31,3,
"(Pune Warriors, Royal Challengers Bengaluru, Sunrisers Hyderabad)",,,,,,,,,,,,,,,
R Vinay Kumar,2008-2018,104.0,46,18,310,26*,11.07,274,113.13,0,0,4,21,9,
"(Kochi Tuskers Kerala, Kolkata Knight Riders, Mumbai Indians, Royal Challengers Bangalore)",,,,,,,,,,,,,,,
SE Rutherford,2019-2025,18.0,16,4,307,46,25.58,233,131.75,0,0,0,18,21,
"(Delhi Capitals, Gujarat Titans, Royal Challengers Bangalore)",,,,,,,,,,,,,,,
Lalit Yadav,2021-2024,27.0,21,5,305,48*,19.06,290,105.17,0,0,1,27,7,
(Delhi Capitals),,,,,,,,,,,,,,,
D Brevis,2022-2025,12.0,12,0,304,49,25.33,223,136.32,0,0,1,20,21,
"(Chennai Super Kings, Mumbai Indians)",,,,,,,,,,,,,,,
DB Das,2008-2013,31.0,22,8,304,35*,21.71,261,116.47,0,0,1,23,16,
(Kolkata Knight Riders),,,,,,,,,,,,,,,
C de Grandhomme,2017-2019,25.0,21,5,303,40,18.93,225,134.66,0,0,3,18,18,
"(Kolkata Knight Riders, Royal Challengers Bangalore)",,,,,,,,,,,,,,,
LA Pomersbach,2008-2013,17.0,16,5,302,79*,27.45,246,122.76,0,1,0,25,13,
"(Kings XI Punjab, Royal Challengers Bangalore)",,,,,,,,,,,,,,,
UBT Chand,2011-2016,21.0,20,0,300,58,15.00,300,100.00,0,1,4,32,9,
"(Delhi Daredevils, Mumbai Indians, Rajasthan Royals)",,,,,,,,,,,,,,,
Naman Dhir,2024-2025,17.0,14,4,295,62*,29.50,163,180.98,0,1,3,26,18,
(Mumbai Indians),,,,,,,,,,,,,,,
DJG Sammy,2013-2015,22.0,20,5,295,60,19.66,241,122.40,0,1,2,15,18,
"(Royal Challengers Bangalore, Sunrisers Hyderabad)",,,,,,,,,,,,,,,
SP Goswami,2008-2020,31.0,21,1,293,52,14.65,295,99.32,0,1,4,32,3,
"(Kolkata Knight Riders, Rajasthan Royals, Royal Challengers Bangalore, Sunrisers Hyderabad)",,,,,,,,,,,,,,,
Y Nagar,2009-2012,26.0,20,6,285,44*,20.35,259,110.03,0,0,2,20,9,
(Delhi Daredevils),,,,,,,,,,,,,,,
GH Vihari,2013-2019,24.0,23,3,284,46,14.20,321,88.47,0,0,0,23,1,
"(Delhi Capitals, Sunrisers Hyderabad)",,,,,,,,,,,,,,,
VVS Laxman,2008-2011,20.0,20,2,282,52,15.66,267,105.61,0,1,4,33,5,
"(Deccan Chargers, Kochi Tuskers Kerala)",,,,,,,,,,,,,,,
A Ashish Reddy,2012-2016,31.0,23,8,280,36*,18.66,193,145.07,0,0,0,17,14,
"(Deccan Chargers, Sunrisers Hyderabad)",,,,,,,,,,,,,,,
B Chipli,2008-2013,23.0,21,6,280,61*,18.66,251,111.55,0,1,0,28,7,
"(Deccan Chargers, Delhi Daredevils, Royal Challengers Bangalore)",,,,,,,,,,,,,,,
A Manohar,2022-2025,24.0,19,1,280,43,15.55,224,125.00,0,0,2,23,13,
"(Gujarat Titans, Sunrisers Hyderabad)",,,,,,,,,,,,,,,
MJ Lumb,2010-2011,12.0,12,0,278,83,23.16,194,143.29,0,1,3,45,6,
"(Deccan Chargers, Rajasthan Royals)",,,,,,,,,,,,,,,
PBB Rajapaksa,2022-2023,13.0,13,1,277,50,23.08,191,145.02,0,1,1,22,15,
(Punjab Kings),,,,,,,,,,,,,,,
PK Garg,2020-2023,23.0,19,1,273,51*,15.16,241,113.27,0,1,2,16,9,
"(Delhi Capitals, Sunrisers Hyderabad)",,,,,,,,,,,,,,,
RD Rickelton,2025-2025,10.0,10,1,273,62*,30.33,179,152.51,0,2,0,35,12,
(Mumbai Indians),,,,,,,,,,,,,,,
MJ Guptill,2016-2019,13.0,13,1,270,50*,22.50,196,137.75,0,1,1,24,15,
"(Kings XI Punjab, Mumbai Indians, Sunrisers Hyderabad)",,,,,,,,,,,,,,,
HV Patel,2012-2025,113.0,46,17,270,36*,9.31,229,117.90,0,0,9,16,15,
"(Delhi Capitals, Delhi Daredevils, Punjab Kings, Royal Challengers Bangalore, Sunrisers Hyderabad)",,,,,,,,,,,,,,,
R Sathish,2010-2016,34.0,25,8,270,27*,15.88,231,116.88,0,0,2,22,6,
"(Kings XI Punjab, Kolkata Knight Riders, Mumbai Indians)",,,,,,,,,,,,,,,
JO Holder,2013-2023,46.0,27,6,259,47*,12.33,211,122.74,0,0,2,13,18,
"(Chennai Super Kings, Kolkata Knight Riders, Lucknow Super Giants, Rajasthan Royals, Sunrisers Hyderabad)",,,,,,,,,,,,,,,
M Kaif,2008-2012,29.0,22,4,259,34*,14.38,250,103.60,0,0,0,22,6,
"(Kings XI Punjab, Rajasthan Royals, Royal Challengers Bangalore)",,,,,,,,,,,,,,,
K Gowtham,2018-2024,36.0,27,9,247,33*,13.72,148,166.89,0,0,2,15,17,
"(Kings XI Punjab, Lucknow Super Giants, Rajasthan Royals)",,,,,,,,,,,,,,,
A Taide,2023-2024,9.0,9,0,247,66,27.44,168,147.02,0,2,1,27,8,
(Punjab Kings),,,,,,,,,,,,,,,
SM Katich,2008-2009,11.0,11,1,241,75,24.10,186,129.56,0,2,1,25,8,
(Kings XI Punjab),,,,,,,,,,,,,,,
Ben Cutting,2014-2019,21.0,17,6,238,39*,21.63,141,168.79,0,0,1,15,19,
"(Mumbai Indians, Rajasthan Royals, Sunrisers Hyderabad)",,,,,,,,,,,,,,,
MD Mishra,2010-2012,18.0,17,1,237,41,14.81,208,113.94,0,0,1,24,8,
"(Deccan Chargers, Pune Warriors)",,,,,,,,,,,,,,,
Harpreet Brar,2019-2025,45.0,24,13,233,29,21.18,190,122.63,0,0,1,19,9,
"(Kings XI Punjab, Punjab Kings)",,,,,,,,,,,,,,,
JC Archer,2018-2025,50.0,30,13,220,27*,12.94,143,153.84,0,0,5,11,16,
"(Mumbai Indians, Rajasthan Royals)",,,,,,,,,,,,,,,
K Goel,2008-2010,22.0,17,2,218,38,14.53,231,94.37,0,0,2,17,9,
(Kings XI Punjab),,,,,,,,,,,,,,,
AA Jhunjhunwala,2010-2012,21.0,16,3,217,53*,16.69,210,103.33,0,1,1,19,5,
"(Deccan Chargers, Pune Warriors, Rajasthan Royals)",,,,,,,,,,,,,,,
Mohammad Nabi,2017-2024,24.0,19,3,215,31,13.43,150,143.33,0,0,1,18,11,
"(Mumbai Indians, Sunrisers Hyderabad)",,,,,,,,,,,,,,,
K Rabada,2017-2025,82.0,32,15,213,44,12.52,198,107.57,0,0,4,16,9,
"(Delhi Capitals, Delhi Daredevils, Gujarat Titans, Punjab Kings)",,,,,,,,,,,,,,,
R Dhawan,2013-2024,39.0,24,13,210,25*,19.09,187,112.29,0,0,1,18,7,
"(Kings XI Punjab, Mumbai Indians, Punjab Kings)",,,,,,,,,,,,,,,
UT Yadav,2010-2024,148.0,52,31,208,24*,9.90,201,103.48,0,0,8,16,9,
"(Delhi Daredevils, Gujarat Titans, Kolkata Knight Riders, Royal Challengers Bangalore)",,,,,,,,,,,,,,,
CA Ingram,2011-2019,15.0,15,3,205,47,17.08,180,113.88,0,0,0,22,5,
"(Delhi Capitals, Delhi Daredevils)",,,,,,,,,,,,,,,
PD Collingwood,2010-2010,8.0,7,2,203,75*,40.60,156,130.12,0,3,0,9,13,
(Delhi Daredevils),,,,,,,,,,,,,,,
Ramandeep Singh,2022-2025,27.0,18,8,200,35,20.00,128,156.25,0,0,1,9,15,
"(Kolkata Knight Riders, Mumbai Indians)",,,,,,,,,,,,,,,
KS Bharat,2021-2022,10.0,9,2,199,78*,28.42,163,122.08,0,1,1,12,8,
"(Delhi Capitals, Royal Challengers Bangalore)",,,,,,,,,,,,,,,
SK Warne,2008-2011,55.0,29,9,198,34*,9.90,214,92.52,0,0,7,14,6,
(Rajasthan Royals),,,,,,,,,,,,,,,
JD Unadkat,2010-2025,108.0,32,16,197,26,12.31,166,118.67,0,0,2,16,7,
"(Delhi Daredevils, Kolkata Knight Riders, Lucknow Super Giants, Mumbai Indians, Rajasthan Royals, Rising Pune Supergiant, Royal Challengers Bangalore, Sunrisers Hyderabad)",,,,,,,,,,,,,,,
SP Fleming,2008-2008,10.0,10,1,196,45,21.77,165,118.78,0,0,1,27,3,
(Chennai Super Kings),,,,,,,,,,,,,,,
Kuldeep Yadav,2016-2025,94.0,37,23,194,35*,13.85,224,86.60,0,0,5,18,3,
"(Delhi Capitals, Kolkata Knight Riders)",,,,,,,,,,,,,,,
AS Raut,2009-2011,22.0,16,7,194,36*,21.55,167,116.16,0,0,1,13,7,
(Rajasthan Royals),,,,,,,,,,,,,,,
BJ Rohrer,2013-2013,8.0,8,2,193,64*,32.16,140,137.85,0,1,0,21,5,
(Delhi Daredevils),,,,,,,,,,,,,,,
Salman Butt,2008-2008,7.0,7,0,193,73,27.57,161,119.87,0,1,0,30,2,
(Kolkata Knight Riders),,,,,,,,,,,,,,,
YV Takawale,2008-2014,16.0,10,2,192,45,24.00,178,107.86,0,0,2,26,3,
"(Mumbai Indians, Royal Challengers Bangalore)",,,,,,,,,,,,,,,
HC Brook,2023-2023,11.0,11,2,190,100*,21.11,154,123.37,1,0,3,23,4,
(Sunrisers Hyderabad),,,,,,,,,,,,,,,
AU Verma,2025-2025,9.0,8,1,190,74,27.14,118,161.01,0,1,0,9,16,
(Sunrisers Hyderabad),,,,,,,,,,,,,,,
Bipul Sharma,2010-2017,33.0,17,9,187,35*,23.37,123,152.03,0,0,0,11,9,
"(Kings XI Punjab, Sunrisers Hyderabad)",,,,,,,,,,,,,,,
FY Fazal,2010-2011,12.0,11,1,183,45,18.30,173,105.78,0,0,1,22,1,
(Rajasthan Royals),,,,,,,,,,,,,,,
SD Hope,2024-2024,9.0,9,1,183,41,22.87,122,150.00,0,0,0,12,12,
(Delhi Capitals),,,,,,,,,,,,,,,
MS Wade,2011-2024,15.0,14,0,183,35,13.07,177,103.38,0,0,0,23,2,
"(Delhi Daredevils, Gujarat Titans)",,,,,,,,,,,,,,,
Sikandar Raza,2023-2024,9.0,9,2,182,57,26.00,136,133.82,0,1,0,12,8,
(Punjab Kings),,,,,,,,,,,,,,,
CR Brathwaite,2016-2019,16.0,14,1,181,43*,13.92,111,163.06,0,0,0,10,16,
"(Delhi Daredevils, Kolkata Knight Riders, Sunrisers Hyderabad)",,,,,,,,,,,,,,,
AC Voges,2010-2010,9.0,7,3,181,45*,45.25,143,126.57,0,0,0,15,3,
(Rajasthan Royals),,,,,,,,,,,,,,,
S Gopal,2014-2024,52.0,22,8,180,24,12.85,169,106.50,0,0,4,19,2,
"(Mumbai Indians, Rajasthan Royals, Sunrisers Hyderabad)",,,,,,,,,,,,,,,
AB Agarkar,2008-2013,42.0,22,12,179,39,17.90,154,116.23,0,0,1,13,5,
"(Delhi Daredevils, Kolkata Knight Riders)",,,,,,,,,,,,,,,
MF Maharoof,2008-2010,20.0,14,4,177,39,17.70,123,143.90,0,0,2,12,9,
(Delhi Daredevils),,,,,,,,,,,,,,,
C Munro,2016-2019,13.0,12,0,177,40,14.75,141,125.53,0,0,2,19,8,
"(Delhi Capitals, Delhi Daredevils, Kolkata Knight Riders)",,,,,,,,,,,,,,,
DH Yagnik,2011-2014,25.0,17,7,170,34,17.00,137,124.08,0,0,1,23,2,
(Rajasthan Royals),,,,,,,,,,,,,,,
CM Gautam,2013-2015,13.0,13,3,169,33,16.90,150,112.66,0,0,0,17,6,
"(Delhi Daredevils, Mumbai Indians)",,,,,,,,,,,,,,,
Mitchell Johnson,2013-2018,54.0,30,17,167,16*,12.84,164,101.82,0,0,2,10,7,
"(Kings XI Punjab, Kolkata Knight Riders, Mumbai Indians)",,,,,,,,,,,,,,,
DW Steyn,2008-2020,95.0,37,15,167,19*,7.59,160,104.37,0,0,5,14,3,
"(Deccan Chargers, Gujarat Lions, Royal Challengers Bangalore, Sunrisers Hyderabad)",,,,,,,,,,,,,,,
MN van Wyk,2009-2009,5.0,5,2,167,74,55.66,132,126.51,0,1,1,19,1,
(Kolkata Knight Riders),,,,,,,,,,,,,,,
PA Reddy,2012-2013,12.0,11,1,164,42,16.40,160,102.50,0,0,0,15,2,
"(Deccan Chargers, Sunrisers Hyderabad)",,,,,,,,,,,,,,,
N Jagadeesan,2020-2023,13.0,10,1,162,39*,18.00,147,110.20,0,0,2,21,2,
"(Chennai Super Kings, Kolkata Knight Riders)",,,,,,,,,,,,,,,
MN Samuels,2012-2017,15.0,14,1,161,46,12.38,172,93.60,0,0,1,9,7,
"(Delhi Daredevils, Pune Warriors)",,,,,,,,,,,,,,,
R McLaren,2010-2013,18.0,13,5,159,51*,19.87,171,92.98,0,1,1,14,1,
"(Kings XI Punjab, Kolkata Knight Riders, Mumbai Indians)",,,,,,,,,,,,,,,
RE van der Merwe,2009-2013,21.0,15,4,159,35,14.45,141,112.76,0,0,0,11,8,
"(Delhi Daredevils, Royal Challengers Bangalore)",,,,,,,,,,,,,,,
V Suryavanshi,2025-2025,3.0,3,0,151,101,50.33,70,215.71,1,0,0,9,16,
(Rajasthan Royals),,,,,,,,,,,,,,,
AD Hales,2018-2018,6.0,6,0,148,45,24.66,118,125.42,0,0,0,13,6,
(Sunrisers Hyderabad),,,,,,,,,,,,,,,
D Wiese,2015-2023,18.0,11,6,148,47*,29.60,101,146.53,0,0,0,12,7,
"(Kolkata Knight Riders, Royal Challengers Bangalore)",,,,,,,,,,,,,,,
SM Pollock,2008-2008,13.0,8,0,147,33,18.37,111,132.43,0,0,2,12,8,
(Mumbai Indians),,,,,,,,,,,,,,,
S Vidyut,2008-2008,9.0,8,0,145,54,18.12,109,133.02,0,1,1,21,3,
(Chennai Super Kings),,,,,,,,,,,,,,,
Sachin Baby,2013-2021,19.0,11,2,144,33,16.00,118,122.03,0,0,1,11,5,
"(Rajasthan Royals, Royal Challengers Bangalore)",,,,,,,,,,,,,,,
M Jansen,2021-2025,31.0,20,10,141,34*,14.10,127,111.02,0,0,2,8,6,
"(Mumbai Indians, Punjab Kings, Sunrisers Hyderabad)",,,,,,,,,,,,,,,
N Saini,2012-2012,10.0,10,0,140,50,14.00,141,99.29,0,1,0,16,0,
(Kings XI Punjab),,,,,,,,,,,,,,,
Anmolpreet Singh,2021-2024,9.0,9,0,139,36,15.44,115,120.86,0,0,1,19,3,
"(Mumbai Indians, Sunrisers Hyderabad)",,,,,,,,,,,,,,,
S Anirudha,2008-2014,20.0,13,5,136,64,17.00,113,120.35,0,1,2,9,7,
"(Chennai Super Kings, Sunrisers Hyderabad)",,,,,,,,,,,,,,,
SB Styris,2008-2011,12.0,10,3,131,36*,18.71,133,98.49,0,0,0,10,3,
"(Chennai Super Kings, Deccan Chargers)",,,,,,,,,,,,,,,
W Jaffer,2008-2009,8.0,8,0,130,50,16.25,121,107.43,0,1,1,14,3,
(Royal Challengers Bangalore),,,,,,,,,,,,,,,
RD Chahar,2017-2025,79.0,24,8,129,25*,8.06,124,104.03,0,0,8,13,5,
"(Mumbai Indians, Punjab Kings, Rising Pune Supergiant, Sunrisers Hyderabad)",,,,,,,,,,,,,,,
Kamran Akmal,2008-2008,6.0,6,1,128,53*,25.60,78,164.10,0,1,0,13,8,
(Rajasthan Royals),,,,,,,,,,,,,,,
TK Curran,2018-2021,13.0,10,5,127,54*,25.40,107,118.69,0,1,0,10,3,
"(Delhi Capitals, Kolkata Knight Riders, Rajasthan Royals)",,,,,,,,,,,,,,,
P Dogra,2010-2013,13.0,12,1,127,41,11.54,138,92.02,0,0,1,4,5,
"(Kings XI Punjab, Kolkata Knight Riders, Rajasthan Royals)",,,,,,,,,,,,,,,
UT Khawaja,2016-2016,6.0,6,0,127,30,21.16,100,127.00,0,0,0,14,3,
(Rising Pune Supergiants),,,,,,,,,,,,,,,
M Morkel,2009-2016,70.0,23,12,126,23*,11.45,90,140.00,0,0,5,11,4,
"(Delhi Daredevils, Kolkata Knight Riders, Rajasthan Royals)",,,,,,,,,,,,,,,
SS Prabhudessai,2022-2024,11.0,10,0,126,34,12.60,106,118.86,0,0,1,11,4,
"(Royal Challengers Bangalore, Royal Challengers Bengaluru)",,,,,,,,,,,,,,,
MC Juneja,2013-2013,7.0,7,0,125,49,17.85,128,97.65,0,0,0,11,1,
(Delhi Daredevils),,,,,,,,,,,,,,,
BB Samantray,2012-2013,9.0,8,3,125,55,25.00,113,110.61,0,1,1,13,2,
"(Deccan Chargers, Sunrisers Hyderabad)",,,,,,,,,,,,,,,
MM Sharma,2013-2025,119.0,33,15,125,21*,6.94,136,91.91,0,0,5,8,4,
"(Chennai Super Kings, Delhi Capitals, Gujarat Titans, Kings XI Punjab)",,,,,,,,,,,,,,,
B Lee,2008-2013,38.0,19,9,124,25,12.40,97,127.83,0,0,1,8,8,
"(Kings XI Punjab, Kolkata Knight Riders)",,,,,,,,,,,,,,,
Harpreet Singh,2010-2024,9.0,8,1,123,41,17.57,119,103.36,0,0,0,10,3,
"(Kolkata Knight Riders, Pune Warriors, Punjab Kings)",,,,,,,,,,,,,,,
AB McDonald,2009-2013,10.0,9,4,123,33*,24.60,100,123.00,0,0,1,9,4,
"(Delhi Daredevils, Royal Challengers Bangalore)",,,,,,,,,,,,,,,
NK Patel,2008-2009,9.0,6,2,121,57,30.25,119,101.68,0,1,0,14,1,
(Rajasthan Royals),,,,,,,,,,,,,,,
DL Vettori,2008-2012,34.0,17,9,121,29,15.12,113,107.07,0,0,1,11,2,
"(Delhi Daredevils, Royal Challengers Bangalore)",,,,,,,,,,,,,,,
AC Blizzard,2011-2012,7.0,7,0,120,51,17.14,90,133.33,0,1,1,21,2,
(Mumbai Indians),,,,,,,,,,,,,,,
TG Southee,2011-2023,53.0,20,7,120,36*,9.23,107,112.14,0,0,3,8,4,
"(Chennai Super Kings, Kolkata Knight Riders, Mumbai Indians, Rajasthan Royals, Royal Challengers Bangalore)",,,,,,,,,,,,,,,
RJ Harris,2009-2013,37.0,21,9,117,17,9.75,112,104.46,0,0,2,6,3,
"(Deccan Chargers, Kings XI Punjab)",,,,,,,,,,,,,,,
Z Khan,2008-2017,99.0,32,18,117,23*,8.35,141,82.97,0,0,5,11,2,
"(Delhi Daredevils, Mumbai Indians, Royal Challengers Bangalore)",,,,,,,,,,,,,,,
Misbah-ul-Haq,2008-2008,8.0,8,1,117,47*,16.71,81,144.44,0,0,2,10,6,
(Royal Challengers Bangalore),,,,,,,,,,,,,,,
MW Short,2023-2023,6.0,6,0,117,36,19.50,92,127.17,0,0,0,15,4,
(Punjab Kings),,,,,,,,,,,,,,,
KK Cooper,2012-2014,25.0,14,5,116,32,12.88,68,170.58,0,0,1,9,8,
(Rajasthan Royals),,,,,,,,,,,,,,,
Aman Hakim Khan,2022-2023,12.0,10,1,115,51,12.77,104,110.57,0,1,1,8,6,
"(Delhi Capitals, Kolkata Knight Riders)",,,,,,,,,,,,,,,
R Shepherd,2022-2025,13.0,9,4,115,39*,23.00,63,182.53,0,0,1,7,10,
"(Lucknow Super Giants, Mumbai Indians, Royal Challengers Bengaluru, Sunrisers Hyderabad)",,,,,,,,,,,,,,,
DJM Short,2018-2018,7.0,7,0,115,44,16.42,99,116.16,0,0,0,11,5,
(Rajasthan Royals),,,,,,,,,,,,,,,
M Kartik,2008-2014,56.0,16,9,113,21,16.14,108,104.62,0,0,1,7,1,
"(Kings XI Punjab, Kolkata Knight Riders, Pune Warriors, Royal Challengers Bangalore)",,,,,,,,,,,,,,,
DJ Harris,2012-2012,4.0,4,0,111,47,27.75,101,109.90,0,0,0,11,5,
(Deccan Chargers),,,,,,,,,,,,,,,
MA Starc,2014-2025,50.0,22,11,110,29,10.00,118,93.22,0,0,3,11,0,
"(Delhi Capitals, Kolkata Knight Riders, Royal Challengers Bangalore)",,,,,,,,,,,,,,,
DL Chahar,2016-2025,90.0,16,8,109,39,13.62,76,143.42,0,0,4,4,8,
"(Chennai Super Kings, Mumbai Indians, Rising Pune Supergiant, Rising Pune Supergiants)",,,,,,,,,,,,,,,
Mohammed Siraj,2017-2025,102.0,25,15,109,14*,10.90,119,91.59,0,0,2,10,4,
"(Gujarat Titans, Royal Challengers Bangalore, Royal Challengers Bengaluru, Sunrisers Hyderabad)",,,,,,,,,,,,,,,
MJ Santner,2019-2025,27.0,16,8,109,22,13.62,100,109.00,0,0,1,6,6,
"(Chennai Super Kings, Mumbai Indians)",,,,,,,,,,,,,,,
JDP Oram,2008-2013,18.0,12,4,106,41*,13.25,108,98.14,0,0,1,6,5,
"(Chennai Super Kings, Mumbai Indians, Rajasthan Royals)",,,,,,,,,,,,,,,
LJ Wright,2012-2013,7.0,6,1,106,44,21.20,60,176.66,0,0,0,16,3,
(Pune Warriors),,,,,,,,,,,,,,,
Dhawal Kulkarni,2008-2021,91.0,23,14,104,28*,11.55,108,96.29,0,0,0,7,2,
"(Gujarat Lions, Mumbai Indians, Rajasthan Royals)",,,,,,,,,,,,,,,
V Nigam,2025-2025,10.0,6,1,104,39,20.80,51,203.92,0,0,1,11,6,
(Delhi Capitals),,,,,,,,,,,,,,,
RJ Quiney,2009-2009,7.0,7,0,103,51,14.71,102,100.98,0,1,0,12,3,
(Rajasthan Royals),,,,,,,,,,,,,,,
Arshad Khan,2023-2025,15.0,9,5,102,58*,25.50,70,145.71,0,1,1,6,6,
"(Gujarat Titans, Lucknow Super Giants, Mumbai Indians)",,,,,,,,,,,,,,,
SD Chitnis,2008-2012,11.0,8,1,99,38,14.14,89,111.23,0,0,0,10,2,
"(Kings XI Punjab, Mumbai Indians, Rajasthan Royals)",,,,,,,,,,,,,,,
MS Gony,2008-2017,44.0,17,7,99,42,9.90,71,139.43,0,0,3,6,8,
"(Chennai Super Kings, Deccan Chargers, Gujarat Lions, Kings XI Punjab)",,,,,,,,,,,,,,,
MJ Clarke,2012-2012,6.0,6,0,98,41,16.33,94,104.25,0,0,0,12,0,
(Pune Warriors),,,,,,,,,,,,,,,
CJ Ferguson,2011-2012,8.0,8,2,98,23,16.33,117,83.76,0,0,0,9,0,
(Pune Warriors),,,,,,,,,,,,,,,
PN Mankad,2022-2023,6.0,6,3,97,64*,32.33,73,132.87,0,1,1,13,2,
"(Lucknow Super Giants, Punjab Kings)",,,,,,,,,,,,,,,
SB Dubey,2024-2025,10.0,8,3,92,34*,18.40,55,167.27,0,0,1,6,7,
(Rajasthan Royals),,,,,,,,,,,,,,,
DJ Jacobs,2011-2012,7.0,7,0,92,32,13.14,98,93.87,0,0,1,10,4,
(Mumbai Indians),,,,,,,,,,,,,,,
JDS Neesham,2014-2022,14.0,10,1,92,22,10.22,93,98.92,0,0,2,6,2,
"(Delhi Daredevils, Kings XI Punjab, Mumbai Indians, Rajasthan Royals)",,,,,,,,,,,,,,,
PR Shah,2008-2011,16.0,10,2,92,29,11.50,91,101.09,0,0,1,9,2,
"(Mumbai Indians, Rajasthan Royals)",,,,,,,,,,,,,,,
RT Ponting,2008-2013,10.0,9,0,91,28,10.11,128,71.09,0,0,3,5,2,
"(Kolkata Knight Riders, Mumbai Indians)",,,,,,,,,,,,,,,
S Rana,2011-2014,10.0,8,4,91,19*,22.75,81,112.34,0,0,0,9,1,
"(Pune Warriors, Royal Challengers Bangalore)",,,,,,,,,,,,,,,
AJ Tye,2017-2022,30.0,13,4,91,25,10.11,76,119.73,0,0,2,6,5,
"(Gujarat Lions, Kings XI Punjab, Lucknow Super Giants, Rajasthan Royals)",,,,,,,,,,,,,,,
AD Nath,2016-2019,14.0,10,0,90,24,9.00,98,91.83,0,0,1,7,2,
"(Gujarat Lions, Kings XI Punjab, Royal Challengers Bangalore)",,,,,,,,,,,,,,,
Iqbal Abdulla,2008-2017,49.0,13,11,88,33*,44.00,84,104.76,0,0,1,9,1,
"(Kolkata Knight Riders, Rajasthan Royals, Royal Challengers Bangalore)",,,,,,,,,,,,,,,
SL Malinga,2009-2019,122.0,25,9,88,17,5.50,99,88.88,0,0,6,6,5,
(Mumbai Indians),,,,,,,,,,,,,,,
Ankit Sharma,2012-2018,22.0,10,3,87,30,12.42,67,129.85,0,0,1,7,4,
"(Deccan Chargers, Rajasthan Royals, Rising Pune Supergiant, Rising Pune Supergiants, Sunrisers Hyderabad)",,,,,,,,,,,,,,,
AP Majumdar,2012-2012,4.0,4,0,87,31,21.75,76,114.47,0,0,0,7,2,
(Pune Warriors),,,,,,,,,,,,,,,
TA Boult,2015-2025,113.0,29,20,85,17*,9.44,81,104.93,0,0,3,5,3,
"(Delhi Capitals, Delhi Daredevils, Kolkata Knight Riders, Mumbai Indians, Rajasthan Royals, Sunrisers Hyderabad)",,,,,,,,,,,,,,,
MJ McClenaghan,2015-2019,56.0,24,11,85,20,6.53,70,121.42,0,0,6,5,7,
(Mumbai Indians),,,,,,,,,,,,,,,
Mohammed Shami,2013-2025,118.0,29,15,84,21,6.00,89,94.38,0,0,4,7,2,
"(Delhi Daredevils, Gujarat Titans, Kings XI Punjab, Kolkata Knight Riders, Punjab Kings, Sunrisers Hyderabad)",,,,,,,,,,,,,,,
RE Levi,2012-2012,6.0,6,0,83,50,13.83,73,113.69,0,1,2,10,4,
(Mumbai Indians),,,,,,,,,,,,,,,
NM Coulter-Nile,2013-2022,39.0,17,6,82,24*,7.45,72,113.88,0,0,0,7,4,
"(Delhi Daredevils, Kolkata Knight Riders, Mumbai Indians, Rajasthan Royals)",,,,,,,,,,,,,,,
LA Carseldine,2009-2009,5.0,5,1,81,39,20.25,68,119.11,0,0,0,11,0,
(Rajasthan Royals),,,,,,,,,,,,,,,
PW Hasaranga,2021-2025,34.0,17,4,81,18,6.23,85,95.29,0,0,3,7,1,
"(Rajasthan Royals, Royal Challengers Bangalore)",,,,,,,,,,,,,,,
CJ Jordan,2016-2023,34.0,13,3,81,30,8.10,77,105.19,0,0,1,3,3,
"(Chennai Super Kings, Kings XI Punjab, Mumbai Indians, Punjab Kings, Royal Challengers Bangalore, Sunrisers Hyderabad)",,,,,,,,,,,,,,,
Shahid Afridi,2008-2008,10.0,9,1,81,33,10.12,46,176.08,0,0,1,7,6,
(Deccan Chargers),,,,,,,,,,,,,,,
WPUJC Vaas,2008-2010,13.0,11,3,81,20,10.12,73,110.95,0,0,3,2,3,
(Deccan Chargers),,,,,,,,,,,,,,,
RV Patel,2021-2023,9.0,7,2,80,23,16.00,73,109.58,0,0,0,6,2,
(Delhi Capitals),,,,,,,,,,,,,,,
AD Mascarenhas,2008-2013,13.0,11,2,79,27,8.77,78,101.28,0,0,2,5,1,
"(Kings XI Punjab, Rajasthan Royals)",,,,,,,,,,,,,,,
JR Philippe,2020-2020,5.0,5,1,78,33,19.50,77,101.29,0,0,1,9,1,
(Royal Challengers Bangalore),,,,,,,,,,,,,,,
CR Woakes,2017-2021,21.0,12,6,78,18,13.00,77,101.29,0,0,0,7,2,
"(Delhi Capitals, Kolkata Knight Riders, Royal Challengers Bangalore)",,,,,,,,,,,,,,,
B Akhil,2008-2011,15.0,11,5,76,27*,12.66,55,138.18,0,0,2,5,5,
"(Kochi Tuskers Kerala, Royal Challengers Bangalore)",,,,,,,,,,,,,,,
IR Jaggi,2011-2017,7.0,7,2,76,28,15.20,97,78.35,0,0,0,6,0,
"(Deccan Chargers, Kolkata Knight Riders)",,,,,,,,,,,,,,,
TR Birt,2011-2011,5.0,5,0,75,27,15.00,58,129.31,0,0,0,9,2,
(Delhi Daredevils),,,,,,,,,,,,,,,
Sameer Rizvi,2024-2025,10.0,7,1,75,21,12.50,62,120.96,0,0,1,6,3,
"(Chennai Super Kings, Delhi Capitals)",,,,,,,,,,,,,,,
M Klinger,2011-2011,4.0,4,0,73,29,18.25,77,94.80,0,0,0,9,0,
(Kochi Tuskers Kerala),,,,,,,,,,,,,,,
RR Sarwan,2008-2008,4.0,4,0,73,31,18.25,75,97.33,0,0,0,6,1,
(Kings XI Punjab),,,,,,,,,,,,,,,
LH Ferguson,2017-2025,49.0,11,8,72,24*,24.00,47,153.19,0,0,1,7,2,
"(Gujarat Titans, Kolkata Knight Riders, Punjab Kings, Rising Pune Supergiant, Royal Challengers Bengaluru)",,,,,,,,,,,,,,,
J Suchith,2015-2022,22.0,10,6,70,34*,17.50,61,114.75,0,0,1,6,3,
"(Delhi Capitals, Mumbai Indians, Sunrisers Hyderabad)",,,,,,,,,,,,,,,
AA Bilakhia,2009-2010,7.0,7,2,69,22,13.80,85,81.17,0,0,0,5,0,
(Deccan Chargers),,,,,,,,,,,,,,,
A Mhatre,2025-2025,3.0,3,0,69,32,23.00,40,172.50,0,0,0,11,2,
(Chennai Super Kings),,,,,,,,,,,,,,,
Vivrant Sharma,2023-2023,3.0,1,0,69,69,69.00,47,146.80,0,1,0,9,2,
(Sunrisers Hyderabad),,,,,,,,,,,,,,,
Jasprit Bumrah,2013-2025,139.0,31,24,68,16*,9.71,79,86.07,0,0,5,5,1,
(Mumbai Indians),,,,,,,,,,,,,,,
RR Powar,2008-2012,27.0,10,7,67,28*,22.33,64,104.68,0,0,1,6,1,
"(Kings XI Punjab, Kochi Tuskers Kerala)",,,,,,,,,,,,,,,
R Sharma,2010-2014,43.0,20,6,66,14*,4.71,75,88.00,0,0,8,5,3,
"(Deccan Chargers, Delhi Daredevils, Pune Warriors)",,,,,,,,,,,,,,,
HR Shokeen,2022-2023,13.0,6,3,66,25,22.00,65,101.53,0,0,0,9,0,
(Mumbai Indians),,,,,,,,,,,,,,,
KA Jamieson,2021-2021,9.0,7,3,65,16*,16.25,55,118.18,0,0,0,5,3,
(Royal Challengers Bangalore),,,,,,,,,,,,,,,
WD Parnell,2011-2023,33.0,14,4,65,16,6.50,80,81.25,0,0,0,4,1,
"(Delhi Daredevils, Pune Warriors, Royal Challengers Bangalore)",,,,,,,,,,,,,,,
GD Phillips,2021-2023,8.0,8,1,65,25,9.28,55,118.18,0,0,1,3,6,
"(Rajasthan Royals, Sunrisers Hyderabad)",,,,,,,,,,,,,,,
Mohammad Hafeez,2008-2008,8.0,8,1,64,16,9.14,83,77.10,0,0,0,7,2,
(Kolkata Knight Riders),,,,,,,,,,,,,,,
Anirudh Singh,2010-2010,5.0,4,0,63,40,15.75,66,95.45,0,0,1,6,1,
(Deccan Chargers),,,,,,,,,,,,,,,
A Flintoff,2009-2009,3.0,3,1,62,24,31.00,53,116.98,0,0,0,5,2,
(Chennai Super Kings),,,,,,,,,,,,,,,
JP Inglis,2025-2025,5.0,5,2,62,29,20.66,52,119.23,0,0,0,7,1,
(Punjab Kings),,,,,,,,,,,,,,,
SP Jackson,2017-2022,9.0,8,2,61,16,10.16,57,107.01,0,0,1,5,1,
(Kolkata Knight Riders),,,,,,,,,,,,,,,
PHKD Mendis,2025-2025,3.0,3,1,60,32*,30.00,47,127.65,0,0,0,4,2,
(Sunrisers Hyderabad),,,,,,,,,,,,,,,
Sandeep Sharma,2013-2025,136.0,28,22,60,9,10.00,75,80.00,0,0,4,4,0,
"(Kings XI Punjab, Punjab Kings, Rajasthan Royals, Sunrisers Hyderabad)",,,,,,,,,,,,,,,
S Aravind,2011-2017,38.0,12,8,59,14*,14.75,57,103.50,0,0,2,7,0,
(Royal Challengers Bangalore),,,,,,,,,,,,,,,
Azmatullah Omarzai,2024-2025,10.0,5,0,58,17,11.60,48,120.83,0,0,0,4,3,
"(Gujarat Titans, Punjab Kings)",,,,,,,,,,,,,,,
MG Bracewell,2023-2023,5.0,4,2,58,26,29.00,47,123.40,0,0,0,6,1,
(Royal Challengers Bangalore),,,,,,,,,,,,,,,
SK Rasheed,2025-2025,4.0,4,0,57,27,14.25,52,109.61,0,0,1,8,1,
(Chennai Super Kings),,,,,,,,,,,,,,,
Ishant Sharma,2008-2025,116.0,28,22,57,10*,9.50,69,82.60,0,0,1,4,2,
"(Deccan Chargers, Delhi Capitals, Gujarat Titans, Kings XI Punjab, Kolkata Knight Riders, Rising Pune Supergiants, Sunrisers Hyderabad)",,,,,,,,,,,,,,,
WA Mota,2008-2009,12.0,8,2,56,25,9.33,75,74.66,0,0,0,2,0,
(Kings XI Punjab),,,,,,,,,,,,,,,
Vishnu Vinod,2017-2023,6.0,6,0,56,30,9.33,57,98.24,0,0,0,3,3,
"(Mumbai Indians, Royal Challengers Bangalore)",,,,,,,,,,,,,,,
M Rawat,2008-2013,18.0,12,7,55,23*,11.00,69,79.71,0,0,1,4,1,
"(Pune Warriors, Rajasthan Royals)",,,,,,,,,,,,,,,
A Chopra,2008-2009,7.0,6,0,53,24,8.83,71,74.64,0,0,0,7,0,
(Kolkata Knight Riders),,,,,,,,,,,,,,,
DJ Willey,2018-2023,11.0,5,3,53,20*,26.50,62,85.48,0,0,1,7,0,
"(Chennai Super Kings, Royal Challengers Bangalore)",,,,,,,,,,,,,,,
Shoaib Malik,2008-2008,7.0,5,1,52,24,13.00,47,110.63,0,0,0,5,0,
(Delhi Daredevils),,,,,,,,,,,,,,,
RP Singh,2008-2016,82.0,30,15,52,10,3.46,76,68.42,0,0,5,2,1,
"(Deccan Chargers, Kochi Tuskers Kerala, Mumbai Indians, Rising Pune Supergiants, Royal Challengers Bangalore)",,,,,,,,,,,,,,,
KB Arun Karthik,2010-2013,17.0,8,3,51,19*,10.20,51,100.00,0,0,1,4,1,
"(Chennai Super Kings, Royal Challengers Bangalore)",,,,,,,,,,,,,,,
R Rampaul,2013-2014,12.0,7,2,51,23*,10.20,50,102.00,0,0,3,3,2,
(Royal Challengers Bangalore),,,,,,,,,,,,,,,
Shivam Mavi,2018-2022,32.0,12,3,51,20,5.66,56,91.07,0,0,3,4,2,
(Kolkata Knight Riders),,,,,,,,,,,,,,,
OF Smith,2022-2022,6.0,6,3,51,25*,17.00,44,115.90,0,0,1,1,5,
(Punjab Kings),,,,,,,,,,,,,,,
Swapnil Singh,2016-2024,14.0,9,4,51,15*,10.20,45,113.33,0,0,2,3,3,
"(Kings XI Punjab, Lucknow Super Giants, Royal Challengers Bengaluru)",,,,,,,,,,,,,,,
VR Aaron,2011-2022,52.0,13,8,50,17*,10.00,72,69.44,0,0,1,2,2,
"(Delhi Daredevils, Gujarat Titans, Kings XI Punjab, Rajasthan Royals, Royal Challengers Bangalore)",,,,,,,,,,,,,,,
RV Gomez,2011-2013,13.0,9,4,50,26*,10.00,51,98.03,0,0,3,5,1,
"(Kochi Tuskers Kerala, Pune Warriors)",,,,,,,,,,,,,,,
SB Bangar,2008-2009,12.0,8,1,49,17*,7.00,58,84.48,0,0,1,1,3,
"(Deccan Chargers, Kolkata Knight Riders)",,,,,,,,,,,,,,,
A Nortje,2020-2025,47.0,16,10,49,23*,8.16,49,100.00,0,0,2,6,0,
"(Delhi Capitals, Kolkata Knight Riders)",,,,,,,,,,,,,,,
AG Paunikar,2010-2011,5.0,5,0,49,20,9.80,58,84.48,0,0,1,9,0,
(Rajasthan Royals),,,,,,,,,,,,,,,
AS Yadav,2008-2008,8.0,6,1,49,16,9.80,39,125.64,0,0,1,5,2,
(Deccan Chargers),,,,,,,,,,,,,,,
T Kohler-Cadmore,2024-2024,3.0,3,0,48,20,16.00,54,88.88,0,0,0,7,1,
(Rajasthan Royals),,,,,,,,,,,,,,,
M Markande,2018-2024,37.0,11,8,48,18*,16.00,42,114.28,0,0,0,5,1,
"(Mumbai Indians, Rajasthan Royals, Sunrisers Hyderabad)",,,,,,,,,,,,,,,
Yashpal Singh,2009-2009,8.0,4,0,47,20,11.75,66,71.21,0,0,0,5,0,
(Kolkata Knight Riders),,,,,,,,,,,,,,,
PVD Chameera,2022-2025,16.0,10,6,45,17,11.25,32,140.62,0,0,2,3,3,
"(Delhi Capitals, Kolkata Knight Riders, Lucknow Super Giants)",,,,,,,,,,,,,,,
Ravi Bishnoi,2020-2025,76.0,17,7,45,13,4.50,66,68.18,0,0,2,2,2,
"(Kings XI Punjab, Lucknow Super Giants, Punjab Kings)",,,,,,,,,,,,,,,
D Pretorius,2022-2023,7.0,5,1,44,22,11.00,28,157.14,0,0,1,3,3,
(Chennai Super Kings),,,,,,,,,,,,,,,
DR Sams,2020-2022,16.0,13,4,44,15,4.88,44,100.00,0,0,3,1,3,
"(Delhi Capitals, Mumbai Indians, Royal Challengers Bangalore)",,,,,,,,,,,,,,,
Avesh Khan,2017-2025,71.0,13,10,43,12,14.33,27,159.25,0,0,1,3,3,
"(Delhi Capitals, Delhi Daredevils, Lucknow Super Giants, Rajasthan Royals, Royal Challengers Bangalore)",,,,,,,,,,,,,,,
Sunny Singh,2011-2011,6.0,5,1,43,20,10.75,31,138.70,0,0,0,6,1,
(Kings XI Punjab),,,,,,,,,,,,,,,
AB Barath,2010-2010,3.0,3,1,42,33,21.00,42,100.00,0,0,0,5,1,
(Kings XI Punjab),,,,,,,,,,,,,,,
SK Trivedi,2008-2013,76.0,15,8,42,9,6.00,59,71.18,0,0,1,3,1,
(Rajasthan Royals),,,,,,,,,,,,,,,
A Nehra,2008-2017,88.0,22,15,41,22*,5.85,62,66.12,0,0,5,3,1,
"(Chennai Super Kings, Delhi Daredevils, Mumbai Indians, Pune Warriors, Sunrisers Hyderabad)",,,,,,,,,,,,,,,
BR Dunk,2014-2014,3.0,3,0,40,20,13.33,35,114.28,0,0,0,7,0,
(Mumbai Indians),,,,,,,,,,,,,,,
Rasikh Salam,2019-2025,13.0,6,1,40,10,8.00,40,100.00,0,0,0,5,0,
"(Delhi Capitals, Kolkata Knight Riders, Mumbai Indians, Royal Challengers Bengaluru)",,,,,,,,,,,,,,,
LPC Silva,2008-2008,3.0,3,1,40,23*,20.00,26,153.84,0,0,1,5,1,
(Deccan Chargers),,,,,,,,,,,,,,,
J Yadav,2015-2023,20.0,5,1,40,23,10.00,36,111.11,0,0,0,2,1,
"(Delhi Daredevils, Gujarat Titans, Mumbai Indians)",,,,,,,,,,,,,,,
S Nadeem,2011-2021,72.0,22,8,39,6*,2.78,87,44.82,0,0,6,2,0,
"(Delhi Daredevils, Sunrisers Hyderabad)",,,,,,,,,,,,,,,
MM Patel,2008-2017,63.0,15,9,39,23*,6.50,41,95.12,0,0,5,5,0,
"(Gujarat Lions, Mumbai Indians, Rajasthan Royals)",,,,,,,,,,,,,,,
AUK Pathan,2011-2012,8.0,7,2,39,14,7.80,23,169.56,0,0,2,5,2,
(Royal Challengers Bangalore),,,,,,,,,,,,,,,
DJ Thornely,2008-2008,6.0,4,2,39,30,19.50,53,73.58,0,0,0,2,2,
(Mumbai Indians),,,,,,,,,,,,,,,
Umar Gul,2008-2008,6.0,4,1,39,24,13.00,19,205.26,0,0,0,1,5,
(Kolkata Knight Riders),,,,,,,,,,,,,,,
Yuzvendra Chahal,2013-2025,170.0,20,13,37,8*,5.28,86,43.02,0,0,1,0,0,
"(Mumbai Indians, Punjab Kings, Rajasthan Royals, Royal Challengers Bangalore)",,,,,,,,,,,,,,,
S Narwal,2010-2013,7.0,4,1,37,23,12.33,27,137.03,0,0,1,6,0,
"(Kolkata Knight Riders, Rajasthan Royals)",,,,,,,,,,,,,,,
AN Ahmed,2010-2015,17.0,6,5,36,18*,36.00,26,138.46,0,0,0,4,1,
"(Mumbai Indians, Royal Challengers Bangalore)",,,,,,,,,,,,,,,
Anureet Singh,2009-2018,23.0,8,4,36,15,9.00,47,76.59,0,0,2,2,1,
"(Kings XI Punjab, Kolkata Knight Riders, Rajasthan Royals)",,,,,,,,,,,,,,,
L Balaji,2008-2014,73.0,15,7,36,15,4.50,49,73.46,0,0,5,2,1,
"(Chennai Super Kings, Kings XI Punjab, Kolkata Knight Riders)",,,,,,,,,,,,,,,
Joginder Sharma,2008-2011,16.0,6,2,36,16*,9.00,30,120.00,0,0,2,1,2,
(Chennai Super Kings),,,,,,,,,,,,,,,
KW Richardson,2013-2021,15.0,4,1,36,26,12.00,39,92.30,0,0,0,2,1,
"(Pune Warriors, Rajasthan Royals, Royal Challengers Bangalore)",,,,,,,,,,,,,,,
Sohail Tanvir,2008-2008,11.0,5,2,36,13,12.00,29,124.13,0,0,0,3,1,
(Rajasthan Royals),,,,,,,,,,,,,,,
M Ashwin,2016-2023,44.0,13,4,35,9,3.88,50,70.00,0,0,2,2,1,
"(Kings XI Punjab, Mumbai Indians, Punjab Kings, Rajasthan Royals, Rising Pune Supergiants, Royal Challengers Bangalore)",,,,,,,,,,,,,,,
A Kumble,2008-2010,42.0,17,14,35,8,11.66,47,74.46,0,0,0,3,0,
(Royal Challengers Bangalore),,,,,,,,,,,,,,,
B Sumanth,2010-2010,5.0,4,3,35,16,35.00,37,94.59,0,0,0,3,0,
(Deccan Chargers),,,,,,,,,,,,,,,
AP Dole,2010-2010,3.0,2,0,34,30,17.00,22,154.54,0,0,0,3,1,
(Rajasthan Royals),,,,,,,,,,,,,,,
A Mithun,2009-2013,16.0,8,3,34,11,6.80,26,130.76,0,0,1,4,1,
(Royal Challengers Bangalore),,,,,,,,,,,,,,,
L Ronchi,2008-2009,5.0,5,0,34,13,6.80,34,100.00,0,0,1,6,1,
(Mumbai Indians),,,,,,,,,,,,,,,
S Sreesanth,2008-2013,44.0,14,10,34,15*,8.50,55,61.81,0,0,3,6,0,
"(Kings XI Punjab, Kochi Tuskers Kerala, Rajasthan Royals)",,,,,,,,,,,,,,,
Imran Tahir,2014-2021,59.0,9,5,33,13*,8.25,37,89.18,0,0,0,5,0,
"(Chennai Super Kings, Delhi Daredevils, Rising Pune Supergiant)",,,,,,,,,,,,,,,
NA Saini,2019-2023,32.0,7,3,33,12*,8.25,37,89.18,0,0,0,3,0,
"(Rajasthan Royals, Royal Challengers Bangalore)",,,,,,,,,,,,,,,
D Salunkhe,2008-2008,6.0,3,1,33,26*,16.50,24,137.50,0,0,0,5,0,
(Rajasthan Royals),,,,,,,,,,,,,,,
Basil Thampi,2017-2022,25.0,8,7,32,13*,32.00,35,91.42,0,0,0,1,1,
"(Gujarat Lions, Mumbai Indians, Sunrisers Hyderabad)",,,,,,,,,,,,,,,
AT Carey,2020-2020,3.0,3,1,32,14*,16.00,29,110.34,0,0,0,0,1,
(Delhi Capitals),,,,,,,,,,,,,,,
RJ Peterson,2012-2012,5.0,5,2,32,16*,10.66,30,106.66,0,0,1,3,1,
(Mumbai Indians),,,,,,,,,,,,,,,
Arshdeep Singh,2019-2025,75.0,14,8,31,10*,5.16,46,67.39,0,0,3,4,0,
"(Kings XI Punjab, Punjab Kings)",,,,,,,,,,,,,,,
NS Naik,2016-2020,4.0,4,0,31,22,7.75,50,62.00,0,0,0,2,0,
"(Kings XI Punjab, Kolkata Knight Riders)",,,,,,,,,,,,,,,
S Sriram,2010-2011,2.0,2,0,31,27,15.50,36,86.11,0,0,0,3,0,
"(Delhi Daredevils, Royal Challengers Bangalore)",,,,,,,,,,,,,,,
T Taibu,2008-2008,3.0,3,0,31,15,10.33,26,119.23,0,0,0,3,0,
(Kolkata Knight Riders),,,,,,,,,,,,,,,
J Syed Mohammad,2011-2013,11.0,5,3,29,13*,14.50,26,111.53,0,0,0,4,0,
(Royal Challengers Bangalore),,,,,,,,,,,,,,,
VH Zol,2014-2014,3.0,2,0,29,16,14.50,26,111.53,0,0,0,3,1,
(Royal Challengers Bangalore),,,,,,,,,,,,,,,
TU Deshpande,2020-2025,43.0,8,6,28,20*,14.00,22,127.27,0,0,0,2,1,
"(Chennai Super Kings, Delhi Capitals, Rajasthan Royals)",,,,,,,,,,,,,,,
SB Jakati,2009-2017,59.0,8,7,28,13,28.00,29,96.55,0,0,0,3,0,
"(Chennai Super Kings, Gujarat Lions, Royal Challengers Bangalore)",,,,,,,,,,,,,,,
AS Joseph,2019-2024,22.0,7,6,27,15*,27.00,32,84.37,0,0,1,3,0,
"(Gujarat Titans, Mumbai Indians, Royal Challengers Bengaluru)",,,,,,,,,,,,,,,
AB Dinda,2008-2017,78.0,17,7,26,7,2.60,48,54.16,0,0,6,2,0,
"(Delhi Daredevils, Kolkata Knight Riders, Pune Warriors, Rising Pune Supergiant, Rising Pune Supergiants, Royal Challengers Bangalore)",,,,,,,,,,,,,,,
JM Kemp,2010-2010,5.0,2,0,26,22,13.00,24,108.33,0,0,0,1,1,
(Chennai Super Kings),,,,,,,,,,,,,,,
NL McCullum,2011-2011,2.0,2,1,26,15,26.00,22,118.18,0,0,0,0,1,
(Pune Warriors),,,,,,,,,,,,,,,
DJ Malan,2021-2021,1.0,1,0,26,26,26.00,26,100.00,0,0,0,1,1,
(Punjab Kings),,,,,,,,,,,,,,,
AS Rajpoot,2013-2020,29.0,7,2,26,8,5.20,41,63.41,0,0,0,2,1,
"(Chennai Super Kings, Kings XI Punjab, Kolkata Knight Riders, Rajasthan Royals)",,,,,,,,,,,,,,,
AS Roy,2019-2025,11.0,7,3,26,13*,6.50,25,104.00,0,0,3,3,0,
"(Kolkata Knight Riders, Mumbai Indians)",,,,,,,,,,,,,,,
PJ Sangwan,2008-2022,42.0,15,7,26,6*,3.25,44,59.09,0,0,4,1,0,
"(Delhi Daredevils, Gujarat Lions, Gujarat Titans, Kolkata Knight Riders, Mumbai Indians)",,,,,,,,,,,,,,,
TL Seifert,2021-2022,3.0,3,0,26,21,8.66,23,113.04,0,0,0,4,0,
"(Delhi Capitals, Kolkata Knight Riders)",,,,,,,,,,,,,,,
MD Shanaka,2023-2023,3.0,3,1,26,17,13.00,26,100.00,0,0,1,2,1,
(Gujarat Titans),,,,,,,,,,,,,,,
CV Varun,2019-2025,80.0,13,9,26,10*,6.50,47,55.31,0,0,1,2,0,
"(Kings XI Punjab, Kolkata Knight Riders)",,,,,,,,,,,,,,,
S Chanderpaul,2008-2008,3.0,3,0,25,16,8.33,31,80.64,0,0,0,4,0,
(Royal Challengers Bangalore),,,,,,,,,,,,,,,
A Choudhary,2017-2017,5.0,3,2,25,15*,25.00,20,125.00,0,0,0,1,1,
(Royal Challengers Bangalore),,,,,,,,,,,,,,,
Harshit Rana,2022-2025,30.0,9,4,25,10*,5.00,35,71.42,0,0,1,3,0,
(Kolkata Knight Riders),,,,,,,,,,,,,,,
Mohsin Khan,2022-2024,24.0,5,2,25,13*,8.33,24,104.16,0,0,1,2,1,
(Lucknow Super Giants),,,,,,,,,,,,,,,
Sanvir Singh,2023-2024,6.0,5,3,25,8*,12.50,21,119.04,0,0,1,2,1,
(Sunrisers Hyderabad),,,,,,,,,,,,,,,
KC Cariappa,2015-2019,11.0,5,2,24,12*,8.00,21,114.28,0,0,0,0,2,
"(Kings XI Punjab, Kolkata Knight Riders)",,,,,,,,,,,,,,,
ER Dwivedi,2016-2016,4.0,2,0,24,19,12.00,14,171.42,0,0,0,2,2,
(Gujarat Lions),,,,,,,,,,,,,,,
MA Khote,2008-2008,4.0,3,1,24,9,12.00,22,109.09,0,0,0,2,1,
(Mumbai Indians),,,,,,,,,,,,,,,
TK Kotian,2024-2024,1.0,1,0,24,24,24.00,31,77.41,0,0,0,3,0,
(Rajasthan Royals),,,,,,,,,,,,,,,
AJ Turner,2019-2024,6.0,6,1,24,16,4.80,28,85.71,0,0,3,0,2,
"(Lucknow Super Giants, Rajasthan Royals)",,,,,,,,,,,,,,,
J Arunkumar,2008-2008,3.0,3,0,23,22,7.66,23,100.00,0,0,1,5,0,
(Royal Challengers Bangalore),,,,,,,,,,,,,,,
P Dubey,2020-2023,4.0,2,1,23,16,23.00,33,69.69,0,0,0,2,0,
(Delhi Capitals),,,,,,,,,,,,,,,
BMAJ Mendis,2013-2013,3.0,3,0,23,12,7.66,27,85.18,0,0,1,0,0,
(Delhi Daredevils),,,,,,,,,,,,,,,
AF Milne,2016-2022,10.0,6,2,23,15,5.75,29,79.31,0,0,1,0,1,
"(Chennai Super Kings, Mumbai Indians, Royal Challengers Bangalore)",,,,,,,,,,,,,,,
SW Tait,2010-2013,21.0,5,2,23,11,7.66,26,88.46,0,0,1,1,1,
(Rajasthan Royals),,,,,,,,,,,,,,,
Umran Malik,2021-2024,26.0,6,4,23,19*,11.50,16,143.75,0,0,2,1,2,
(Sunrisers Hyderabad),,,,,,,,,,,,,,,
SA Abbott,2015-2022,3.0,3,0,22,14,7.33,18,122.22,0,0,0,1,2,
"(Royal Challengers Bangalore, Sunrisers Hyderabad)",,,,,,,,,,,,,,,
GB Hogg,2012-2016,21.0,6,3,22,13,7.33,22,100.00,0,0,0,1,0,
"(Kolkata Knight Riders, Rajasthan Royals)",,,,,,,,,,,,,,,
KL Nagarkoti,2020-2022,12.0,7,3,22,8*,5.50,33,66.66,0,0,2,1,0,
"(Delhi Capitals, Kolkata Knight Riders)",,,,,,,,,,,,,,,
AU Rashid,2021-2023,3.0,2,0,22,18,11.00,16,137.50,0,0,0,2,1,
"(Punjab Kings, Sunrisers Hyderabad)",,,,,,,,,,,,,,,
HE van der Dussen,2022-2022,3.0,3,1,22,12*,11.00,24,91.66,0,0,0,2,0,
(Rajasthan Royals),,,,,,,,,,,,,,,
Yudhvir Singh,2023-2025,7.0,4,0,22,14,5.50,16,137.50,0,0,1,1,2,
"(Lucknow Super Giants, Rajasthan Royals)",,,,,,,,,,,,,,,
DE Bollinger,2010-2012,27.0,4,3,21,16*,21.00,23,91.30,0,0,0,1,1,
(Chennai Super Kings),,,,,,,,,,,,,,,
B Indrajith,2022-2022,3.0,3,0,21,15,7.00,30,70.00,0,0,1,2,0,
(Kolkata Knight Riders),,,,,,,,,,,,,,,
C Bosch,2025-2025,1.0,1,0,20,20,20.00,10,200.00,0,0,0,2,1,
(Mumbai Indians),,,,,,,,,,,,,,,
S Kaul,2013-2022,55.0,12,8,20,7*,5.00,36,55.55,0,0,2,1,0,
"(Delhi Daredevils, Royal Challengers Bangalore, Sunrisers Hyderabad)",,,,,,,,,,,,,,,
NJ Maddinson,2014-2015,3.0,3,0,20,12,6.66,21,95.23,0,0,0,4,0,
(Royal Challengers Bangalore),,,,,,,,,,,,,,,
M Muralidaran,2008-2014,66.0,9,3,20,6,3.33,30,66.66,0,0,2,1,0,
"(Chennai Super Kings, Kochi Tuskers Kerala, Royal Challengers Bangalore)",,,,,,,,,,,,,,,
RR Raje,2008-2009,10.0,5,4,20,11*,20.00,18,111.11,0,0,0,1,1,
(Mumbai Indians),,,,,,,,,,,,,,,
C Sakariya,2021-2025,20.0,8,2,20,7,3.33,31,64.51,0,0,1,3,0,
"(Delhi Capitals, Kolkata Knight Riders, Rajasthan Royals)",,,,,,,,,,,,,,,
AC Thomas,2011-2012,14.0,4,2,20,12,10.00,19,105.26,0,0,0,1,1,
(Pune Warriors),,,,,,,,,,,,,,,
Akash Deep,2022-2025,12.0,4,1,19,17,6.33,13,146.15,0,0,2,2,1,
"(Lucknow Super Giants, Royal Challengers Bangalore, Royal Challengers Bengaluru)",,,,,,,,,,,,,,,
Ravi Bishnoi,2009-2009,3.0,3,0,19,18,6.33,17,111.76,0,0,1,1,2,
(Royal Challengers Bangalore),,,,,,,,,,,,,,,
NT Ellis,2021-2025,17.0,5,1,19,12,4.75,25,76.00,0,0,2,0,1,
"(Chennai Super Kings, Punjab Kings)",,,,,,,,,,,,,,,
Y Gnaneswara Rao,2011-2011,2.0,1,0,19,19,19.00,17,111.76,0,0,0,3,0,
(Kochi Tuskers Kerala),,,,,,,,,,,,,,,
Gulbadin Naib,2024-2024,2.0,1,0,19,19,19.00,15,126.66,0,0,0,1,1,
(Delhi Capitals),,,,,,,,,,,,,,,
JR Hazlewood,2020-2025,37.0,7,7,19,7*,-,29,65.51,0,0,0,1,0,
"(Chennai Super Kings, Royal Challengers Bangalore, Royal Challengers Bengaluru)",,,,,,,,,,,,,,,
DR Martyn,2010-2010,1.0,1,0,19,19,19.00,24,79.16,0,0,0,1,0,
(Rajasthan Royals),,,,,,,,,,,,,,,
A Mukund,2008-2013,3.0,2,0,19,19,9.50,22,86.36,0,0,1,1,0,
"(Chennai Super Kings, Royal Challengers Bangalore)",,,,,,,,,,,,,,,
P Ray Barman,2019-2019,1.0,1,0,19,19,19.00,24,79.16,0,0,0,2,0,
(Royal Challengers Bangalore),,,,,,,,,,,,,,,
P Sahu,2016-2016,5.0,2,1,19,18*,19.00,13,146.15,0,0,0,1,1,
(Kings XI Punjab),,,,,,,,,,,,,,,
R Shukla,2012-2014,7.0,4,3,19,14,19.00,23,82.60,0,0,0,2,0,
"(Delhi Daredevils, Mumbai Indians, Rajasthan Royals)",,,,,,,,,,,,,,,
T Banton,2020-2020,2.0,2,0,18,10,9.00,20,90.00,0,0,0,1,1,
(Kolkata Knight Riders),,,,,,,,,,,,,,,
SD Chauhan,2024-2024,3.0,3,0,18,9,6.00,15,120.00,0,0,1,1,1,
(Royal Challengers Bengaluru),,,,,,,,,,,,,,,
BJ Haddin,2011-2011,1.0,1,0,18,18,18.00,11,163.63,0,0,0,2,1,
(Kolkata Knight Riders),,,,,,,,,,,,,,,
Harmeet Singh,2009-2013,27.0,6,2,18,14,4.50,12,150.00,0,0,2,3,0,
"(Deccan Chargers, Kings XI Punjab)",,,,,,,,,,,,,,,
DS Lehmann,2008-2008,2.0,2,0,18,17,9.00,18,100.00,0,0,0,3,0,
(Rajasthan Royals),,,,,,,,,,,,,,,
Naveen-ul-Haq,2023-2024,18.0,6,5,18,13,18.00,25,72.00,0,0,0,2,0,
(Lucknow Super Giants),,,,,,,,,,,,,,,
KMA Paul,2019-2019,8.0,6,1,18,7,3.60,24,75.00,0,0,2,1,1,
(Delhi Capitals),,,,,,,,,,,,,,,
Sumit Kumar,2024-2024,4.0,3,1,18,9*,9.00,24,75.00,0,0,0,2,1,
(Delhi Capitals),,,,,,,,,,,,,,,
PV Tambe,2013-2016,32.0,6,4,18,7*,9.00,39,46.15,0,0,0,1,0,
"(Gujarat Lions, Rajasthan Royals)",,,,,,,,,,,,,,,
JJ van der Wath,2011-2011,3.0,3,1,18,14*,9.00,16,112.50,0,0,1,1,1,
(Royal Challengers Bangalore),,,,,,,,,,,,,,,
Parvez Rasool,2013-2016,11.0,5,3,17,10,8.50,20,85.00,0,0,0,1,0,
"(Pune Warriors, Royal Challengers Bangalore, Sunrisers Hyderabad)",,,,,,,,,,,,,,,
JA Richardson,2021-2024,4.0,3,0,17,15,5.66,26,65.38,0,0,1,2,0,
"(Delhi Capitals, Punjab Kings)",,,,,,,,,,,,,,,
YV Dhull,2023-2023,4.0,3,0,16,13,5.33,23,69.56,0,0,0,1,0,
(Delhi Capitals),,,,,,,,,,,,,,,
AJ Hosein,2023-2023,1.0,1,1,16,16*,-,10,160.00,0,0,0,1,1,
(Sunrisers Hyderabad),,,,,,,,,,,,,,,
CK Kapugedera,2008-2008,5.0,3,0,16,8,5.33,23,69.56,0,0,1,0,0,
(Chennai Super Kings),,,,,,,,,,,,,,,
Noor Ahmad,2023-2025,33.0,11,4,16,7*,2.28,32,50.00,0,0,2,2,0,
"(Chennai Super Kings, Gujarat Titans)",,,,,,,,,,,,,,,
PP Ojha,2008-2015,92.0,23,11,16,3,1.33,45,35.55,0,0,6,0,0,
"(Deccan Chargers, Mumbai Indians)",,,,,,,,,,,,,,,
KS Sharma,2022-2023,3.0,3,0,16,9,5.33,25,64.00,0,0,0,1,0,
(Lucknow Super Giants),,,,,,,,,,,,,,,
SD Lad,2019-2019,1.0,1,0,15,15,15.00,13,115.38,0,0,0,1,1,
(Mumbai Indians),,,,,,,,,,,,,,,
C Madan,2010-2010,1.0,1,0,15,15,15.00,19,78.94,0,0,0,3,0,
(Mumbai Indians),,,,,,,,,,,,,,,
VY Mahesh,2008-2012,17.0,5,3,15,6*,7.50,27,55.55,0,0,0,0,0,
"(Chennai Super Kings, Delhi Daredevils)",,,,,,,,,,,,,,,
GR Napier,2009-2009,1.0,1,0,15,15,15.00,16,93.75,0,0,0,1,0,
(Mumbai Indians),,,,,,,,,,,,,,,
J Overton,2025-2025,3.0,2,2,15,11*,-,7,214.28,0,0,0,1,1,
(Chennai Super Kings),,,,,,,,,,,,,,,
JL Pattinson,2020-2020,10.0,2,1,15,11,15.00,13,115.38,0,0,0,2,0,
(Mumbai Indians),,,,,,,,,,,,,,,
M Theekshana,2022-2025,35.0,5,3,15,7*,7.50,25,60.00,0,0,1,0,1,
"(Chennai Super Kings, Rajasthan Royals)",,,,,,,,,,,,,,,
I Udana,2020-2020,10.0,4,1,15,10*,5.00,11,136.36,0,0,1,1,1,
(Royal Challengers Bangalore),,,,,,,,,,,,,,,
Virat Singh,2021-2021,3.0,2,0,15,11,7.50,26,57.69,0,0,0,1,0,
(Sunrisers Hyderabad),,,,,,,,,,,,,,,
A Zampa,2016-2025,22.0,5,0,15,7,3.00,24,62.50,0,0,1,1,0,
"(Rajasthan Royals, Rising Pune Supergiant, Rising Pune Supergiants, Royal Challengers Bangalore, Sunrisers Hyderabad)",,,,,,,,,,,,,,,
FA Allen,2021-2022,5.0,4,2,14,8,7.00,19,73.68,0,0,0,1,0,
"(Mumbai Indians, Punjab Kings)",,,,,,,,,,,,,,,
F Behardien,2016-2016,3.0,3,1,14,9*,7.00,13,107.69,0,0,1,2,0,
(Kings XI Punjab),,,,,,,,,,,,,,,
G Coetzee,2024-2024,10.0,5,1,14,8,3.50,22,63.63,0,0,1,0,1,
(Mumbai Indians),,,,,,,,,,,,,,,
MDKJ Perera,2013-2013,2.0,2,0,14,14,7.00,13,107.69,0,0,1,3,0,
(Rajasthan Royals),,,,,,,,,,,,,,,
R Sai Kishore,2022-2025,19.0,3,1,14,13,7.00,7,200.00,0,0,0,0,2,
(Gujarat Titans),,,,,,,,,,,,,,,
V Vyshak,2023-2025,12.0,4,2,14,13*,7.00,12,116.66,0,0,2,0,1,
"(Punjab Kings, Royal Challengers Bangalore, Royal Challengers Bengaluru)",,,,,,,,,,,,,,,
KJ Abbott,2016-2016,5.0,3,2,13,12*,13.00,8,162.50,0,0,1,0,1,
(Kings XI Punjab),,,,,,,,,,,,,,,
Samuel Badree,2013-2017,12.0,5,0,13,8,2.60,23,56.52,0,0,2,0,0,
"(Chennai Super Kings, Rajasthan Royals, Royal Challengers Bangalore)",,,,,,,,,,,,,,,
Kartik Tyagi,2020-2024,20.0,7,3,13,7,3.25,16,81.25,0,0,1,1,0,
"(Gujarat Titans, Rajasthan Royals, Sunrisers Hyderabad)",,,,,,,,,,,,,,,
Mustafizur Rahman,2016-2024,57.0,9,8,13,8*,13.00,23,56.52,0,0,0,0,1,
"(Chennai Super Kings, Delhi Capitals, Mumbai Indians, Rajasthan Royals, Sunrisers Hyderabad)",,,,,,,,,,,,,,,
DT Patil,2008-2008,2.0,2,0,13,9,6.50,13,100.00,0,0,0,1,0,
(Royal Challengers Bangalore),,,,,,,,,,,,,,,
DR Shorey,2018-2019,2.0,2,0,13,8,6.50,17,76.47,0,0,0,0,1,
(Chennai Super Kings),,,,,,,,,,,,,,,
AS Tendulkar,2023-2024,5.0,1,0,13,13,13.00,9,144.44,0,0,0,0,1,
(Mumbai Indians),,,,,,,,,,,,,,,
AR Bawne,2017-2017,1.0,1,1,12,12*,-,12,100.00,0,0,0,1,0,
(Delhi Daredevils),,,,,,,,,,,,,,,
JG Bethell,2025-2025,1.0,1,0,12,12,12.00,6,200.00,0,0,0,1,1,
(Royal Challengers Bengaluru),,,,,,,,,,,,,,,
DAJ Bracewell,2012-2012,1.0,1,1,12,12*,-,9,133.33,0,0,0,1,0,
(Delhi Daredevils),,,,,,,,,,,,,,,
AA Chavan,2011-2013,13.0,3,1,12,7*,6.00,11,109.09,0,0,0,2,0,
(Rajasthan Royals),,,,,,,,,,,,,,,
Karanveer Singh,2014-2015,9.0,4,3,12,5*,12.00,17,70.58,0,0,0,1,0,
(Kings XI Punjab),,,,,,,,,,,,,,,
Mujeeb Ur Rahman,2018-2025,20.0,7,4,12,10*,4.00,15,80.00,0,0,2,2,0,
"(Kings XI Punjab, Mumbai Indians, Sunrisers Hyderabad)",,,,,,,,,,,,,,,
DG Nalkande,2022-2024,6.0,2,0,12,12,6.00,12,100.00,0,0,1,0,1,
(Gujarat Titans),,,,,,,,,,,,,,,
T Thushara,2009-2010,6.0,4,2,12,8,6.00,18,66.66,0,0,0,0,0,
(Chennai Super Kings),,,,,,,,,,,,,,,
K Upadhyay,2012-2013,3.0,2,2,12,11*,-,9,133.33,0,0,0,0,1,
(Pune Warriors),,,,,,,,,,,,,,,
MA Wood,2018-2023,5.0,3,1,12,10*,6.00,8,150.00,0,0,0,1,1,
"(Chennai Super Kings, Lucknow Super Giants)",,,,,,,,,,,,,,,
XC Bartlett,2025-2025,3.0,1,0,11,11,11.00,15,73.33,0,0,0,1,0,
(Punjab Kings),,,,,,,,,,,,,,,
RA Bawa,2022-2025,3.0,2,0,11,11,5.50,14,78.57,0,0,1,1,0,
"(Mumbai Indians, Punjab Kings)",,,,,,,,,,,,,,,
T Henderson,2009-2009,2.0,2,0,11,11,5.50,16,68.75,0,0,1,0,1,
(Rajasthan Royals),,,,,,,,,,,,,,,
T Kohli,2008-2009,4.0,4,1,11,7,3.66,19,57.89,0,0,0,0,1,
"(Kings XI Punjab, Rajasthan Royals)",,,,,,,,,,,,,,,
M Ntini,2008-2008,9.0,2,1,11,11,11.00,18,61.11,0,0,0,2,0,
(Chennai Super Kings),,,,,,,,,,,,,,,
DNT Zoysa,2008-2008,3.0,2,1,11,10*,11.00,9,122.22,0,0,0,1,0,
(Deccan Chargers),,,,,,,,,,,,,,,
RK Bhui,2018-2024,4.0,4,0,10,7,2.50,26,38.46,0,0,2,0,0,
"(Delhi Capitals, Sunrisers Hyderabad)",,,,,,,,,,,,,,,
D du Preez,2009-2009,2.0,1,0,10,10,10.00,13,76.92,0,0,0,0,0,
(Royal Challengers Bangalore),,,,,,,,,,,,,,,
K Kartikeya,2022-2025,15.0,3,0,10,6,3.33,13,76.92,0,0,0,1,0,
"(Mumbai Indians, Rajasthan Royals)",,,,,,,,,,,,,,,
Mukesh Kumar,2023-2025,30.0,5,4,10,6*,10.00,18,55.55,0,0,0,0,0,
(Delhi Capitals),,,,,,,,,,,,,,,
AG Murtaza,2010-2013,12.0,3,2,10,5,10.00,14,71.42,0,0,0,1,0,
"(Mumbai Indians, Pune Warriors)",,,,,,,,,,,,,,,
TD Paine,2011-2011,2.0,2,0,10,8,5.00,26,38.46,0,0,0,0,0,
(Pune Warriors),,,,,,,,,,,,,,,
KAJ Roach,2010-2010,2.0,1,0,10,10,10.00,9,111.11,0,0,0,1,0,
(Deccan Chargers),,,,,,,,,,,,,,,
JE Root,2023-2023,3.0,1,0,10,10,10.00,15,66.66,0,0,0,1,0,
(Rajasthan Royals),,,,,,,,,,,,,,,
SMSM Senanayake,2013-2013,8.0,4,3,10,7*,10.00,17,58.82,0,0,0,0,0,
(Kolkata Knight Riders),,,,,,,,,,,,,,,
Simarjeet Singh,2022-2025,14.0,6,3,10,3*,3.33,15,66.66,0,0,2,0,0,
"(Chennai Super Kings, Sunrisers Hyderabad)",,,,,,,,,,,,,,,
BB Sran,2015-2019,24.0,9,8,10,3*,10.00,14,71.42,0,0,0,0,0,
"(Kings XI Punjab, Mumbai Indians, Rajasthan Royals, Sunrisers Hyderabad)",,,,,,,,,,,,,,,
X Thalaivan Sargunam,2013-2013,1.0,1,0,10,10,10.00,17,58.82,0,0,0,0,0,
(Sunrisers Hyderabad),,,,,,,,,,,,,,,
J Theron,2010-2015,10.0,4,2,10,7*,5.00,12,83.33,0,0,1,1,0,
"(Deccan Chargers, Kings XI Punjab, Rajasthan Royals)",,,,,,,,,,,,,,,
VG Arora,2022-2025,29.0,9,6,9,2*,3.00,23,39.13,0,0,2,0,0,
"(Kolkata Knight Riders, Punjab Kings)",,,,,,,,,,,,,,,
D Ferreira,2024-2025,3.0,3,0,9,7,3.00,14,64.28,0,0,0,0,0,
"(Delhi Capitals, Rajasthan Royals)",,,,,,,,,,,,,,,
SM Harwood,2009-2009,3.0,2,2,9,6*,-,14,64.28,0,0,0,0,0,
(Rajasthan Royals),,,,,,,,,,,,,,,
AA Kulkarni,2024-2024,2.0,2,0,9,9,4.50,8,112.50,0,0,1,2,0,
(Lucknow Super Giants),,,,,,,,,,,,,,,
PWA Mulder,2025-2025,1.0,1,0,9,9,9.00,11,81.81,0,0,0,1,0,
(Sunrisers Hyderabad),,,,,,,,,,,,,,,
AA Noffke,2008-2008,1.0,1,0,9,9,9.00,10,90.00,0,0,0,1,0,
(Royal Challengers Bangalore),,,,,,,,,,,,,,,
M Prasidh Krishna,2018-2025,60.0,10,7,9,4*,3.00,24,37.50,0,0,2,0,0,
"(Gujarat Titans, Kolkata Knight Riders, Rajasthan Royals)",,,,,,,,,,,,,,,
L Wood,2024-2024,2.0,1,1,9,9*,-,3,300.00,0,0,0,0,1,
(Mumbai Indians),,,,,,,,,,,,,,,
P Chopra,2018-2019,2.0,1,0,8,8,8.00,6,133.33,0,0,0,2,0,
(Rajasthan Royals),,,,,,,,,,,,,,,
Jaskaran Singh,2009-2010,8.0,5,4,8,4*,8.00,11,72.72,0,0,0,0,0,
(Deccan Chargers),,,,,,,,,,,,,,,
SH Johnson,2024-2025,9.0,5,5,8,5*,-,11,72.72,0,0,0,1,0,
"(Gujarat Titans, Kolkata Knight Riders)",,,,,,,,,,,,,,,
CK Langeveldt,2009-2011,7.0,2,0,8,8,4.00,9,88.88,0,0,1,0,1,
"(Kolkata Knight Riders, Royal Challengers Bangalore)",,,,,,,,,,,,,,,
OC McCoy,2022-2023,8.0,1,0,8,8,8.00,5,160.00,0,0,0,0,1,
(Rajasthan Royals),,,,,,,,,,,,,,,
CJ McKay,2012-2012,2.0,1,0,8,8,8.00,15,53.33,0,0,0,0,0,
(Mumbai Indians),,,,,,,,,,,,,,,
TS Mills,2017-2022,10.0,5,1,8,6,2.00,14,57.14,0,0,2,0,1,
"(Mumbai Indians, Royal Challengers Bangalore)",,,,,,,,,,,,,,,
JPR Scantlebury-Searles,2018-2018,4.0,2,1,8,6*,8.00,6,133.33,0,0,0,0,1,
(Kolkata Knight Riders),,,,,,,,,,,,,,,
TM Srivastava,2008-2009,7.0,3,2,8,7,8.00,11,72.72,0,0,0,0,0,
(Kings XI Punjab),,,,,,,,,,,,,,,
Ankit Soni,2017-2017,7.0,3,1,7,7*,3.50,9,77.77,0,0,2,0,1,
(Gujarat Lions),,,,,,,,,,,,,,,
UA Birla,2013-2013,2.0,1,0,7,7,7.00,14,50.00,0,0,0,1,0,
(Pune Warriors),,,,,,,,,,,,,,,
AN Ghosh,2009-2009,2.0,2,0,7,7,3.50,8,87.50,0,0,1,1,0,
(Kolkata Knight Riders),,,,,,,,,,,,,,,
A Kamboj,2024-2025,7.0,4,2,7,3*,3.50,10,70.00,0,0,1,0,0,
"(Chennai Super Kings, Mumbai Indians)",,,,,,,,,,,,,,,
I Malhotra,2011-2011,1.0,1,1,7,7*,-,4,175.00,0,0,0,1,0,
(Deccan Chargers),,,,,,,,,,,,,,,
VS Malik,2009-2014,13.0,2,1,7,6,7.00,7,100.00,0,0,0,1,0,
"(Kings XI Punjab, Rajasthan Royals)",,,,,,,,,,,,,,,
Pankaj Singh,2008-2012,17.0,5,3,7,4*,3.50,12,58.33,0,0,1,0,0,
"(Rajasthan Royals, Royal Challengers Bangalore)",,,,,,,,,,,,,,,
IS Sodhi,2018-2019,8.0,2,0,7,6,3.50,17,41.17,0,0,0,0,0,
(Rajasthan Royals),,,,,,,,,,,,,,,
Suryansh Shedge,2025-2025,5.0,3,0,7,4,2.33,11,63.63,0,0,0,0,0,
(Punjab Kings),,,,,,,,,,,,,,,
V Viyaskanth,2024-2024,3.0,1,1,7,7*,-,5,140.00,0,0,0,0,0,
(Sunrisers Hyderabad),,,,,,,,,,,,,,,
JP Behrendorff,2019-2023,17.0,2,2,6,3*,-,9,66.66,0,0,0,0,0,
(Mumbai Indians),,,,,,,,,,,,,,,
BA Bhatt,2011-2013,17.0,2,1,6,6*,6.00,7,85.71,0,0,1,0,1,
(Kings XI Punjab),,,,,,,,,,,,,,,
DM Bravo,2017-2017,1.0,1,1,6,6*,-,5,120.00,0,0,0,1,0,
(Kolkata Knight Riders),,,,,,,,,,,,,,,
PSP Handscomb,2016-2016,2.0,1,0,6,6,6.00,12,50.00,0,0,0,0,0,
(Rising Pune Supergiants),,,,,,,,,,,,,,,
SB Joshi,2008-2008,4.0,2,0,6,3,3.00,14,42.85,0,0,0,0,0,
(Royal Challengers Bangalore),,,,,,,,,,,,,,,
R Minz,2025-2025,2.0,2,0,6,3,3.00,15,40.00,0,0,0,0,0,
(Mumbai Indians),,,,,,,,,,,,,,,
Mukesh Choudhary,2022-2025,16.0,2,1,6,4,6.00,6,100.00,0,0,0,1,0,
(Chennai Super Kings),,,,,,,,,,,,,,,
SS Shaikh,2009-2009,2.0,1,0,6,6,6.00,7,85.71,0,0,0,1,0,
(Kolkata Knight Riders),,,,,,,,,,,,,,,
P Awana,2012-2014,33.0,7,5,5,4*,2.50,14,35.71,0,0,2,0,0,
(Kings XI Punjab),,,,,,,,,,,,,,,
Fazalhaq Farooqi,2022-2025,10.0,3,3,5,2*,-,15,33.33,0,0,0,0,0,
"(Rajasthan Royals, Sunrisers Hyderabad)",,,,,,,,,,,,,,,
KMDN Kulasekara,2011-2012,5.0,1,1,5,5*,-,3,166.66,0,0,0,1,0,
(Chennai Super Kings),,,,,,,,,,,,,,,
B Laughlin,2013-2018,9.0,4,2,5,4*,2.50,13,38.46,0,0,2,0,0,
"(Chennai Super Kings, Rajasthan Royals)",,,,,,,,,,,,,,,
Shivam Sharma,2014-2015,5.0,2,1,5,4,5.00,3,166.66,0,0,0,1,0,
(Kings XI Punjab),,,,,,,,,,,,,,,
SJ Srivastava,2010-2011,14.0,4,3,5,3*,5.00,5,100.00,0,0,1,0,0,
(Kings XI Punjab),,,,,,,,,,,,,,,
B Stanlake,2017-2018,6.0,1,1,5,5*,-,2,250.00,0,0,0,1,0,
"(Royal Challengers Bangalore, Sunrisers Hyderabad)",,,,,,,,,,,,,,,
A Chandila,2012-2013,12.0,2,2,4,4*,-,7,57.14,0,0,0,0,0,
(Rajasthan Royals),,,,,,,,,,,,,,,
A Dananjaya,2018-2018,1.0,1,1,4,4*,-,5,80.00,0,0,0,0,0,
(Mumbai Indians),,,,,,,,,,,,,,,
FH Edwards,2009-2009,6.0,2,1,4,3*,4.00,5,80.00,0,0,0,0,0,
(Deccan Chargers),,,,,,,,,,,,,,,
CRD Fernando,2008-2010,10.0,2,2,4,2*,-,3,133.33,0,0,0,0,0,
(Mumbai Indians),,,,,,,,,,,,,,,
Litton Das,2023-2023,1.0,1,0,4,4,4.00,4,100.00,0,0,0,1,0,
(Kolkata Knight Riders),,,,,,,,,,,,,,,
GD McGrath,2008-2008,14.0,3,2,4,4*,4.00,5,80.00,0,0,1,1,0,
(Delhi Daredevils),,,,,,,,,,,,,,,
A Madhwal,2023-2024,13.0,1,1,4,4*,-,5,80.00,0,0,0,0,0,
(Mumbai Indians),,,,,,,,,,,,,,,
DP Nannes,2009-2013,29.0,3,2,4,3,4.00,13,30.76,0,0,0,0,0,
"(Chennai Super Kings, Delhi Daredevils, Royal Challengers Bangalore)",,,,,,,,,,,,,,,
Prince Yadav,2025-2025,5.0,1,1,4,4*,-,9,44.44,0,0,0,0,0,
(Lucknow Super Giants),,,,,,,,,,,,,,,
VRV Singh,2008-2010,19.0,2,0,4,4,2.00,3,133.33,0,0,1,1,0,
(Kings XI Punjab),,,,,,,,,,,,,,,
RS Sodhi,2010-2010,3.0,1,1,4,4*,-,2,200.00,0,0,0,1,0,
(Kings XI Punjab),,,,,,,,,,,,,,,
A Tomar,2022-2022,1.0,1,0,4,4,4.00,8,50.00,0,0,0,1,0,
(Kolkata Knight Riders),,,,,,,,,,,,,,,
A Uniyal,2010-2010,2.0,2,1,4,4*,4.00,7,57.14,0,0,1,0,0,
(Rajasthan Royals),,,,,,,,,,,,,,,
D Kalyankrishna,2008-2008,3.0,1,0,3,3,3.00,8,37.50,0,0,0,0,0,
(Deccan Chargers),,,,,,,,,,,,,,,
Kamran Khan,2009-2011,9.0,2,1,3,3,3.00,5,60.00,0,0,0,0,0,
"(Pune Warriors, Rajasthan Royals)",,,,,,,,,,,,,,,
K Kushagra,2024-2024,4.0,3,0,3,2,1.00,7,42.85,0,0,1,0,0,
(Delhi Capitals),,,,,,,,,,,,,,,
BAW Mendis,2008-2013,10.0,3,1,3,2,1.50,6,50.00,0,0,1,0,0,
"(Kolkata Knight Riders, Pune Warriors)",,,,,,,,,,,,,,,
Mohammad Asif,2008-2008,8.0,2,0,3,3,1.50,6,50.00,0,0,1,0,0,
(Delhi Daredevils),,,,,,,,,,,,,,,
T Natarajan,2017-2024,61.0,4,4,3,3*,-,5,60.00,0,0,0,0,0,
"(Kings XI Punjab, Sunrisers Hyderabad)",,,,,,,,,,,,,,,
R Ninan,2011-2011,2.0,1,0,3,3,3.00,6,50.00,0,0,0,0,0,
(Royal Challengers Bangalore),,,,,,,,,,,,,,,
JE Taylor,2011-2011,5.0,2,1,3,2,3.00,3,100.00,0,0,0,0,0,
(Pune Warriors),,,,,,,,,,,,,,,
RJW Topley,2023-2024,5.0,1,1,3,3*,-,6,50.00,0,0,0,0,0,
"(Royal Challengers Bangalore, Royal Challengers Bengaluru)",,,,,,,,,,,,,,,
S Tyagi,2009-2010,14.0,3,2,3,3*,3.00,4,75.00,0,0,1,0,0,
(Chennai Super Kings),,,,,,,,,,,,,,,
GC Viljoen,2019-2019,6.0,3,1,3,2*,1.50,7,42.85,0,0,1,0,0,
(Kings XI Punjab),,,,,,,,,,,,,,,
Younis Khan,2008-2008,1.0,1,0,3,3,3.00,7,42.85,0,0,0,0,0,
(Rajasthan Royals),,,,,,,,,,,,,,,
KK Ahmed,2018-2025,67.0,7,2,2,1*,0.40,9,22.22,0,0,4,0,0,
"(Chennai Super Kings, Delhi Capitals, Sunrisers Hyderabad)",,,,,,,,,,,,,,,
KP Appanna,2009-2012,13.0,3,2,2,1*,2.00,4,50.00,0,0,0,0,0,
(Royal Challengers Bangalore),,,,,,,,,,,,,,,
H Das,2008-2008,1.0,1,0,2,2,2.00,5,40.00,0,0,0,0,0,
(Deccan Chargers),,,,,,,,,,,,,,,
GHS Garton,2021-2021,5.0,3,2,2,2*,2.00,4,50.00,0,0,1,0,0,
(Royal Challengers Bangalore),,,,,,,,,,,,,,,
RS Gavaskar,2010-2010,2.0,1,0,2,2,2.00,8,25.00,0,0,0,0,0,
(Kolkata Knight Riders),,,,,,,,,,,,,,,
RJ Gleeson,2024-2024,2.0,1,1,2,2*,-,2,100.00,0,0,0,0,0,
(Chennai Super Kings),,,,,,,,,,,,,,,
S Randiv,2011-2011,8.0,1,0,2,2,2.00,4,50.00,0,0,0,0,0,
(Chennai Super Kings),,,,,,,,,,,,,,,
Mashrafe Mortaza,2009-2009,1.0,1,1,2,2*,-,2,100.00,0,0,0,0,0,
(Kolkata Knight Riders),,,,,,,,,,,,,,,
Mohammad Ashraful,2009-2009,1.0,1,0,2,2,2.00,10,20.00,0,0,0,0,0,
(Mumbai Indians),,,,,,,,,,,,,,,
RG More,2015-2015,2.0,1,1,2,2*,-,2,100.00,0,0,0,0,0,
(Chennai Super Kings),,,,,,,,,,,,,,,
T Shamsi,2016-2021,5.0,1,1,2,2*,-,4,50.00,0,0,0,0,0,
"(Rajasthan Royals, Royal Challengers Bangalore)",,,,,,,,,,,,,,,
BR Sharath,2024-2024,1.0,1,0,2,2,2.00,5,40.00,0,0,0,0,0,
(Gujarat Titans),,,,,,,,,,,,,,,
Shivam Singh,2024-2024,1.0,1,1,2,2*,-,3,66.66,0,0,0,0,0,
(Punjab Kings),,,,,,,,,,,,,,,
Shoaib Akhtar,2008-2008,3.0,1,0,2,2,2.00,7,28.57,0,0,0,0,0,
(Kolkata Knight Riders),,,,,,,,,,,,,,,
Arshdeep Singh,2009-2012,23.0,5,1,2,1*,0.50,10,20.00,0,0,3,0,0,
(Rajasthan Royals),,,,,,,,,,,,,,,
SB Wagh,2010-2011,8.0,2,0,2,2,1.00,3,66.66,0,0,1,0,0,
"(Pune Warriors, Rajasthan Royals)",,,,,,,,,,,,,,,
VS Yeligati,2008-2008,2.0,1,0,2,2,2.00,2,100.00,0,0,0,0,0,
(Mumbai Indians),,,,,,,,,,,,,,,
Abdul Basith,2023-2023,1.0,1,1,1,1*,-,1,100.00,0,0,0,0,0,
(Rajasthan Royals),,,,,,,,,,,,,,,
MS Bhandage,2025-2025,1.0,1,0,1,1,1.00,4,25.00,0,0,0,0,0,
(Royal Challengers Bengaluru),,,,,,,,,,,,,,,
SE Bond,2010-2010,8.0,1,0,1,1,1.00,2,50.00,0,0,0,0,0,
(Kolkata Knight Riders),,,,,,,,,,,,,,,
M de Lange,2012-2015,5.0,1,0,1,1,1.00,2,50.00,0,0,0,0,0,
"(Kolkata Knight Riders, Mumbai Indians)",,,,,,,,,,,,,,,
HF Gurney,2019-2019,8.0,1,1,1,1*,-,5,20.00,0,0,0,0,0,
(Kolkata Knight Riders),,,,,,,,,,,,,,,
BE Hendricks,2014-2015,7.0,3,2,1,1*,1.00,3,33.33,0,0,1,0,0,
(Kings XI Punjab),,,,,,,,,,,,,,,
KA Maharaj,2024-2024,2.0,1,0,1,1,1.00,2,50.00,0,0,0,0,0,
(Rajasthan Royals),,,,,,,,,,,,,,,
Mohit Rathee,2023-2023,1.0,1,1,1,1*,-,2,50.00,0,0,0,0,0,
(Punjab Kings),,,,,,,,,,,,,,,
SZ Mulani,2024-2024,2.0,1,1,1,1*,-,1,100.00,0,0,0,0,0,
(Mumbai Indians),,,,,,,,,,,,,,,
DJ Muthuswami,2015-2015,6.0,2,1,1,1,1.00,3,33.33,0,0,0,0,0,
(Delhi Daredevils),,,,,,,,,,,,,,,
P Parameswaran,2011-2012,8.0,2,2,1,1*,-,2,50.00,0,0,0,0,0,
"(Kochi Tuskers Kerala, Royal Challengers Bangalore)",,,,,,,,,,,,,,,
LE Plunkett,2018-2018,7.0,2,1,1,1*,1.00,3,33.33,0,0,1,0,0,
(Delhi Daredevils),,,,,,,,,,,,,,,
PVSN Raju,2025-2025,2.0,1,1,1,1*,-,1,100.00,0,0,0,0,0,
(Mumbai Indians),,,,,,,,,,,,,,,
DS Rathi,2025-2025,10.0,2,1,1,1,1.00,3,33.33,0,0,0,0,0,
(Lucknow Super Giants),,,,,,,,,,,,,,,
NJ Rimmington,2011-2011,1.0,1,1,1,1*,-,1,100.00,0,0,0,0,0,
(Kings XI Punjab),,,,,,,,,,,,,,,
PM Sarvesh Kumar,2008-2008,2.0,1,1,1,1*,-,2,50.00,0,0,0,0,0,
(Deccan Chargers),,,,,,,,,,,,,,,
Shoaib Ahmed,2009-2009,8.0,3,1,1,1*,0.50,6,16.66,0,0,2,0,0,
(Deccan Chargers),,,,,,,,,,,,,,,
MJ Suthar,2024-2024,1.0,1,0,1,1,1.00,2,50.00,0,0,0,0,0,
(Gujarat Titans),,,,,,,,,,,,,,,
DP Vijaykumar,2008-2008,9.0,2,2,1,1*,-,1,100.00,0,0,0,0,0,
(Deccan Chargers),,,,,,,,,,,,,,,
LB Williams,2024-2024,2.0,1,1,1,1*,-,2,50.00,0,0,0,0,0,
(Delhi Capitals),,,,,,,,,,,,,,,
S Ladda,2010-2016,9.0,2,1,0,0*,0.00,9,0.00,0,0,1,0,0,
"(Delhi Daredevils, Gujarat Lions, Kolkata Knight Riders)",,,,,,,,,,,,,,,
YA Abdulla,2009-2010,11.0,1,1,0,0*,-,1,0.00,0,0,0,0,0,
(Kings XI Punjab),,,,,,,,,,,,,,,
Abdur Razzak,2008-2008,1.0,1,1,0,0*,-,2,0.00,0,0,0,0,0,
(Royal Challengers Bangalore),,,,,,,,,,,,,,,
L Ablish,2010-2011,3.0,1,1,0,0*,-,2,0.00,0,0,0,0,0,
(Kings XI Punjab),,,,,,,,,,,,,,,
KM Asif,2018-2023,7.0,1,0,0,0,0.00,2,0.00,0,0,1,0,0,
"(Chennai Super Kings, Rajasthan Royals)",,,,,,,,,,,,,,,
RR Bhatkal,2012-2012,1.0,1,0,0,0,0.00,2,0.00,0,0,1,0,0,
(Royal Challengers Bangalore),,,,,,,,,,,,,,,
SS Cottrell,2020-2020,6.0,1,0,0,0,0.00,2,0.00,0,0,1,0,0,
(Kings XI Punjab),,,,,,,,,,,,,,,
MJ Dagar,2023-2024,8.0,1,0,0,0,0.00,1,0.00,0,0,1,0,0,
"(Royal Challengers Bengaluru, Sunrisers Hyderabad)",,,,,,,,,,,,,,,
JL Denly,2019-2019,1.0,1,0,0,0,0.00,1,0.00,0,0,1,0,0,
(Kolkata Knight Riders),,,,,,,,,,,,,,,
ND Doshi,2010-2011,4.0,1,0,0,0,0.00,13,0.00,0,0,1,0,0,
"(Rajasthan Royals, Royal Challengers Bangalore)",,,,,,,,,,,,,,,
C Ganapathy,2010-2010,1.0,1,1,0,0*,-,0,-,0,0,0,0,0,
(Chennai Super Kings),,,,,,,,,,,,,,,
Sunny Gupta,2012-2012,1.0,1,0,0,0,0.00,1,0.00,0,0,1,0,0,
(Delhi Daredevils),,,,,,,,,,,,,,,
BW Hilfenhaus,2012-2014,17.0,1,1,0,0*,-,0,-,0,0,0,0,0,
(Chennai Super Kings),,,,,,,,,,,,,,,
U Kaul,2008-2008,5.0,1,1,0,0*,-,1,0.00,0,0,0,0,0,
(Kings XI Punjab),,,,,,,,,,,,,,,
S Kaushik,2016-2017,10.0,2,1,0,0*,0.00,1,0.00,0,0,1,0,0,
(Gujarat Lions),,,,,,,,,,,,,,,
S Lamichhane,2018-2019,9.0,1,0,0,0,0.00,1,0.00,0,0,1,0,0,
"(Delhi Capitals, Delhi Daredevils)",,,,,,,,,,,,,,,
RP Meredith,2021-2023,18.0,3,3,0,0*,-,3,0.00,0,0,0,0,0,
"(Mumbai Indians, Punjab Kings)",,,,,,,,,,,,,,,
C Nanda,2009-2009,3.0,1,0,0,0,0.00,1,0.00,0,0,1,0,0,
(Mumbai Indians),,,,,,,,,,,,,,,
A Nel,2008-2008,1.0,1,0,0,0,0.00,0,-,0,0,1,0,0,
(Mumbai Indians),,,,,,,,,,,,,,,
IC Pandey,2013-2015,25.0,1,0,0,0,0.00,2,0.00,0,0,1,0,0,
"(Chennai Super Kings, Pune Warriors)",,,,,,,,,,,,,,,
V Pratap Singh,2012-2012,9.0,1,0,0,0,0.00,1,0.00,0,0,1,0,0,
(Deccan Chargers),,,,,,,,,,,,,,,
Y Prithvi Raj,2019-2019,2.0,1,1,0,0*,-,1,0.00,0,0,0,0,0,
(Kolkata Knight Riders),,,,,,,,,,,,,,,
R Sanjay Yadav,2022-2022,1.0,1,0,0,0,0.00,2,0.00,0,0,1,0,0,
(Mumbai Indians),,,,,,,,,,,,,,,
KR Sen,2022-2024,12.0,1,1,0,0*,-,3,0.00,0,0,0,0,0,
(Rajasthan Royals),,,,,,,,,,,,,,,
TP Sudhindra,2012-2012,3.0,1,1,0,0*,-,0,-,0,0,0,0,0,
(Deccan Chargers),,,,,,,,,,,,,,,
K Yadav,2021-2023,3.0,1,1,0,0*,-,4,0.00,0,0,0,0,0,
(Rajasthan Royals),,,,,,,,,,,,,,,
Yash Dayal,2022-2025,38.0,2,0,0,0,0.00,2,0.00,0,0,2,0,0,
"(Gujarat Titans, Royal Challengers Bengaluru)",,,,,,,,,,,,,,,
P Amarnath,2008-2008,6.0,-,-,-,-,-,-,-,-,-,-,-,-,
(Chennai Super Kings),,,,,,,,,,,,,,,
SS Agarwal,2017-2017,1.0,-,-,-,-,-,-,-,-,-,-,-,-,
(Gujarat Lions),,,,,,,,,,,,,,,
Akash Singh,2021-2023,7.0,-,-,-,-,-,-,-,-,-,-,-,-,
"(Chennai Super Kings, Rajasthan Royals)",,,,,,,,,,,,,,,
Anand Rajan,2011-2013,8.0,-,-,-,-,-,-,-,-,-,-,-,-,
"(Deccan Chargers, Sunrisers Hyderabad)",,,,,,,,,,,,,,,
Ashwani Kumar,2025-2025,3.0,-,-,-,-,-,-,-,-,-,-,-,-,
(Mumbai Indians),,,,,,,,,,,,,,,
SM Boland,2016-2016,2.0,-,-,-,-,-,-,-,-,-,-,-,-,
(Rising Pune Supergiants),,,,,,,,,,,,,,,
RR Bose,2009-2009,1.0,-,-,-,-,-,-,-,-,-,-,-,-,
(Kings XI Punjab),,,,,,,,,,,,,,,
N Burger,2024-2024,5.0,-,-,-,-,-,-,-,-,-,-,-,-,
(Rajasthan Royals),,,,,,,,,,,,,,,
CJ Dala,2018-2018,1.0,-,-,-,-,-,-,-,-,-,-,-,-,
(Delhi Daredevils),,,,,,,,,,,,,,,
KH Devdhar,2011-2011,1.0,-,-,-,-,-,-,-,-,-,-,-,-,
(Deccan Chargers),,,,,,,,,,,,,,,
P Dharmani,2008-2008,1.0,-,-,-,-,-,-,-,-,-,-,-,-,
(Kings XI Punjab),,,,,,,,,,,,,,,
Gagandeep Singh,2008-2008,4.0,-,-,-,-,-,-,-,-,-,-,-,-,
(Kings XI Punjab),,,,,,,,,,,,,,,
B Geeves,2008-2008,2.0,-,-,-,-,-,-,-,-,-,-,-,-,
(Delhi Daredevils),,,,,,,,,,,,,,,
R Goyal,2023-2023,1.0,-,-,-,-,-,-,-,-,-,-,-,-,
(Mumbai Indians),,,,,,,,,,,,,,,
CJ Green,2020-2020,1.0,-,-,-,-,-,-,-,-,-,-,-,-,
(Kolkata Knight Riders),,,,,,,,,,,,,,,
Gurnoor Brar,2023-2023,1.0,-,-,-,-,-,-,-,-,-,-,-,-,
(Punjab Kings),,,,,,,,,,,,,,,
RS Hangargekar,2023-2023,2.0,-,-,-,-,-,-,-,-,-,-,-,-,
(Chennai Super Kings),,,,,,,,,,,,,,,
Harmeet Singh,2013-2013,1.0,-,-,-,-,-,-,-,-,-,-,-,-,
(Rajasthan Royals),,,,,,,,,,,,,,,
JW Hastings,2014-2016,3.0,-,-,-,-,-,-,-,-,-,-,-,-,
"(Chennai Super Kings, Kolkata Knight Riders)",,,,,,,,,,,,,,,
MJ Henry,2017-2024,6.0,-,-,-,-,-,-,-,-,-,-,-,-,
"(Kings XI Punjab, Lucknow Super Giants)",,,,,,,,,,,,,,,
Himmat Singh,2025-2025,1.0,-,-,-,-,-,-,-,-,-,-,-,-,
(Lucknow Super Giants),,,,,,,,,,,,,,,
D Jansen,2023-2023,1.0,-,-,-,-,-,-,-,-,-,-,-,-,
(Mumbai Indians),,,,,,,,,,,,,,,
S Joseph,2024-2024,1.0,-,-,-,-,-,-,-,-,-,-,-,-,
(Lucknow Super Giants),,,,,,,,,,,,,,,
Karim Janat,2025-2025,1.0,-,-,-,-,-,-,-,-,-,-,-,-,
(Gujarat Titans),,,,,,,,,,,,,,,
V Kaverappa,2024-2024,1.0,-,-,-,-,-,-,-,-,-,-,-,-,
(Punjab Kings),,,,,,,,,,,,,,,
AA Kazi,2011-2011,1.0,-,-,-,-,-,-,-,-,-,-,-,-,
(Royal Challengers Bangalore),,,,,,,,,,,,,,,
K Khejroliya,2018-2025,8.0,-,-,-,-,-,-,-,-,-,-,-,-,
"(Gujarat Titans, Kolkata Knight Riders, Royal Challengers Bangalore)",,,,,,,,,,,,,,,
SC Kuggeleijn,2019-2019,2.0,-,-,-,-,-,-,-,-,-,-,-,-,
(Chennai Super Kings),,,,,,,,,,,,,,,
JB Little,2023-2024,11.0,-,-,-,-,-,-,-,-,-,-,-,-,
(Gujarat Titans),,,,,,,,,,,,,,,
SSB Magala,2023-2023,2.0,-,-,-,-,-,-,-,-,-,-,-,-,
(Chennai Super Kings),,,,,,,,,,,,,,,
E Malinga,2025-2025,3.0,-,-,-,-,-,-,-,-,-,-,-,-,
(Sunrisers Hyderabad),,,,,,,,,,,,,,,
KT Maphaka,2024-2024,2.0,-,-,-,-,-,-,-,-,-,-,-,-,
(Mumbai Indians),,,,,,,,,,,,,,,
LI Meriwala,2021-2021,1.0,-,-,-,-,-,-,-,-,-,-,-,-,
(Delhi Capitals),,,,,,,,,,,,,,,
S Midhun,2019-2019,1.0,-,-,-,-,-,-,-,-,-,-,-,-,
(Rajasthan Royals),,,,,,,,,,,,,,,
T Mishra,2012-2012,1.0,-,-,-,-,-,-,-,-,-,-,-,-,
(Deccan Chargers),,,,,,,,,,,,,,,
Monu Kumar,2020-2020,1.0,-,-,-,-,-,-,-,-,-,-,-,-,
(Chennai Super Kings),,,,,,,,,,,,,,,
MG Neser,2013-2013,1.0,-,-,-,-,-,-,-,-,-,-,-,-,
(Kings XI Punjab),,,,,,,,,,,,,,,
L Ngidi,2018-2021,14.0,-,-,-,-,-,-,-,-,-,-,-,-,
(Chennai Super Kings),,,,,,,,,,,,,,,
MB Parmar,2010-2010,1.0,-,-,-,-,-,-,-,-,-,-,-,-,
(Kolkata Knight Riders),,,,,,,,,,,,,,,
M Pathirana,2022-2025,27.0,-,-,-,-,-,-,-,-,-,-,-,-,
(Chennai Super Kings),,,,,,,,,,,,,,,
RV Pawar,2008-2008,1.0,-,-,-,-,-,-,-,-,-,-,-,-,
(Mumbai Indians),,,,,,,,,,,,,,,
IC Porel,2021-2021,1.0,-,-,-,-,-,-,-,-,-,-,-,-,
(Punjab Kings),,,,,,,,,,,,,,,
P Prasanth,2011-2011,1.0,-,-,-,-,-,-,-,-,-,-,-,-,
(Kochi Tuskers Kerala),,,,,,,,,,,,,,,
RW Price,2011-2011,1.0,-,-,-,-,-,-,-,-,-,-,-,-,
(Mumbai Indians),,,,,,,,,,,,,,,
V Puthur,2025-2025,5.0,-,-,-,-,-,-,-,-,-,-,-,-,
(Mumbai Indians),,,,,,,,,,,,,,,
AM Salvi,2009-2011,7.0,-,-,-,-,-,-,-,-,-,-,-,-,
(Delhi Daredevils),,,,,,,,,,,,,,,
S Sandeep Warrier,2019-2024,10.0,-,-,-,-,-,-,-,-,-,-,-,-,
"(Gujarat Titans, Kolkata Knight Riders)",,,,,,,,,,,,,,,
GS Sandhu,2015-2015,3.0,-,-,-,-,-,-,-,-,-,-,-,-,
(Delhi Daredevils),,,,,,,,,,,,,,,
K Santokie,2014-2014,2.0,-,-,-,-,-,-,-,-,-,-,-,-,
(Mumbai Indians),,,,,,,,,,,,,,,
SS Sarkar,2009-2009,2.0,-,-,-,-,-,-,-,-,-,-,-,-,
(Kolkata Knight Riders),,,,,,,,,,,,,,,
Jalaj S Saxena,2021-2021,1.0,-,-,-,-,-,-,-,-,-,-,-,-,
(Punjab Kings),,,,,,,,,,,,,,,
RA Shaikh,2009-2009,1.0,-,-,-,-,-,-,-,-,-,-,-,-,
(Mumbai Indians),,,,,,,,,,,,,,,
H Sharma,2023-2024,2.0,-,-,-,-,-,-,-,-,-,-,-,-,
"(Royal Challengers Bangalore, Royal Challengers Bengaluru)",,,,,,,,,,,,,,,
M Siddharth,2024-2025,5.0,-,-,-,-,-,-,-,-,-,-,-,-,
(Lucknow Super Giants),,,,,,,,,,,,,,,
NB Singh,2017-2017,2.0,-,-,-,-,-,-,-,-,-,-,-,-,
(Gujarat Lions),,,,,,,,,,,,,,,
PH Solanki,2022-2022,2.0,-,-,-,-,-,-,-,-,-,-,-,-,
(Chennai Super Kings),,,,,,,,,,,,,,,
P Suyal,2013-2015,5.0,-,-,-,-,-,-,-,-,-,-,-,-,
(Mumbai Indians),,,,,,,,,,,,,,,
Suyash Sharma,2023-2025,22.0,-,-,-,-,-,-,-,-,-,-,-,-,
"(Kolkata Knight Riders, Royal Challengers Bengaluru)",,,,,,,,,,,,,,,
Tejas Baroka,2017-2017,1.0,-,-,-,-,-,-,-,-,-,-,-,-,
(Gujarat Lions),,,,,,,,,,,,,,,
Yash Thakur,2023-2025,21.0,-,-,-,-,-,-,-,-,-,-,-,-,
"(Lucknow Super Giants, Punjab Kings)",,,,,,,,,,,,,,,
O Thomas,2019-2019,4.0,-,-,-,-,-,-,-,-,-,-,-,-,
(Rajasthan Royals),,,,,,,,,,,,,,,
N Thushara,2024-2024,7.0,-,-,-,-,-,-,-,-,-,-,-,-,
(Mumbai Indians),,,,,,,,,,,,,,,
MP Yadav,2024-2025,5.0,-,-,-,-,-,-,-,-,-,-,-,-,
(Lucknow Super Giants),,,,,,,,,,,,,,,
Zeeshan Ansari,2025-2025,7.0,-,-,-,-,-,-,-,-,-,-,-,-,
(Sunrisers Hyderabad),,,,,,,,,,,,,,,
