Player,Span,Mat,Inns,NO,Runs,HS,Ave,BF,SR,100,50,0,4s,6s,
G Gambhir,2008-2018,47,47,5,1407,93,33.50,1104,127.44,0,11,2,165,26,
"(Delhi Daredevils, Kolkata Knight Riders)",,,,,,,,,,,,,,,
RV Uthappa,2008-2019,41,40,4,1159,83*,32.19,890,130.22,0,8,1,124,33,
"(Kolkata Knight Riders, Mumbai Indians, Pune Warriors, Royal Challengers Bangalore)",,,,,,,,,,,,,,,
AD Russell,2013-2025,48,40,9,989,80*,31.90,527,187.66,0,5,1,70,85,
"(Delhi Daredevils, Kolkata Knight Riders)",,,,,,,,,,,,,,,
YK Pathan,2008-2019,49,41,16,861,72,34.44,570,151.05,0,3,3,67,45,
"(Kolkata Knight Riders, Rajasthan Royals, Sunrisers Hyderabad)",,,,,,,,,,,,,,,
N Rana,2018-2024,24,23,1,680,85*,30.90,489,139.05,0,6,0,63,36,
(Kolkata Knight Riders),,,,,,,,,,,,,,,
SP Narine,2012-2025,64,40,3,661,109,17.86,401,164.83,1,2,6,85,38,
(Kolkata Knight Riders),,,,,,,,,,,,,,,
KD Karthik,2010-2024,28,27,8,655,97*,34.47,466,140.55,0,3,0,73,19,
"(Delhi Daredevils, Gujarat Lions, Kings XI Punjab, Kolkata Knight Riders, Mumbai Indians, Royal Challengers Bangalore, Royal Challengers Bengaluru)",,,,,,,,,,,,,,,
MK Pandey,2008-2019,29,28,5,591,52,25.69,492,120.12,0,2,3,50,18,
"(Kolkata Knight Riders, Mumbai Indians, Pune Warriors, Royal Challengers Bangalore, Sunrisers Hyderabad)",,,,,,,,,,,,,,,
JH Kallis,2010-2013,21,21,3,577,79,32.05,514,112.25,0,4,2,59,12,
"(Kolkata Knight Riders, Royal Challengers Bangalore)",,,,,,,,,,,,,,,
CH Gayle,2010-2019,12,12,2,560,102*,56.00,349,160.45,1,4,1,50,42,
"(Kings XI Punjab, Kolkata Knight Riders, Royal Challengers Bangalore)",,,,,,,,,,,,,,,
SC Ganguly,2008-2012,15,15,2,532,88,40.92,447,119.01,0,4,0,55,21,
"(Kolkata Knight Riders, Pune Warriors)",,,,,,,,,,,,,,,
MK Tiwary,2008-2017,28,25,8,515,50,30.29,461,111.71,0,1,1,46,13,
"(Delhi Daredevils, Kolkata Knight Riders, Rising Pune Supergiant)",,,,,,,,,,,,,,,
RK Singh,2018-2025,24,21,8,512,67*,39.38,331,154.68,0,3,0,41,27,
(Kolkata Knight Riders),,,,,,,,,,,,,,,
Shubman Gill,2018-2025,17,15,3,509,90,42.41,345,147.53,0,4,0,53,16,
"(Gujarat Titans, Kolkata Knight Riders)",,,,,,,,,,,,,,,
RG Sharma,2008-2024,14,14,3,485,109*,44.09,349,138.96,1,3,1,52,18,
"(Deccan Chargers, Mumbai Indians)",,,,,,,,,,,,,,,
CA Lynn,2017-2019,16,16,0,483,82,30.18,348,138.79,0,3,1,54,23,
(Kolkata Knight Riders),,,,,,,,,,,,,,,
AM Rahane,2008-2025,16,15,1,436,71*,31.14,310,140.64,0,4,0,46,18,
"(Chennai Super Kings, Kolkata Knight Riders, Mumbai Indians, Rajasthan Royals, Rising Pune Supergiant, Rising Pune Supergiants)",,,,,,,,,,,,,,,
V Kohli,2008-2025,14,13,3,430,100,43.00,321,133.95,1,2,1,34,16,
"(Royal Challengers Bangalore, Royal Challengers Bengaluru)",,,,,,,,,,,,,,,
PD Salt,2024-2025,8,8,1,406,89*,58.00,220,184.54,0,5,0,47,23,
"(Kolkata Knight Riders, Royal Challengers Bengaluru)",,,,,,,,,,,,,,,
VR Iyer,2023-2025,19,17,1,399,60,24.93,292,136.64,0,2,0,39,15,
(Kolkata Knight Riders),,,,,,,,,,,,,,,
BB McCullum,2008-2018,15,15,1,394,57*,28.14,316,124.68,0,1,0,49,13,
"(Chennai Super Kings, Gujarat Lions, Kochi Tuskers Kerala, Kolkata Knight Riders, Royal Challengers Bangalore)",,,,,,,,,,,,,,,
S Dhawan,2008-2023,11,11,1,337,97*,33.70,267,126.21,0,3,0,44,7,
"(Deccan Chargers, Delhi Capitals, Delhi Daredevils, Mumbai Indians, Punjab Kings, Sunrisers Hyderabad)",,,,,,,,,,,,,,,
SK Raina,2008-2019,13,12,1,325,84,29.54,261,124.52,0,3,1,33,11,
"(Chennai Super Kings, Gujarat Lions)",,,,,,,,,,,,,,,
JC Buttler,2016-2025,6,6,2,317,107*,79.25,186,170.43,1,1,1,37,13,
"(Gujarat Titans, Mumbai Indians, Rajasthan Royals)",,,,,,,,,,,,,,,
SV Samson,2013-2024,10,10,1,306,60,34.00,215,142.32,0,2,1,22,17,
"(Delhi Daredevils, Rajasthan Royals)",,,,,,,,,,,,,,,
Shakib Al Hasan,2011-2019,22,15,5,295,66*,29.50,221,133.48,0,2,1,25,12,
"(Kolkata Knight Riders, Sunrisers Hyderabad)",,,,,,,,,,,,,,,
SS Iyer,2015-2025,13,13,3,289,50,28.90,223,129.59,0,1,2,29,10,
"(Delhi Capitals, Delhi Daredevils, Kolkata Knight Riders, Punjab Kings)",,,,,,,,,,,,,,,
WP Saha,2008-2023,21,16,5,289,35,26.27,227,127.31,0,0,1,30,8,
"(Chennai Super Kings, Gujarat Titans, Kings XI Punjab, Kolkata Knight Riders, Sunrisers Hyderabad)",,,,,,,,,,,,,,,
MS Dhoni,2008-2023,14,12,6,280,66*,46.66,210,133.33,0,2,0,15,16,
"(Chennai Super Kings, Rising Pune Supergiant, Rising Pune Supergiants)",,,,,,,,,,,,,,,
DJ Hussey,2008-2013,13,13,3,265,38*,26.50,250,106.00,0,0,1,15,13,
"(Kings XI Punjab, Kolkata Knight Riders)",,,,,,,,,,,,,,,
SA Yadav,2014-2024,25,19,6,255,46*,19.61,190,134.21,0,0,0,24,12,
"(Kolkata Knight Riders, Mumbai Indians)",,,,,,,,,,,,,,,
DA Miller,2013-2025,9,9,5,249,68*,62.25,168,148.21,0,2,0,14,15,
"(Gujarat Titans, Kings XI Punjab, Lucknow Super Giants)",,,,,,,,,,,,,,,
AT Rayudu,2010-2023,13,10,3,236,63,33.71,167,141.31,0,1,1,18,10,
"(Chennai Super Kings, Mumbai Indians)",,,,,,,,,,,,,,,
MS Bisla,2010-2013,11,11,1,231,51*,23.10,228,101.31,0,1,0,25,5,
"(Kings XI Punjab, Kolkata Knight Riders)",,,,,,,,,,,,,,,
DR Smith,2012-2017,9,8,0,222,62,27.75,170,130.58,0,3,1,25,9,
"(Chennai Super Kings, Gujarat Lions, Mumbai Indians)",,,,,,,,,,,,,,,
GJ Maxwell,2012-2025,9,9,1,213,68,26.62,141,151.06,0,1,0,19,13,
"(Delhi Daredevils, Kings XI Punjab, Punjab Kings, Royal Challengers Bangalore)",,,,,,,,,,,,,,,
DPMD Jayawardene,2008-2013,4,4,2,212,110*,106.00,148,143.24,1,1,0,28,4,
"(Delhi Daredevils, Kings XI Punjab, Kochi Tuskers Kerala)",,,,,,,,,,,,,,,
DB Das,2008-2013,15,11,4,203,35*,29.00,156,130.12,0,0,1,14,12,
(Kolkata Knight Riders),,,,,,,,,,,,,,,
RA Jadeja,2008-2023,13,12,7,201,36*,40.20,137,146.71,0,0,1,13,12,
"(Chennai Super Kings, Gujarat Lions, Kochi Tuskers Kerala, Rajasthan Royals)",,,,,,,,,,,,,,,
EJG Morgan,2010-2015,14,11,1,200,47,20.00,151,132.45,0,0,0,21,9,
"(Kolkata Knight Riders, Royal Challengers Bangalore, Sunrisers Hyderabad)",,,,,,,,,,,,,,,
RM Patidar,2022-2025,3,3,1,198,112*,99.00,93,212.90,1,1,0,20,13,
"(Royal Challengers Bangalore, Royal Challengers Bengaluru)",,,,,,,,,,,,,,,
KA Pollard,2011-2019,10,8,2,192,60*,32.00,135,142.22,0,1,0,15,9,
(Mumbai Indians),,,,,,,,,,,,,,,
N Pooran,2023-2025,3,3,1,190,87*,95.00,98,193.87,0,2,0,13,17,
(Lucknow Super Giants),,,,,,,,,,,,,,,
HH Pandya,2015-2024,8,8,2,188,91,31.33,112,167.85,0,1,1,13,12,
"(Gujarat Titans, Mumbai Indians)",,,,,,,,,,,,,,,
Rahmanullah Gurbaz,2023-2025,8,8,1,183,81,26.14,132,138.63,0,2,1,13,13,
(Kolkata Knight Riders),,,,,,,,,,,,,,,
KL Rahul,2016-2024,5,4,0,179,79,44.75,117,152.99,0,2,0,15,9,
"(Kings XI Punjab, Lucknow Super Giants, Royal Challengers Bangalore)",,,,,,,,,,,,,,,
Salman Butt,2008-2008,4,4,0,169,73,42.25,137,123.35,0,1,0,27,1,
(Kolkata Knight Riders),,,,,,,,,,,,,,,
RA Tripathi,2017-2024,5,5,0,169,93,33.80,104,162.50,0,1,0,16,11,
"(Rajasthan Royals, Rising Pune Supergiant, Sunrisers Hyderabad)",,,,,,,,,,,,,,,
AB de Villiers,2008-2018,8,7,1,159,59*,26.50,99,160.60,0,1,1,12,10,
"(Delhi Daredevils, Royal Challengers Bangalore)",,,,,,,,,,,,,,,
DA Warner,2010-2019,7,7,0,158,85,22.57,128,123.43,0,1,1,20,4,
"(Delhi Daredevils, Sunrisers Hyderabad)",,,,,,,,,,,,,,,
SR Watson,2008-2019,8,7,0,157,44,22.42,129,121.70,0,0,0,21,4,
"(Chennai Super Kings, Rajasthan Royals, Royal Challengers Bangalore)",,,,,,,,,,,,,,,
JJ Roy,2018-2023,5,5,0,155,61,31.00,89,174.15,0,1,0,22,6,
"(Delhi Daredevils, Kolkata Knight Riders)",,,,,,,,,,,,,,,
SS Tiwary,2010-2017,6,5,1,154,52,38.50,129,119.37,0,1,0,18,3,
"(Delhi Daredevils, Mumbai Indians, Rising Pune Supergiants, Royal Challengers Bangalore)",,,,,,,,,,,,,,,
LR Shukla,2008-2013,17,12,3,153,40*,17.00,113,135.39,0,0,1,15,6,
(Kolkata Knight Riders),,,,,,,,,,,,,,,
A Raghuvanshi,2024-2025,10,7,1,152,50,25.33,99,153.53,0,1,0,16,5,
(Kolkata Knight Riders),,,,,,,,,,,,,,,
Prabhsimran Singh,2023-2025,3,3,0,149,83,49.66,77,193.50,0,2,0,13,11,
(Punjab Kings),,,,,,,,,,,,,,,
JM Bairstow,2019-2024,2,2,1,147,108*,147.00,83,177.10,1,0,0,11,10,
"(Punjab Kings, Sunrisers Hyderabad)",,,,,,,,,,,,,,,
M Vohra,2013-2022,6,6,0,143,39,23.83,109,131.19,0,0,1,9,10,
"(Kings XI Punjab, Lucknow Super Giants)",,,,,,,,,,,,,,,
DJ Bravo,2008-2018,9,8,4,141,64*,35.25,127,111.02,0,1,0,16,3,
"(Chennai Super Kings, Gujarat Lions, Mumbai Indians)",,,,,,,,,,,,,,,
Mandeep Singh,2012-2023,7,7,1,140,38,23.33,94,148.93,0,0,1,16,5,
"(Kings XI Punjab, Kolkata Knight Riders, Royal Challengers Bangalore)",,,,,,,,,,,,,,,
F du Plessis,2012-2024,9,9,0,138,27,15.33,101,136.63,0,0,1,19,3,
"(Chennai Super Kings, Royal Challengers Bangalore, Royal Challengers Bengaluru)",,,,,,,,,,,,,,,
H Klaasen,2018-2025,5,4,2,130,63,65.00,74,175.67,0,1,0,5,11,
"(Rajasthan Royals, Royal Challengers Bangalore, Sunrisers Hyderabad)",,,,,,,,,,,,,,,
AD Mathews,2010-2015,9,6,2,130,46*,32.50,98,132.65,0,0,0,7,6,
"(Delhi Daredevils, Kolkata Knight Riders, Pune Warriors)",,,,,,,,,,,,,,,
M Vijay,2010-2016,7,7,0,128,36,18.28,122,104.91,0,0,0,17,2,
"(Chennai Super Kings, Kings XI Punjab)",,,,,,,,,,,,,,,
Yuvraj Singh,2008-2018,7,6,1,127,33*,25.40,77,164.93,0,0,1,9,10,
"(Delhi Daredevils, Kings XI Punjab, Royal Challengers Bangalore, Sunrisers Hyderabad)",,,,,,,,,,,,,,,
PP Chawla,2008-2024,36,16,10,123,22,20.50,99,124.24,0,0,2,10,4,
"(Kings XI Punjab, Kolkata Knight Riders, Mumbai Indians)",,,,,,,,,,,,,,,
RR Pant,2017-2025,5,4,0,122,46,30.50,81,150.61,0,0,0,14,4,
"(Delhi Capitals, Delhi Daredevils, Lucknow Super Giants)",,,,,,,,,,,,,,,
MA Agarwal,2012-2024,6,6,1,120,58,24.00,94,127.65,0,1,0,12,2,
"(Delhi Daredevils, Kings XI Punjab, Royal Challengers Bangalore, Sunrisers Hyderabad)",,,,,,,,,,,,,,,
YBK Jaiswal,2022-2024,3,3,1,120,98*,60.00,64,187.50,0,1,0,15,6,
(Rajasthan Royals),,,,,,,,,,,,,,,
KC Sangakkara,2008-2013,4,4,0,120,64,30.00,85,141.17,0,1,0,11,4,
"(Deccan Chargers, Kings XI Punjab, Sunrisers Hyderabad)",,,,,,,,,,,,,,,
AJ Finch,2010-2018,6,5,0,116,31,23.20,78,148.71,0,0,0,13,5,
"(Delhi Daredevils, Gujarat Lions, Kings XI Punjab, Mumbai Indians, Rajasthan Royals)",,,,,,,,,,,,,,,
HH Gibbs,2010-2012,2,2,1,116,66*,116.00,103,112.62,0,2,0,12,3,
"(Deccan Chargers, Mumbai Indians)",,,,,,,,,,,,,,,
MEK Hussey,2011-2015,5,5,0,116,56,23.20,127,91.33,0,1,0,7,5,
(Chennai Super Kings),,,,,,,,,,,,,,,
AK Markram,2023-2025,3,3,0,115,50,38.33,67,171.64,0,1,0,8,7,
"(Lucknow Super Giants, Sunrisers Hyderabad)",,,,,,,,,,,,,,,
Ishan Kishan,2017-2025,4,4,0,108,62,27.00,59,183.05,0,1,0,10,8,
"(Gujarat Lions, Mumbai Indians, Sunrisers Hyderabad)",,,,,,,,,,,,,,,
S Badrinath,2008-2013,5,4,1,103,54,34.33,90,114.44,0,1,1,6,3,
(Chennai Super Kings),,,,,,,,,,,,,,,
R Dravid,2008-2013,5,5,1,103,43,25.75,94,109.57,0,0,0,16,0,
"(Rajasthan Royals, Royal Challengers Bangalore)",,,,,,,,,,,,,,,
HC Brook,2023-2023,1,1,1,100,100*,-,55,181.81,1,0,0,12,3,
(Sunrisers Hyderabad),,,,,,,,,,,,,,,
BJ Hodge,2008-2013,6,6,2,93,50,23.25,95,97.89,0,1,1,11,1,
"(Kochi Tuskers Kerala, Kolkata Knight Riders, Rajasthan Royals)",,,,,,,,,,,,,,,
V Shankar,2018-2023,3,3,2,93,51*,93.00,52,178.84,0,1,0,4,7,
"(Delhi Daredevils, Gujarat Titans, Sunrisers Hyderabad)",,,,,,,,,,,,,,,
DJ Hooda,2016-2024,7,6,1,92,45,18.40,73,126.02,0,0,0,3,6,
"(Lucknow Super Giants, Sunrisers Hyderabad)",,,,,,,,,,,,,,,
Ramandeep Singh,2024-2025,11,8,5,91,35,30.33,51,178.43,0,0,0,4,8,
(Kolkata Knight Riders),,,,,,,,,,,,,,,
AC Gilchrist,2008-2013,5,5,0,90,27,18.00,90,100.00,0,0,0,10,3,
"(Deccan Chargers, Kings XI Punjab)",,,,,,,,,,,,,,,
PA Patel,2008-2019,6,6,1,89,27,17.80,104,85.57,0,0,1,11,1,
"(Chennai Super Kings, Kochi Tuskers Kerala, Mumbai Indians, Royal Challengers Bangalore, Sunrisers Hyderabad)",,,,,,,,,,,,,,,
V Sehwag,2008-2014,4,4,0,86,64,21.50,57,150.87,0,1,1,7,4,
"(Delhi Daredevils, Kings XI Punjab)",,,,,,,,,,,,,,,
Q de Kock,2016-2025,9,9,0,85,28,9.44,78,108.97,0,0,1,5,6,
"(Delhi Daredevils, Kolkata Knight Riders, Lucknow Super Giants, Mumbai Indians, Royal Challengers Bangalore)",,,,,,,,,,,,,,,
R Parag,2019-2024,3,3,0,85,47,28.33,48,177.08,0,0,0,9,4,
(Rajasthan Royals),,,,,,,,,,,,,,,
SN Thakur,2017-2025,9,6,1,84,68,16.80,49,171.42,0,1,1,11,3,
"(Chennai Super Kings, Kolkata Knight Riders, Lucknow Super Giants, Rising Pune Supergiant)",,,,,,,,,,,,,,,
MR Marsh,2025-2025,1,1,0,81,81,81.00,48,168.75,0,1,0,6,5,
(Lucknow Super Giants),,,,,,,,,,,,,,,
NV Ojha,2010-2017,7,6,1,79,26,15.80,93,84.94,0,0,1,10,1,
"(Delhi Daredevils, Rajasthan Royals, Sunrisers Hyderabad)",,,,,,,,,,,,,,,
A Symonds,2008-2010,2,2,0,77,45,38.50,76,101.31,0,0,0,7,2,
(Deccan Chargers),,,,,,,,,,,,,,,
KV Sharma,2013-2024,8,7,4,71,32,23.66,52,136.53,0,0,0,1,6,
"(Chennai Super Kings, Mumbai Indians, Royal Challengers Bangalore, Royal Challengers Bengaluru, Sunrisers Hyderabad)",,,,,,,,,,,,,,,
P Arya,2025-2025,1,1,0,69,69,69.00,35,197.14,0,1,0,8,4,
(Punjab Kings),,,,,,,,,,,,,,,
Shashank Singh,2024-2025,2,1,1,68,68*,-,28,242.85,0,1,0,2,8,
(Punjab Kings),,,,,,,,,,,,,,,
LMP Simmons,2015-2017,2,2,0,68,68,34.00,50,136.00,0,1,1,8,3,
(Mumbai Indians),,,,,,,,,,,,,,,
CA Pujara,2010-2011,7,3,2,67,45*,67.00,66,101.51,0,0,0,8,1,
"(Kolkata Knight Riders, Royal Challengers Bangalore)",,,,,,,,,,,,,,,
RN ten Doeschate,2011-2015,11,7,2,67,18,13.40,50,134.00,0,0,1,2,5,
(Kolkata Knight Riders),,,,,,,,,,,,,,,
Abhishek Sharma,2023-2025,3,3,0,66,32,22.00,42,157.14,0,0,0,7,4,
(Sunrisers Hyderabad),,,,,,,,,,,,,,,
MM Ali,2019-2025,4,2,0,66,66,33.00,30,220.00,0,1,1,5,6,
"(Chennai Super Kings, Kolkata Knight Riders, Royal Challengers Bangalore)",,,,,,,,,,,,,,,
C de Grandhomme,2017-2017,6,4,0,65,36,16.25,39,166.66,0,0,2,7,3,
(Kolkata Knight Riders),,,,,,,,,,,,,,,
MC Henriques,2015-2017,3,3,0,65,41,21.66,53,122.64,0,0,0,5,2,
(Sunrisers Hyderabad),,,,,,,,,,,,,,,
TM Dilshan,2008-2012,3,3,0,64,38,21.33,53,120.75,0,0,0,11,0,
"(Delhi Daredevils, Royal Challengers Bangalore)",,,,,,,,,,,,,,,
CL White,2008-2013,2,2,0,64,34,32.00,47,136.17,0,0,0,6,2,
"(Royal Challengers Bangalore, Sunrisers Hyderabad)",,,,,,,,,,,,,,,
Harbhajan Singh,2011-2018,9,5,3,63,30,31.50,46,136.95,0,0,0,9,2,
"(Chennai Super Kings, Mumbai Indians)",,,,,,,,,,,,,,,
Kuldeep Yadav,2016-2024,23,7,3,62,35*,15.50,68,91.17,0,0,1,7,1,
"(Delhi Capitals, Kolkata Knight Riders)",,,,,,,,,,,,,,,
OA Shah,2010-2013,4,4,1,62,31,20.66,64,96.87,0,0,0,6,0,
"(Kolkata Knight Riders, Rajasthan Royals)",,,,,,,,,,,,,,,
IK Pathan,2008-2016,5,4,1,60,42*,20.00,39,153.84,0,0,0,3,3,
"(Delhi Daredevils, Kings XI Punjab, Rising Pune Supergiants)",,,,,,,,,,,,,,,
KS Williamson,2016-2018,3,3,0,60,50,20.00,56,107.14,0,1,0,4,1,
(Sunrisers Hyderabad),,,,,,,,,,,,,,,
GJ Bailey,2014-2016,3,3,1,59,33,29.50,44,134.09,0,0,0,4,3,
"(Kings XI Punjab, Rising Pune Supergiants)",,,,,,,,,,,,,,,
STR Binny,2010-2019,8,7,1,58,27,9.66,54,107.40,0,0,1,6,2,
"(Mumbai Indians, Rajasthan Royals, Royal Challengers Bangalore)",,,,,,,,,,,,,,,
CJ Anderson,2015-2017,2,2,1,57,55*,57.00,46,123.91,0,1,0,4,3,
"(Delhi Daredevils, Mumbai Indians)",,,,,,,,,,,,,,,
DP Conway,2023-2023,1,1,0,56,56,56.00,40,140.00,0,1,0,4,3,
(Chennai Super Kings),,,,,,,,,,,,,,,
KM Jadhav,2010-2019,5,5,0,56,20,11.20,44,127.27,0,0,0,6,2,
"(Chennai Super Kings, Delhi Daredevils, Kochi Tuskers Kerala, Royal Challengers Bangalore)",,,,,,,,,,,,,,,
N Jagadeesan,2023-2023,3,3,0,56,36,18.66,39,143.58,0,0,0,9,1,
(Kolkata Knight Riders),,,,,,,,,,,,,,,
WG Jacks,2024-2024,1,1,0,55,55,55.00,32,171.87,0,1,0,4,5,
(Royal Challengers Bengaluru),,,,,,,,,,,,,,,
A Badoni,2023-2025,3,2,0,54,29,27.00,48,112.50,0,0,0,4,2,
(Lucknow Super Giants),,,,,,,,,,,,,,,
B Sai Sudharsan,2025-2025,1,1,0,52,52,52.00,36,144.44,0,1,0,6,1,
(Gujarat Titans),,,,,,,,,,,,,,,
A Mishra,2008-2017,7,5,3,51,31,25.50,53,96.22,0,0,0,4,1,
"(Deccan Chargers, Delhi Daredevils, Sunrisers Hyderabad)",,,,,,,,,,,,,,,
Bipul Sharma,2010-2017,5,4,2,50,21*,25.00,39,128.20,0,0,0,3,2,
"(Kings XI Punjab, Sunrisers Hyderabad)",,,,,,,,,,,,,,,
MV Boucher,2008-2011,2,1,1,50,50*,-,40,125.00,0,1,0,5,1,
"(Kolkata Knight Riders, Royal Challengers Bangalore)",,,,,,,,,,,,,,,
S Dube,2023-2023,1,1,0,50,50,50.00,21,238.09,0,1,0,2,5,
(Chennai Super Kings),,,,,,,,,,,,,,,
JP Duminy,2010-2018,4,4,1,50,25,16.66,51,98.03,0,0,0,4,1,
"(Deccan Chargers, Delhi Daredevils, Mumbai Indians)",,,,,,,,,,,,,,,
NLTC Perera,2013-2016,2,2,0,49,36,24.50,36,136.11,0,0,0,2,2,
"(Rising Pune Supergiants, Sunrisers Hyderabad)",,,,,,,,,,,,,,,
B Chipli,2011-2011,1,1,0,48,48,48.00,40,120.00,0,0,0,6,1,
(Deccan Chargers),,,,,,,,,,,,,,,
M Kartik,2008-2012,10,4,1,48,21,16.00,44,109.09,0,0,0,5,0,
"(Kolkata Knight Riders, Pune Warriors)",,,,,,,,,,,,,,,
KH Pandya,2017-2025,7,6,3,48,24,16.00,38,126.31,0,0,1,0,4,
"(Lucknow Super Giants, Mumbai Indians, Royal Challengers Bengaluru)",,,,,,,,,,,,,,,
SE Marsh,2008-2012,3,3,0,46,40,15.33,44,104.54,0,0,0,4,2,
(Kings XI Punjab),,,,,,,,,,,,,,,
JEC Franklin,2011-2011,1,1,1,45,45*,-,23,195.65,0,0,0,5,1,
(Mumbai Indians),,,,,,,,,,,,,,,
JA Morkel,2008-2015,6,3,2,45,30*,45.00,42,107.14,0,0,0,4,1,
"(Chennai Super Kings, Delhi Daredevils)",,,,,,,,,,,,,,,
MP Stoinis,2016-2024,6,6,1,45,17*,9.00,39,115.38,0,0,2,5,2,
"(Kings XI Punjab, Lucknow Super Giants, Royal Challengers Bangalore)",,,,,,,,,,,,,,,
YV Takawale,2014-2014,1,1,0,45,45,45.00,36,125.00,0,0,0,5,1,
(Royal Challengers Bangalore),,,,,,,,,,,,,,,
J Botha,2012-2015,5,5,1,44,17,11.00,28,157.14,0,0,0,7,1,
"(Delhi Daredevils, Kolkata Knight Riders, Rajasthan Royals)",,,,,,,,,,,,,,,
Gurkeerat Singh,2013-2016,3,3,1,43,28*,21.50,33,130.30,0,0,0,3,2,
(Kings XI Punjab),,,,,,,,,,,,,,,
P Negi,2015-2019,5,4,0,43,27,10.75,40,107.50,0,0,0,4,2,
"(Chennai Super Kings, Delhi Daredevils, Royal Challengers Bangalore)",,,,,,,,,,,,,,,
AP Tare,2010-2015,4,4,0,43,35,10.75,38,113.15,0,0,1,4,2,
(Mumbai Indians),,,,,,,,,,,,,,,
SR Tendulkar,2011-2013,3,3,0,42,38,14.00,35,120.00,0,0,0,6,0,
(Mumbai Indians),,,,,,,,,,,,,,,
Y Venugopal Rao,2008-2014,4,3,1,41,27,20.50,40,102.50,0,0,0,5,0,
"(Deccan Chargers, Delhi Daredevils, Sunrisers Hyderabad)",,,,,,,,,,,,,,,
DH Yagnik,2013-2013,2,2,1,41,31*,41.00,23,178.26,0,0,0,7,0,
(Rajasthan Royals),,,,,,,,,,,,,,,
R Dhawan,2013-2023,4,4,1,40,19,13.33,31,129.03,0,0,0,2,2,
"(Kings XI Punjab, Mumbai Indians, Punjab Kings)",,,,,,,,,,,,,,,
BCJ Cutting,2017-2018,2,2,0,39,24,19.50,19,205.26,0,0,0,2,4,
"(Mumbai Indians, Sunrisers Hyderabad)",,,,,,,,,,,,,,,
D Padikkal,2022-2025,2,2,0,38,28,19.00,30,126.66,0,0,0,3,2,
"(Rajasthan Royals, Royal Challengers Bengaluru)",,,,,,,,,,,,,,,
AR Patel,2014-2024,6,4,0,38,21,9.50,31,122.58,0,0,1,3,2,
"(Delhi Capitals, Kings XI Punjab)",,,,,,,,,,,,,,,
Umar Gul,2008-2008,3,3,1,37,24,18.50,17,217.64,0,0,0,1,5,
(Kolkata Knight Riders),,,,,,,,,,,,,,,
R Bhatia,2010-2013,21,8,3,36,11,7.20,40,90.00,0,0,0,3,0,
"(Delhi Daredevils, Kolkata Knight Riders)",,,,,,,,,,,,,,,
DJG Sammy,2014-2015,2,2,0,36,29,18.00,28,128.57,0,0,0,1,3,
"(Royal Challengers Bangalore, Sunrisers Hyderabad)",,,,,,,,,,,,,,,
BA Stokes,2017-2019,3,3,0,36,14,12.00,38,94.73,0,0,0,3,0,
"(Rajasthan Royals, Rising Pune Supergiant)",,,,,,,,,,,,,,,
RD Gaikwad,2023-2023,1,1,0,35,35,35.00,20,175.00,0,0,0,2,3,
(Chennai Super Kings),,,,,,,,,,,,,,,
E Lewis,2018-2022,3,3,1,35,18,17.50,35,100.00,0,0,0,4,1,
"(Lucknow Super Giants, Mumbai Indians)",,,,,,,,,,,,,,,
MS Wade,2022-2022,1,1,0,35,35,35.00,30,116.66,0,0,0,6,0,
(Gujarat Titans),,,,,,,,,,,,,,,
DT Christian,2011-2017,2,2,1,34,25,34.00,23,147.82,0,0,0,1,3,
"(Deccan Chargers, Rising Pune Supergiant)",,,,,,,,,,,,,,,
M Kaif,2008-2008,1,1,1,34,34*,-,31,109.67,0,0,0,4,0,
(Rajasthan Royals),,,,,,,,,,,,,,,
Rashid Khan,2017-2025,7,1,1,34,34*,-,10,340.00,0,0,0,2,4,
"(Gujarat Titans, Sunrisers Hyderabad)",,,,,,,,,,,,,,,
JC Archer,2018-2019,3,2,1,33,27*,33.00,17,194.11,0,0,0,3,2,
(Rajasthan Royals),,,,,,,,,,,,,,,
SP Goswami,2010-2012,4,3,0,33,24,11.00,35,94.28,0,0,0,3,1,
"(Kolkata Knight Riders, Rajasthan Royals, Royal Challengers Bangalore)",,,,,,,,,,,,,,,
R Ashwin,2010-2024,13,6,2,32,11,8.00,51,62.74,0,0,0,3,0,
"(Chennai Super Kings, Kings XI Punjab, Rajasthan Royals, Rising Pune Supergiants)",,,,,,,,,,,,,,,
SP Fleming,2008-2008,1,1,1,32,32*,-,20,160.00,0,0,0,6,0,
(Chennai Super Kings),,,,,,,,,,,,,,,
B Kumar,2012-2024,10,4,3,32,11*,32.00,17,188.23,0,0,0,5,1,
"(Pune Warriors, Sunrisers Hyderabad)",,,,,,,,,,,,,,,
M Shahrukh Khan,2023-2025,2,2,2,32,21*,-,13,246.15,0,0,0,3,2,
"(Gujarat Titans, Punjab Kings)",,,,,,,,,,,,,,,
MM Sharma,2013-2023,8,5,3,32,21*,16.00,19,168.42,0,0,1,2,2,
"(Chennai Super Kings, Gujarat Titans, Kings XI Punjab)",,,,,,,,,,,,,,,
NT Tilak Varma,2024-2024,1,1,0,32,32,32.00,17,188.23,0,0,0,5,1,
(Mumbai Indians),,,,,,,,,,,,,,,
LS Livingstone,2023-2025,2,2,1,30,15*,30.00,14,214.28,0,0,0,5,1,
"(Punjab Kings, Royal Challengers Bengaluru)",,,,,,,,,,,,,,,
MD Mishra,2010-2010,1,1,0,29,29,29.00,16,181.25,0,0,0,6,0,
(Deccan Chargers),,,,,,,,,,,,,,,
PHKD Mendis,2025-2025,1,1,0,27,27,27.00,20,135.00,0,0,0,1,2,
(Sunrisers Hyderabad),,,,,,,,,,,,,,,
PP Shaw,2019-2024,2,2,0,27,14,13.50,14,192.85,0,0,0,3,2,
(Delhi Capitals),,,,,,,,,,,,,,,
PN Mankad,2023-2023,1,1,0,26,26,26.00,20,130.00,0,0,0,5,0,
(Lucknow Super Giants),,,,,,,,,,,,,,,
R Powell,2024-2025,2,1,0,26,26,26.00,13,200.00,0,0,0,1,3,
"(Kolkata Knight Riders, Rajasthan Royals)",,,,,,,,,,,,,,,
RR Rossouw,2024-2024,1,1,0,26,26,26.00,16,162.50,0,0,0,1,2,
(Punjab Kings),,,,,,,,,,,,,,,
JD Unadkat,2010-2019,11,2,1,26,26,26.00,19,136.84,0,0,0,3,1,
"(Kolkata Knight Riders, Rajasthan Royals, Rising Pune Supergiant)",,,,,,,,,,,,,,,
HM Amla,2017-2017,1,1,0,25,25,25.00,27,92.59,0,0,0,4,0,
(Kings XI Punjab),,,,,,,,,,,,,,,
CR Brathwaite,2016-2019,4,4,0,25,8,6.25,18,138.88,0,0,0,1,2,
"(Delhi Daredevils, Kolkata Knight Riders, Sunrisers Hyderabad)",,,,,,,,,,,,,,,
Mohammad Hafeez,2008-2008,4,4,0,25,13,6.25,33,75.75,0,0,0,3,1,
(Kolkata Knight Riders),,,,,,,,,,,,,,,
SPD Smith,2012-2019,3,3,0,25,14,8.33,31,80.64,0,0,0,1,1,
"(Pune Warriors, Rajasthan Royals, Rising Pune Supergiant)",,,,,,,,,,,,,,,
CR Woakes,2017-2018,7,4,1,25,18,8.33,30,83.33,0,0,0,4,0,
"(Kolkata Knight Riders, Royal Challengers Bangalore)",,,,,,,,,,,,,,,
CH Morris,2013-2019,6,4,0,24,11,6.00,23,104.34,0,0,1,3,0,
"(Chennai Super Kings, Delhi Capitals, Delhi Daredevils)",,,,,,,,,,,,,,,
SS Prabhudessai,2024-2024,1,1,0,24,24,24.00,18,133.33,0,0,0,3,0,
(Royal Challengers Bengaluru),,,,,,,,,,,,,,,
DB Ravi Teja,2011-2013,2,2,0,24,14,12.00,23,104.34,0,0,0,1,1,
"(Deccan Chargers, Sunrisers Hyderabad)",,,,,,,,,,,,,,,
GC Smith,2008-2008,1,1,0,24,24,24.00,24,100.00,0,0,0,4,0,
(Rajasthan Royals),,,,,,,,,,,,,,,
K Gowtham,2018-2023,3,3,2,23,11*,23.00,16,143.75,0,0,0,2,1,
"(Lucknow Super Giants, Rajasthan Royals)",,,,,,,,,,,,,,,
J Arunkumar,2008-2008,1,1,0,22,22,22.00,17,129.41,0,0,0,5,0,
(Royal Challengers Bangalore),,,,,,,,,,,,,,,
SP Jackson,2017-2017,2,2,1,22,12*,22.00,14,157.14,0,0,0,4,0,
(Kolkata Knight Riders),,,,,,,,,,,,,,,
AL Menaria,2011-2012,2,2,0,22,21,11.00,23,95.65,0,0,0,1,1,
(Rajasthan Royals),,,,,,,,,,,,,,,
T Taibu,2008-2008,2,2,0,22,15,11.00,21,104.76,0,0,0,2,0,
(Kolkata Knight Riders),,,,,,,,,,,,,,,
Abdul Samad,2024-2025,2,2,0,21,15,10.50,15,140.00,0,0,0,2,1,
"(Lucknow Super Giants, Sunrisers Hyderabad)",,,,,,,,,,,,,,,
TK Curran,2018-2018,3,3,0,21,18,7.00,23,91.30,0,0,0,3,0,
(Kolkata Knight Riders),,,,,,,,,,,,,,,
UT Khawaja,2016-2016,1,1,0,21,21,21.00,17,123.52,0,0,0,3,0,
(Rising Pune Supergiants),,,,,,,,,,,,,,,
P Kumar,2008-2017,8,5,3,21,12,10.50,26,80.76,0,0,1,2,0,
"(Gujarat Lions, Kings XI Punjab, Royal Challengers Bangalore, Sunrisers Hyderabad)",,,,,,,,,,,,,,,
JM Sharma,2023-2025,3,1,0,21,21,21.00,18,116.66,0,0,0,0,2,
"(Punjab Kings, Royal Challengers Bengaluru)",,,,,,,,,,,,,,,
MJ McClenaghan,2015-2018,3,1,0,20,20,20.00,8,250.00,0,0,0,0,3,
(Mumbai Indians),,,,,,,,,,,,,,,
MA Starc,2014-2024,7,3,3,20,12*,-,13,153.84,0,0,0,2,0,
"(Kolkata Knight Riders, Royal Challengers Bangalore)",,,,,,,,,,,,,,,
DJ Willey,2023-2023,1,1,1,20,20*,-,20,100.00,0,0,0,2,0,
(Royal Challengers Bangalore),,,,,,,,,,,,,,,
MG Bracewell,2023-2023,1,1,0,19,19,19.00,18,105.55,0,0,0,1,1,
(Royal Challengers Bangalore),,,,,,,,,,,,,,,
JO Holder,2014-2016,2,2,0,19,16,9.50,15,126.66,0,0,0,2,1,
"(Kolkata Knight Riders, Sunrisers Hyderabad)",,,,,,,,,,,,,,,
SN Khan,2018-2019,2,2,0,19,13,9.50,23,82.60,0,0,0,2,0,
"(Kings XI Punjab, Royal Challengers Bangalore)",,,,,,,,,,,,,,,
K Nitish Kumar Reddy,2025-2025,1,1,0,19,19,19.00,15,126.66,0,0,0,2,1,
(Sunrisers Hyderabad),,,,,,,,,,,,,,,
RT Ponting,2008-2008,2,2,0,19,19,9.50,32,59.37,0,0,1,1,0,
(Kolkata Knight Riders),,,,,,,,,,,,,,,
S Rana,2014-2014,1,1,1,19,19*,-,12,158.33,0,0,0,2,0,
(Royal Challengers Bangalore),,,,,,,,,,,,,,,
TL Suman,2010-2011,2,2,1,19,15*,19.00,15,126.66,0,0,0,1,1,
"(Deccan Chargers, Mumbai Indians)",,,,,,,,,,,,,,,
UT Yadav,2012-2023,25,8,7,19,6*,19.00,17,111.76,0,0,0,1,0,
"(Delhi Daredevils, Kolkata Knight Riders, Royal Challengers Bangalore)",,,,,,,,,,,,,,,
Abishek Porel,2024-2024,1,1,0,18,18,18.00,15,120.00,0,0,0,2,1,
(Delhi Capitals),,,,,,,,,,,,,,,
S Gopal,2018-2019,2,1,0,18,18,18.00,9,200.00,0,0,0,4,0,
(Rajasthan Royals),,,,,,,,,,,,,,,
BJ Haddin,2011-2011,1,1,0,18,18,18.00,11,163.63,0,0,0,2,1,
(Kolkata Knight Riders),,,,,,,,,,,,,,,
ST Jayasuriya,2008-2008,1,1,0,18,18,18.00,10,180.00,0,0,0,3,1,
(Mumbai Indians),,,,,,,,,,,,,,,
MK Lomror,2022-2024,2,2,0,18,14,9.00,12,150.00,0,0,0,3,0,
"(Royal Challengers Bangalore, Royal Challengers Bengaluru)",,,,,,,,,,,,,,,
KK Nair,2016-2018,3,2,0,18,15,9.00,25,72.00,0,0,0,3,0,
"(Delhi Daredevils, Kings XI Punjab)",,,,,,,,,,,,,,,
Akash Deep,2023-2025,2,1,0,17,17,17.00,8,212.50,0,0,0,2,1,
"(Lucknow Super Giants, Royal Challengers Bangalore)",,,,,,,,,,,,,,,
A Chopra,2008-2008,3,3,0,17,13,5.66,25,68.00,0,0,0,2,0,
(Kolkata Knight Riders),,,,,,,,,,,,,,,
Harpreet Brar,2023-2025,3,1,1,17,17*,-,9,188.88,0,0,0,2,1,
(Punjab Kings),,,,,,,,,,,,,,,
Naman Dhir,2024-2024,1,1,0,17,17,17.00,6,283.33,0,0,0,1,2,
(Mumbai Indians),,,,,,,,,,,,,,,
Shahbaz Ahmed,2022-2024,3,2,0,17,16,8.50,10,170.00,0,0,0,1,2,
"(Royal Challengers Bangalore, Sunrisers Hyderabad)",,,,,,,,,,,,,,,
R Vinay Kumar,2008-2018,9,4,3,17,11,17.00,14,121.42,0,0,0,2,0,
"(Kochi Tuskers Kerala, Kolkata Knight Riders, Mumbai Indians, Royal Challengers Bangalore)",,,,,,,,,,,,,,,
FY Fazal,2010-2011,2,2,0,16,13,8.00,17,94.11,0,0,0,1,0,
(Rajasthan Royals),,,,,,,,,,,,,,,
Harshit Rana,2023-2025,16,3,2,16,10*,16.00,17,94.11,0,0,0,3,0,
(Kolkata Knight Riders),,,,,,,,,,,,,,,
DL Vettori,2010-2012,3,2,2,16,12*,-,10,160.00,0,0,0,2,0,
"(Delhi Daredevils, Royal Challengers Bangalore)",,,,,,,,,,,,,,,
AB Agarkar,2008-2010,7,3,1,15,8*,7.50,13,115.38,0,0,0,2,0,
(Kolkata Knight Riders),,,,,,,,,,,,,,,
NM Coulter-Nile,2016-2017,5,3,1,15,7*,7.50,19,78.94,0,0,0,1,1,
"(Delhi Daredevils, Kolkata Knight Riders)",,,,,,,,,,,,,,,
MG Johnson,2013-2018,8,3,2,15,10*,15.00,18,83.33,0,0,0,0,1,
"(Kings XI Punjab, Kolkata Knight Riders, Mumbai Indians)",,,,,,,,,,,,,,,
AG Paunikar,2011-2011,1,1,0,15,15,15.00,15,100.00,0,0,0,2,0,
(Rajasthan Royals),,,,,,,,,,,,,,,
SB Bangar,2008-2008,1,1,0,14,14,14.00,10,140.00,0,0,0,1,1,
(Deccan Chargers),,,,,,,,,,,,,,,
PJ Cummins,2014-2025,5,3,2,14,14,14.00,16,87.50,0,0,0,2,0,
"(Delhi Daredevils, Kolkata Knight Riders, Sunrisers Hyderabad)",,,,,,,,,,,,,,,
P Dogra,2010-2012,2,2,0,14,8,7.00,23,60.86,0,0,0,0,0,
"(Kings XI Punjab, Rajasthan Royals)",,,,,,,,,,,,,,,
Harmeet Singh,2010-2013,3,1,0,14,14,14.00,6,233.33,0,0,0,3,0,
"(Deccan Chargers, Kings XI Punjab)",,,,,,,,,,,,,,,
CA Ingram,2019-2019,1,1,1,14,14*,-,6,233.33,0,0,0,1,1,
(Delhi Capitals),,,,,,,,,,,,,,,
Iqbal Abdulla,2008-2016,15,3,3,14,12*,-,12,116.66,0,0,0,1,0,
"(Kolkata Knight Riders, Royal Challengers Bangalore)",,,,,,,,,,,,,,,
C Munro,2016-2016,3,2,0,14,10,7.00,13,107.69,0,0,0,2,0,
(Kolkata Knight Riders),,,,,,,,,,,,,,,
DW Steyn,2008-2019,7,2,1,14,13,14.00,13,107.69,0,0,0,1,0,
"(Deccan Chargers, Royal Challengers Bangalore, Sunrisers Hyderabad)",,,,,,,,,,,,,,,
AD Nath,2019-2019,1,1,0,13,13,13.00,15,86.66,0,0,0,0,1,
(Royal Challengers Bangalore),,,,,,,,,,,,,,,
JR Hopes,2008-2008,1,1,0,13,13,13.00,10,130.00,0,0,0,2,0,
(Kings XI Punjab),,,,,,,,,,,,,,,
AS Raut,2010-2011,2,2,0,13,11,6.50,19,68.42,0,0,0,1,0,
(Rajasthan Royals),,,,,,,,,,,,,,,
Shivam Mavi,2018-2018,6,3,1,13,7,6.50,12,108.33,0,0,0,1,0,
(Kolkata Knight Riders),,,,,,,,,,,,,,,
Sohail Tanvir,2008-2008,1,1,0,13,13,13.00,8,162.50,0,0,0,1,1,
(Rajasthan Royals),,,,,,,,,,,,,,,
AR Bawne,2017-2017,1,1,1,12,12*,-,12,100.00,0,0,0,1,0,
(Delhi Daredevils),,,,,,,,,,,,,,,
J Fraser-McGurk,2024-2024,1,1,0,12,12,12.00,7,171.42,0,0,0,1,1,
(Delhi Capitals),,,,,,,,,,,,,,,
MF Maharoof,2008-2010,2,2,0,12,10,6.00,15,80.00,0,0,0,0,0,
(Delhi Daredevils),,,,,,,,,,,,,,,
HV Patel,2012-2025,6,3,1,12,9*,6.00,11,109.09,0,0,1,0,1,
"(Punjab Kings, Royal Challengers Bangalore, Sunrisers Hyderabad)",,,,,,,,,,,,,,,
PVD Chameera,2022-2024,2,1,1,11,11*,-,4,275.00,0,0,0,1,1,
"(Kolkata Knight Riders, Lucknow Super Giants)",,,,,,,,,,,,,,,
JP Inglis,2025-2025,1,1,1,11,11*,-,6,183.33,0,0,0,2,0,
(Punjab Kings),,,,,,,,,,,,,,,
R Sathish,2010-2011,2,1,0,11,11,11.00,11,100.00,0,0,0,1,0,
(Mumbai Indians),,,,,,,,,,,,,,,
L Balaji,2008-2013,16,2,2,10,9*,-,8,125.00,0,0,0,1,0,
"(Chennai Super Kings, Kolkata Knight Riders)",,,,,,,,,,,,,,,
RV Gomez,2011-2011,1,1,1,10,10*,-,10,100.00,0,0,0,0,1,
(Kochi Tuskers Kerala),,,,,,,,,,,,,,,
B Lee,2011-2013,9,2,0,10,9,5.00,8,125.00,0,0,0,0,1,
(Kolkata Knight Riders),,,,,,,,,,,,,,,
S Nadeem,2012-2018,3,2,1,10,6*,10.00,16,62.50,0,0,0,0,0,
(Delhi Daredevils),,,,,,,,,,,,,,,
AS Yadav,2008-2008,1,1,0,10,10,10.00,10,100.00,0,0,0,0,1,
(Deccan Chargers),,,,,,,,,,,,,,,
Mohammed Shami,2018-2025,5,2,1,9,7,9.00,10,90.00,0,0,0,1,0,
"(Delhi Daredevils, Gujarat Titans, Kings XI Punjab, Sunrisers Hyderabad)",,,,,,,,,,,,,,,
I Sharma,2008-2025,14,5,5,9,6*,-,18,50.00,0,0,0,0,0,
"(Deccan Chargers, Delhi Capitals, Gujarat Titans, Kings XI Punjab, Kolkata Knight Riders, Sunrisers Hyderabad)",,,,,,,,,,,,,,,
D Wiese,2023-2023,2,2,1,9,8*,9.00,8,112.50,0,0,0,0,1,
(Kolkata Knight Riders),,,,,,,,,,,,,,,
MC Juneja,2013-2013,1,1,0,8,8,8.00,9,88.88,0,0,0,1,0,
(Delhi Daredevils),,,,,,,,,,,,,,,
Rasikh Salam,2024-2025,2,1,0,8,8,8.00,10,80.00,0,0,0,1,0,
"(Delhi Capitals, Royal Challengers Bengaluru)",,,,,,,,,,,,,,,
AC Voges,2010-2010,1,1,0,8,8,8.00,7,114.28,0,0,0,1,0,
(Rajasthan Royals),,,,,,,,,,,,,,,
S Chanderpaul,2008-2008,1,1,0,7,7,7.00,11,63.63,0,0,0,1,0,
(Royal Challengers Bangalore),,,,,,,,,,,,,,,
SMSM Senanayake,2013-2013,5,2,2,7,7*,-,14,50.00,0,0,0,0,0,
(Kolkata Knight Riders),,,,,,,,,,,,,,,
PC Valthaty,2011-2011,1,1,0,7,7,7.00,8,87.50,0,0,0,1,0,
(Kings XI Punjab),,,,,,,,,,,,,,,
GH Vihari,2013-2015,2,2,0,7,6,3.50,14,50.00,0,0,0,0,0,
(Sunrisers Hyderabad),,,,,,,,,,,,,,,
BA Bhatt,2011-2013,3,1,1,6,6*,-,2,300.00,0,0,0,0,1,
(Kings XI Punjab),,,,,,,,,,,,,,,
C Green,2024-2024,1,1,0,6,6,6.00,4,150.00,0,0,0,0,1,
(Royal Challengers Bengaluru),,,,,,,,,,,,,,,
SD Hope,2024-2024,1,1,0,6,6,6.00,3,200.00,0,0,0,0,1,
(Delhi Capitals),,,,,,,,,,,,,,,
AS Roy,2023-2024,2,1,1,6,6*,-,6,100.00,0,0,0,0,0,
(Kolkata Knight Riders),,,,,,,,,,,,,,,
SB Styris,2008-2008,1,1,0,6,6,6.00,7,85.71,0,0,0,1,0,
(Deccan Chargers),,,,,,,,,,,,,,,
LRPL Taylor,2011-2011,1,1,0,6,6,6.00,9,66.66,0,0,0,0,0,
(Rajasthan Royals),,,,,,,,,,,,,,,
AU Verma,2025-2025,1,1,0,6,6,6.00,6,100.00,0,0,0,1,0,
(Sunrisers Hyderabad),,,,,,,,,,,,,,,
SK Warne,2008-2011,3,2,2,6,3*,-,10,60.00,0,0,0,0,0,
(Rajasthan Royals),,,,,,,,,,,,,,,
AN Ahmed,2011-2015,3,1,1,5,5*,-,2,250.00,0,0,0,1,0,
"(Mumbai Indians, Royal Challengers Bangalore)",,,,,,,,,,,,,,,
S Aravind,2011-2017,3,1,1,5,5*,-,4,125.00,0,0,0,1,0,
(Royal Challengers Bangalore),,,,,,,,,,,,,,,
Arshad Khan,2024-2024,1,1,0,5,5,5.00,4,125.00,0,0,0,1,0,
(Lucknow Super Giants),,,,,,,,,,,,,,,
SA Asnodkar,2008-2008,1,1,0,5,5,5.00,3,166.66,0,0,0,1,0,
(Rajasthan Royals),,,,,,,,,,,,,,,
TA Boult,2017-2024,7,4,2,5,5*,2.50,11,45.45,0,0,2,0,0,
"(Delhi Daredevils, Kolkata Knight Riders, Rajasthan Royals)",,,,,,,,,,,,,,,
JP Faulkner,2013-2017,3,2,1,5,4*,5.00,6,83.33,0,0,0,0,0,
"(Gujarat Lions, Rajasthan Royals)",,,,,,,,,,,,,,,
GB Hogg,2012-2016,10,1,0,5,5,5.00,5,100.00,0,0,0,0,0,
"(Kolkata Knight Riders, Rajasthan Royals)",,,,,,,,,,,,,,,
BB Sran,2016-2019,3,2,2,5,3*,-,5,100.00,0,0,0,0,0,
"(Kings XI Punjab, Mumbai Indians, Sunrisers Hyderabad)",,,,,,,,,,,,,,,
VR Aaron,2015-2019,3,1,0,4,4,4.00,5,80.00,0,0,0,0,0,
"(Kings XI Punjab, Rajasthan Royals, Royal Challengers Bangalore)",,,,,,,,,,,,,,,
A Ashish Reddy,2013-2013,1,1,0,4,4,4.00,5,80.00,0,0,0,0,0,
(Sunrisers Hyderabad),,,,,,,,,,,,,,,
KK Cooper,2013-2013,1,1,0,4,4,4.00,2,200.00,0,0,0,1,0,
(Rajasthan Royals),,,,,,,,,,,,,,,
SM Curran,2023-2024,2,1,0,4,4,4.00,9,44.44,0,0,0,0,0,
(Punjab Kings),,,,,,,,,,,,,,,
TM Head,2025-2025,1,1,0,4,4,4.00,2,200.00,0,0,0,1,0,
(Sunrisers Hyderabad),,,,,,,,,,,,,,,
SO Hetmyer,2022-2024,3,2,0,4,4,2.00,8,50.00,0,0,1,0,0,
(Rajasthan Royals),,,,,,,,,,,,,,,
M Jansen,2023-2025,3,2,1,4,3,4.00,8,50.00,0,0,0,0,0,
"(Punjab Kings, Sunrisers Hyderabad)",,,,,,,,,,,,,,,
Z Khan,2008-2017,6,1,0,4,4,4.00,9,44.44,0,0,0,1,0,
"(Delhi Daredevils, Royal Challengers Bangalore)",,,,,,,,,,,,,,,
T Stubbs,2024-2024,1,1,0,4,4,4.00,7,57.14,0,0,0,0,0,
(Delhi Capitals),,,,,,,,,,,,,,,
SK Trivedi,2008-2013,6,2,0,4,4,2.00,4,100.00,0,0,1,1,0,
(Rajasthan Royals),,,,,,,,,,,,,,,
S Anirudha,2012-2014,2,1,0,3,3,3.00,5,60.00,0,0,0,0,0,
"(Chennai Super Kings, Sunrisers Hyderabad)",,,,,,,,,,,,,,,
Anureet Singh,2015-2018,2,1,1,3,3*,-,4,75.00,0,0,0,0,0,
"(Kings XI Punjab, Rajasthan Royals)",,,,,,,,,,,,,,,
IR Jaggi,2011-2011,1,1,0,3,3,3.00,9,33.33,0,0,0,0,0,
(Deccan Chargers),,,,,,,,,,,,,,,
VY Mahesh,2008-2008,1,1,0,3,3,3.00,6,50.00,0,0,0,0,0,
(Delhi Daredevils),,,,,,,,,,,,,,,
RR Powar,2008-2011,3,1,1,3,3*,-,6,50.00,0,0,0,0,0,
"(Kings XI Punjab, Kochi Tuskers Kerala)",,,,,,,,,,,,,,,
KS Sharma,2023-2023,1,1,0,3,3,3.00,5,60.00,0,0,0,0,0,
(Lucknow Super Giants),,,,,,,,,,,,,,,
N Wadhera,2024-2025,2,1,0,3,3,3.00,3,100.00,0,0,0,0,0,
"(Mumbai Indians, Punjab Kings)",,,,,,,,,,,,,,,
Azhar Mahmood,2013-2013,1,1,0,2,2,2.00,7,28.57,0,0,0,0,0,
(Kings XI Punjab),,,,,,,,,,,,,,,
PD Collingwood,2010-2010,1,1,0,2,2,2.00,3,66.66,0,0,0,0,0,
(Delhi Daredevils),,,,,,,,,,,,,,,
RS Gavaskar,2010-2010,2,1,0,2,2,2.00,8,25.00,0,0,0,0,0,
(Kolkata Knight Riders),,,,,,,,,,,,,,,
DC Jurel,2023-2024,2,1,0,2,2,2.00,4,50.00,0,0,0,0,0,
(Rajasthan Royals),,,,,,,,,,,,,,,
A Kamboj,2024-2024,1,1,1,2,2*,-,2,100.00,0,0,0,0,0,
(Mumbai Indians),,,,,,,,,,,,,,,
TS Mills,2017-2017,1,1,0,2,2,2.00,5,40.00,0,0,0,0,0,
(Royal Challengers Bangalore),,,,,,,,,,,,,,,
RG More,2015-2015,1,1,1,2,2*,-,2,100.00,0,0,0,0,0,
(Chennai Super Kings),,,,,,,,,,,,,,,
Naveen-ul-Haq,2023-2023,1,1,1,2,2*,-,3,66.66,0,0,0,0,0,
(Lucknow Super Giants),,,,,,,,,,,,,,,
Ravi Bishnoi,2022-2025,4,1,0,2,2,2.00,2,100.00,0,0,0,0,0,
(Lucknow Super Giants),,,,,,,,,,,,,,,
JPR Scantlebury-Searles,2018-2018,2,1,0,2,2,2.00,5,40.00,0,0,0,0,0,
(Kolkata Knight Riders),,,,,,,,,,,,,,,
SA Abbott,2015-2015,1,1,0,1,1,1.00,4,25.00,0,0,0,0,0,
(Royal Challengers Bangalore),,,,,,,,,,,,,,,
Anuj Rawat,2023-2023,1,1,0,1,1,1.00,5,20.00,0,0,0,0,0,
(Royal Challengers Bangalore),,,,,,,,,,,,,,,
VG Arora,2023-2025,11,1,1,1,1*,-,1,100.00,0,0,0,0,0,
(Kolkata Knight Riders),,,,,,,,,,,,,,,
SE Bond,2010-2010,5,1,0,1,1,1.00,2,50.00,0,0,0,0,0,
(Kolkata Knight Riders),,,,,,,,,,,,,,,
RD Chahar,2019-2024,3,1,1,1,1*,-,1,100.00,0,0,0,0,0,
"(Mumbai Indians, Punjab Kings)",,,,,,,,,,,,,,,
MJ Clarke,2012-2012,1,1,0,1,1,1.00,2,50.00,0,0,0,0,0,
(Pune Warriors),,,,,,,,,,,,,,,
LH Ferguson,2019-2024,5,1,0,1,1,1.00,1,100.00,0,0,0,0,0,
"(Kolkata Knight Riders, Royal Challengers Bengaluru)",,,,,,,,,,,,,,,
ML Hayden,2010-2010,1,1,0,1,1,1.00,8,12.50,0,0,0,0,0,
(Chennai Super Kings),,,,,,,,,,,,,,,
SH Johnson,2025-2025,2,1,1,1,1*,-,1,100.00,0,0,0,0,0,
(Kolkata Knight Riders),,,,,,,,,,,,,,,
Karanveer Singh,2014-2014,1,1,1,1,1*,-,1,100.00,0,0,0,0,0,
(Kings XI Punjab),,,,,,,,,,,,,,,
K Kushagra,2024-2024,1,1,0,1,1,1.00,3,33.33,0,0,0,0,0,
(Delhi Capitals),,,,,,,,,,,,,,,
M Manhas,2012-2014,2,1,0,1,1,1.00,3,33.33,0,0,0,0,0,
"(Chennai Super Kings, Pune Warriors)",,,,,,,,,,,,,,,
A Nehra,2008-2017,5,2,1,1,1*,1.00,5,20.00,0,0,1,0,0,
"(Chennai Super Kings, Delhi Daredevils, Mumbai Indians, Sunrisers Hyderabad)",,,,,,,,,,,,,,,
PP Ojha,2008-2015,8,2,1,1,1*,1.00,1,100.00,0,0,1,0,0,
"(Deccan Chargers, Mumbai Indians)",,,,,,,,,,,,,,,
WD Parnell,2012-2012,1,1,0,1,1,1.00,2,50.00,0,0,0,0,0,
(Pune Warriors),,,,,,,,,,,,,,,
M Prasidh Krishna,2018-2025,12,2,2,1,1*,-,5,20.00,0,0,0,0,0,
"(Gujarat Titans, Kolkata Knight Riders, Rajasthan Royals)",,,,,,,,,,,,,,,
Sandeep Sharma,2015-2023,5,2,2,1,1*,-,1,100.00,0,0,0,0,0,
"(Kings XI Punjab, Rajasthan Royals, Sunrisers Hyderabad)",,,,,,,,,,,,,,,
RP Singh,2008-2011,2,1,1,1,1*,-,2,50.00,0,0,0,0,0,
"(Deccan Chargers, Kochi Tuskers Kerala)",,,,,,,,,,,,,,,
IS Sodhi,2018-2018,2,1,0,1,1,1.00,6,16.66,0,0,0,0,0,
(Rajasthan Royals),,,,,,,,,,,,,,,
TM Srivastava,2008-2008,1,1,1,1,1*,-,1,100.00,0,0,0,0,0,
(Kings XI Punjab),,,,,,,,,,,,,,,
R Tewatia,2018-2025,5,2,0,1,1,0.50,4,25.00,0,0,1,0,0,
"(Delhi Capitals, Delhi Daredevils, Gujarat Titans)",,,,,,,,,,,,,,,
RE van der Merwe,2010-2012,2,1,0,1,1,1.00,2,50.00,0,0,0,0,0,
"(Delhi Daredevils, Royal Challengers Bangalore)",,,,,,,,,,,,,,,
Washington Sundar,2017-2025,4,2,2,1,1*,-,3,33.33,0,0,0,0,0,
"(Gujarat Titans, Rising Pune Supergiant, Royal Challengers Bangalore, Sunrisers Hyderabad)",,,,,,,,,,,,,,,
LB Williams,2024-2024,1,1,1,1,1*,-,2,50.00,0,0,0,0,0,
(Delhi Capitals),,,,,,,,,,,,,,,
Avesh Khan,2022-2025,3,1,1,0,0*,-,0,-,0,0,0,0,0,
"(Lucknow Super Giants, Rajasthan Royals)",,,,,,,,,,,,,,,
S Badree,2017-2017,1,1,0,0,0,0.00,3,0.00,0,0,1,0,0,
(Royal Challengers Bangalore),,,,,,,,,,,,,,,
YS Chahal,2013-2025,11,1,0,0,0,0.00,2,0.00,0,0,1,0,0,
"(Mumbai Indians, Punjab Kings, Rajasthan Royals, Royal Challengers Bangalore)",,,,,,,,,,,,,,,
UBT Chand,2013-2013,1,1,0,0,0,0.00,1,0.00,0,0,1,0,0,
(Delhi Daredevils),,,,,,,,,,,,,,,
TH David,2024-2025,2,1,0,0,0,0.00,3,0.00,0,0,1,0,0,
"(Mumbai Indians, Royal Challengers Bengaluru)",,,,,,,,,,,,,,,
JL Denly,2019-2019,1,1,0,0,0,0.00,1,0.00,0,0,1,0,0,
(Kolkata Knight Riders),,,,,,,,,,,,,,,
Kamran Khan,2010-2010,1,1,1,0,0*,-,0,-,0,0,0,0,0,
(Rajasthan Royals),,,,,,,,,,,,,,,
VVS Laxman,2008-2008,1,1,0,0,0,0.00,6,0.00,0,0,1,0,0,
(Deccan Chargers),,,,,,,,,,,,,,,
GD McGrath,2008-2008,1,1,1,0,0*,-,0,-,0,0,0,0,0,
(Delhi Daredevils),,,,,,,,,,,,,,,
R McLaren,2010-2010,1,1,1,0,0*,-,2,0.00,0,0,0,0,0,
(Mumbai Indians),,,,,,,,,,,,,,,
SL Malinga,2011-2019,8,1,0,0,0,0.00,2,0.00,0,0,1,0,0,
(Mumbai Indians),,,,,,,,,,,,,,,
AD Mascarenhas,2012-2012,1,1,0,0,0,0.00,1,0.00,0,0,1,0,0,
(Kings XI Punjab),,,,,,,,,,,,,,,
Mohammed Siraj,2019-2025,5,1,1,0,0*,-,0,-,0,0,0,0,0,
"(Gujarat Titans, Royal Challengers Bangalore, Royal Challengers Bengaluru)",,,,,,,,,,,,,,,
M Morkel,2012-2016,10,1,1,0,0*,-,0,-,0,0,0,0,0,
"(Delhi Daredevils, Kolkata Knight Riders)",,,,,,,,,,,,,,,
AM Nayar,2008-2011,2,1,0,0,0,0.00,2,0.00,0,0,1,0,0,
"(Kings XI Punjab, Mumbai Indians)",,,,,,,,,,,,,,,
Parvez Rasool,2014-2014,1,1,1,0,0*,-,0,-,0,0,0,0,0,
(Sunrisers Hyderabad),,,,,,,,,,,,,,,
PBB Rajapaksa,2023-2023,1,1,0,0,0,0.00,3,0.00,0,0,1,0,0,
(Punjab Kings),,,,,,,,,,,,,,,
PJ Sangwan,2008-2010,2,1,0,0,0,0.00,1,0.00,0,0,1,0,0,
(Delhi Daredevils),,,,,,,,,,,,,,,
Simarjeet Singh,2025-2025,1,1,0,0,0,0.00,1,0.00,0,0,1,0,0,
(Sunrisers Hyderabad),,,,,,,,,,,,,,,
A Singh,2011-2012,2,1,0,0,0,0.00,2,0.00,0,0,1,0,0,
(Rajasthan Royals),,,,,,,,,,,,,,,
Swapnil Singh,2016-2016,1,1,0,0,0,0.00,1,0.00,0,0,1,0,0,
(Kings XI Punjab),,,,,,,,,,,,,,,
SW Tait,2011-2011,1,1,0,0,0,0.00,1,0.00,0,0,1,0,0,
(Rajasthan Royals),,,,,,,,,,,,,,,
WPUJC Vaas,2008-2008,1,1,0,0,0,0.00,1,0.00,0,0,1,0,0,
(Deccan Chargers),,,,,,,,,,,,,,,
CV Varun,2019-2025,20,1,1,0,0*,-,3,0.00,0,0,0,0,0,
"(Kings XI Punjab, Kolkata Knight Riders)",,,,,,,,,,,,,,,
S Ladda,2013-2013,1,-,-,-,-,-,-,-,-,-,-,-,-,
(Kolkata Knight Riders),,,,,,,,,,,,,,,
KK Ahmed,2018-2024,2,-,-,-,-,-,-,-,-,-,-,-,-,
"(Delhi Capitals, Sunrisers Hyderabad)",,,,,,,,,,,,,,,
Akash Singh,2023-2023,1,-,-,-,-,-,-,-,-,-,-,-,-,
(Chennai Super Kings),,,,,,,,,,,,,,,
KP Appanna,2012-2012,1,-,-,-,-,-,-,-,-,-,-,-,-,
(Royal Challengers Bangalore),,,,,,,,,,,,,,,
Arshdeep Singh,2023-2025,3,-,-,-,-,-,-,-,-,-,-,-,-,
(Punjab Kings),,,,,,,,,,,,,,,
M Ashwin,2016-2016,1,-,-,-,-,-,-,-,-,-,-,-,-,
(Rising Pune Supergiants),,,,,,,,,,,,,,,
KM Asif,2018-2023,2,-,-,-,-,-,-,-,-,-,-,-,-,
"(Chennai Super Kings, Rajasthan Royals)",,,,,,,,,,,,,,,
P Awana,2014-2014,1,-,-,-,-,-,-,-,-,-,-,-,-,
(Kings XI Punjab),,,,,,,,,,,,,,,
Azmatullah Omarzai,2025-2025,1,-,-,-,-,-,-,-,-,-,-,-,-,
(Punjab Kings),,,,,,,,,,,,,,,
Basil Thampi,2017-2017,1,-,-,-,-,-,-,-,-,-,-,-,-,
(Gujarat Lions),,,,,,,,,,,,,,,
DE Bollinger,2011-2011,1,-,-,-,-,-,-,-,-,-,-,-,-,
(Chennai Super Kings),,,,,,,,,,,,,,,
RS Bopara,2010-2010,1,-,-,-,-,-,-,-,-,-,-,-,-,
(Kings XI Punjab),,,,,,,,,,,,,,,
JJ Bumrah,2015-2024,5,-,-,-,-,-,-,-,-,-,-,-,-,
(Mumbai Indians),,,,,,,,,,,,,,,
KC Cariappa,2015-2015,1,-,-,-,-,-,-,-,-,-,-,-,-,
(Kolkata Knight Riders),,,,,,,,,,,,,,,
DL Chahar,2019-2019,1,-,-,-,-,-,-,-,-,-,-,-,-,
(Chennai Super Kings),,,,,,,,,,,,,,,
AA Chavan,2012-2013,2,-,-,-,-,-,-,-,-,-,-,-,-,
(Rajasthan Royals),,,,,,,,,,,,,,,
M de Lange,2012-2012,3,-,-,-,-,-,-,-,-,-,-,-,-,
(Kolkata Knight Riders),,,,,,,,,,,,,,,
TU Deshpande,2023-2023,1,-,-,-,-,-,-,-,-,-,-,-,-,
(Chennai Super Kings),,,,,,,,,,,,,,,
AB Dinda,2008-2016,13,-,-,-,-,-,-,-,-,-,-,-,-,
"(Kolkata Knight Riders, Pune Warriors, Rising Pune Supergiants, Royal Challengers Bangalore)",,,,,,,,,,,,,,,
NT Ellis,2023-2023,1,-,-,-,-,-,-,-,-,-,-,-,-,
(Punjab Kings),,,,,,,,,,,,,,,
CRD Fernando,2008-2010,2,-,-,-,-,-,-,-,-,-,-,-,-,
(Mumbai Indians),,,,,,,,,,,,,,,
MS Gony,2008-2010,2,-,-,-,-,-,-,-,-,-,-,-,-,
(Chennai Super Kings),,,,,,,,,,,,,,,
HF Gurney,2019-2019,3,-,-,-,-,-,-,-,-,-,-,-,-,
(Kolkata Knight Riders),,,,,,,,,,,,,,,
RJ Harris,2011-2011,1,-,-,-,-,-,-,-,-,-,-,-,-,
(Kings XI Punjab),,,,,,,,,,,,,,,
PW Hasaranga,2022-2022,1,-,-,-,-,-,-,-,-,-,-,-,-,
(Royal Challengers Bangalore),,,,,,,,,,,,,,,
JW Hastings,2016-2016,2,-,-,-,-,-,-,-,-,-,-,-,-,
(Kolkata Knight Riders),,,,,,,,,,,,,,,
JR Hazlewood,2022-2025,2,-,-,-,-,-,-,-,-,-,-,-,-,
"(Royal Challengers Bangalore, Royal Challengers Bengaluru)",,,,,,,,,,,,,,,
BE Hendricks,2015-2015,1,-,-,-,-,-,-,-,-,-,-,-,-,
(Kings XI Punjab),,,,,,,,,,,,,,,
BW Hilfenhaus,2012-2014,2,-,-,-,-,-,-,-,-,-,-,-,-,
(Chennai Super Kings),,,,,,,,,,,,,,,
Imran Tahir,2015-2019,3,-,-,-,-,-,-,-,-,-,-,-,-,
"(Chennai Super Kings, Delhi Daredevils, Rising Pune Supergiant)",,,,,,,,,,,,,,,
SB Jakati,2011-2012,2,-,-,-,-,-,-,-,-,-,-,-,-,
(Chennai Super Kings),,,,,,,,,,,,,,,
Jaskaran Singh,2010-2010,1,-,-,-,-,-,-,-,-,-,-,-,-,
(Deccan Chargers),,,,,,,,,,,,,,,
CJ Jordan,2016-2016,1,-,-,-,-,-,-,-,-,-,-,-,-,
(Royal Challengers Bangalore),,,,,,,,,,,,,,,
AS Joseph,2022-2022,1,-,-,-,-,-,-,-,-,-,-,-,-,
(Gujarat Titans),,,,,,,,,,,,,,,
S Joseph,2024-2024,1,-,-,-,-,-,-,-,-,-,-,-,-,
(Lucknow Super Giants),,,,,,,,,,,,,,,
S Randiv,2011-2011,1,-,-,-,-,-,-,-,-,-,-,-,-,
(Chennai Super Kings),,,,,,,,,,,,,,,
S Kaul,2018-2019,3,-,-,-,-,-,-,-,-,-,-,-,-,
(Sunrisers Hyderabad),,,,,,,,,,,,,,,
S Kaushik,2016-2016,1,-,-,-,-,-,-,-,-,-,-,-,-,
(Gujarat Lions),,,,,,,,,,,,,,,
JM Kemp,2010-2010,1,-,-,-,-,-,-,-,-,-,-,-,-,
(Chennai Super Kings),,,,,,,,,,,,,,,
K Khejroliya,2018-2023,2,-,-,-,-,-,-,-,-,-,-,-,-,
"(Kolkata Knight Riders, Royal Challengers Bangalore)",,,,,,,,,,,,,,,
DS Kulkarni,2008-2017,3,-,-,-,-,-,-,-,-,-,-,-,-,
"(Gujarat Lions, Mumbai Indians)",,,,,,,,,,,,,,,
A Kumble,2008-2010,2,-,-,-,-,-,-,-,-,-,-,-,-,
(Royal Challengers Bangalore),,,,,,,,,,,,,,,
CK Langeveldt,2010-2010,1,-,-,-,-,-,-,-,-,-,-,-,-,
(Kolkata Knight Riders),,,,,,,,,,,,,,,
B Laughlin,2018-2018,1,-,-,-,-,-,-,-,-,-,-,-,-,
(Rajasthan Royals),,,,,,,,,,,,,,,
JB Little,2023-2023,1,-,-,-,-,-,-,-,-,-,-,-,-,
(Gujarat Titans),,,,,,,,,,,,,,,
OC McCoy,2022-2022,1,-,-,-,-,-,-,-,-,-,-,-,-,
(Rajasthan Royals),,,,,,,,,,,,,,,
VS Malik,2013-2013,1,-,-,-,-,-,-,-,-,-,-,-,-,
(Rajasthan Royals),,,,,,,,,,,,,,,
A Manohar,2023-2023,1,-,-,-,-,-,-,-,-,-,-,-,-,
(Gujarat Titans),,,,,,,,,,,,,,,
M Markande,2018-2024,3,-,-,-,-,-,-,-,-,-,-,-,-,
"(Mumbai Indians, Sunrisers Hyderabad)",,,,,,,,,,,,,,,
BAW Mendis,2008-2010,2,-,-,-,-,-,-,-,-,-,-,-,-,
(Kolkata Knight Riders),,,,,,,,,,,,,,,
Mohsin Khan,2022-2024,3,-,-,-,-,-,-,-,-,-,-,-,-,
(Lucknow Super Giants),,,,,,,,,,,,,,,
Mujeeb Ur Rahman,2018-2018,1,-,-,-,-,-,-,-,-,-,-,-,-,
(Kings XI Punjab),,,,,,,,,,,,,,,
M Muralidaran,2008-2014,4,-,-,-,-,-,-,-,-,-,-,-,-,
"(Chennai Super Kings, Kochi Tuskers Kerala, Royal Challengers Bangalore)",,,,,,,,,,,,,,,
AG Murtaza,2010-2010,1,-,-,-,-,-,-,-,-,-,-,-,-,
(Mumbai Indians),,,,,,,,,,,,,,,
Mustafizur Rahman,2016-2016,1,-,-,-,-,-,-,-,-,-,-,-,-,
(Sunrisers Hyderabad),,,,,,,,,,,,,,,
Y Nagar,2012-2012,1,-,-,-,-,-,-,-,-,-,-,-,-,
(Delhi Daredevils),,,,,,,,,,,,,,,
S Narwal,2013-2013,1,-,-,-,-,-,-,-,-,-,-,-,-,
(Kolkata Knight Riders),,,,,,,,,,,,,,,
T Natarajan,2023-2024,2,-,-,-,-,-,-,-,-,-,-,-,-,
(Sunrisers Hyderabad),,,,,,,,,,,,,,,
L Ngidi,2018-2018,1,-,-,-,-,-,-,-,-,-,-,-,-,
(Chennai Super Kings),,,,,,,,,,,,,,,
Noor Ahmad,2023-2023,1,-,-,-,-,-,-,-,-,-,-,-,-,
(Gujarat Titans),,,,,,,,,,,,,,,
M Ntini,2008-2008,1,-,-,-,-,-,-,-,-,-,-,-,-,
(Chennai Super Kings),,,,,,,,,,,,,,,
IC Pandey,2014-2014,1,-,-,-,-,-,-,-,-,-,-,-,-,
(Chennai Super Kings),,,,,,,,,,,,,,,
MB Parmar,2010-2010,1,-,-,-,-,-,-,-,-,-,-,-,-,
(Kolkata Knight Riders),,,,,,,,,,,,,,,
MM Patel,2008-2012,2,-,-,-,-,-,-,-,-,-,-,-,-,
"(Mumbai Indians, Rajasthan Royals)",,,,,,,,,,,,,,,
AUK Pathan,2011-2011,1,-,-,-,-,-,-,-,-,-,-,-,-,
(Royal Challengers Bangalore),,,,,,,,,,,,,,,
M Pathirana,2023-2023,1,-,-,-,-,-,-,-,-,-,-,-,-,
(Chennai Super Kings),,,,,,,,,,,,,,,
KMA Paul,2019-2019,1,-,-,-,-,-,-,-,-,-,-,-,-,
(Delhi Capitals),,,,,,,,,,,,,,,
SM Pollock,2008-2008,1,-,-,-,-,-,-,-,-,-,-,-,-,
(Mumbai Indians),,,,,,,,,,,,,,,
RW Price,2011-2011,1,-,-,-,-,-,-,-,-,-,-,-,-,
(Mumbai Indians),,,,,,,,,,,,,,,
Y Prithvi Raj,2019-2019,1,-,-,-,-,-,-,-,-,-,-,-,-,
(Kolkata Knight Riders),,,,,,,,,,,,,,,
K Rabada,2017-2024,3,-,-,-,-,-,-,-,-,-,-,-,-,
"(Delhi Capitals, Delhi Daredevils, Punjab Kings)",,,,,,,,,,,,,,,
AS Rajpoot,2016-2018,5,-,-,-,-,-,-,-,-,-,-,-,-,
"(Kings XI Punjab, Kolkata Knight Riders)",,,,,,,,,,,,,,,
DS Rathi,2025-2025,1,-,-,-,-,-,-,-,-,-,-,-,-,
(Lucknow Super Giants),,,,,,,,,,,,,,,
M Rawat,2008-2008,1,-,-,-,-,-,-,-,-,-,-,-,-,
(Rajasthan Royals),,,,,,,,,,,,,,,
KAJ Roach,2010-2010,1,-,-,-,-,-,-,-,-,-,-,-,-,
(Deccan Chargers),,,,,,,,,,,,,,,
JE Root,2023-2023,1,-,-,-,-,-,-,-,-,-,-,-,-,
(Rajasthan Royals),,,,,,,,,,,,,,,
SE Rutherford,2025-2025,1,-,-,-,-,-,-,-,-,-,-,-,-,
(Gujarat Titans),,,,,,,,,,,,,,,
Sachin Baby,2016-2016,1,-,-,-,-,-,-,-,-,-,-,-,-,
(Royal Challengers Bangalore),,,,,,,,,,,,,,,
NA Saini,2019-2019,1,-,-,-,-,-,-,-,-,-,-,-,-,
(Royal Challengers Bangalore),,,,,,,,,,,,,,,
R Sai Kishore,2022-2025,2,-,-,-,-,-,-,-,-,-,-,-,-,
(Gujarat Titans),,,,,,,,,,,,,,,
C Sakariya,2025-2025,1,-,-,-,-,-,-,-,-,-,-,-,-,
(Kolkata Knight Riders),,,,,,,,,,,,,,,
S Sandeep Warrier,2019-2019,1,-,-,-,-,-,-,-,-,-,-,-,-,
(Kolkata Knight Riders),,,,,,,,,,,,,,,
MJ Santner,2019-2019,1,-,-,-,-,-,-,-,-,-,-,-,-,
(Chennai Super Kings),,,,,,,,,,,,,,,
KR Sen,2024-2024,1,-,-,-,-,-,-,-,-,-,-,-,-,
(Rajasthan Royals),,,,,,,,,,,,,,,
PR Shah,2008-2008,1,-,-,-,-,-,-,-,-,-,-,-,-,
(Mumbai Indians),,,,,,,,,,,,,,,
AR Sharma,2024-2024,1,-,-,-,-,-,-,-,-,-,-,-,-,
(Punjab Kings),,,,,,,,,,,,,,,
Shoaib Akhtar,2008-2008,2,-,-,-,-,-,-,-,-,-,-,-,-,
(Kolkata Knight Riders),,,,,,,,,,,,,,,
VRV Singh,2008-2008,1,-,-,-,-,-,-,-,-,-,-,-,-,
(Kings XI Punjab),,,,,,,,,,,,,,,
TG Southee,2016-2023,3,-,-,-,-,-,-,-,-,-,-,-,-,
"(Kolkata Knight Riders, Mumbai Indians)",,,,,,,,,,,,,,,
S Sreesanth,2008-2008,1,-,-,-,-,-,-,-,-,-,-,-,-,
(Kings XI Punjab),,,,,,,,,,,,,,,
SJ Srivastava,2010-2010,1,-,-,-,-,-,-,-,-,-,-,-,-,
(Kings XI Punjab),,,,,,,,,,,,,,,
B Stanlake,2018-2018,1,-,-,-,-,-,-,-,-,-,-,-,-,
(Sunrisers Hyderabad),,,,,,,,,,,,,,,
J Suchith,2015-2016,2,-,-,-,-,-,-,-,-,-,-,-,-,
(Mumbai Indians),,,,,,,,,,,,,,,
Suyash Sharma,2023-2025,10,-,-,-,-,-,-,-,-,-,-,-,-,
"(Kolkata Knight Riders, Royal Challengers Bengaluru)",,,,,,,,,,,,,,,
J Syed Mohammad,2011-2011,1,-,-,-,-,-,-,-,-,-,-,-,-,
(Royal Challengers Bangalore),,,,,,,,,,,,,,,
PV Tambe,2016-2016,1,-,-,-,-,-,-,-,-,-,-,-,-,
(Gujarat Lions),,,,,,,,,,,,,,,
Yash Thakur,2023-2024,2,-,-,-,-,-,-,-,-,-,-,-,-,
(Lucknow Super Giants),,,,,,,,,,,,,,,
M Theekshana,2023-2023,1,-,-,-,-,-,-,-,-,-,-,-,-,
(Chennai Super Kings),,,,,,,,,,,,,,,
J Theron,2010-2010,1,-,-,-,-,-,-,-,-,-,-,-,-,
(Kings XI Punjab),,,,,,,,,,,,,,,
O Thomas,2019-2019,1,-,-,-,-,-,-,-,-,-,-,-,-,
(Rajasthan Royals),,,,,,,,,,,,,,,
N Thushara,2024-2024,1,-,-,-,-,-,-,-,-,-,-,-,-,
(Mumbai Indians),,,,,,,,,,,,,,,
AJ Tye,2018-2019,2,-,-,-,-,-,-,-,-,-,-,-,-,
(Kings XI Punjab),,,,,,,,,,,,,,,
Umran Malik,2023-2023,1,-,-,-,-,-,-,-,-,-,-,-,-,
(Sunrisers Hyderabad),,,,,,,,,,,,,,,
S Vidyut,2008-2008,1,-,-,-,-,-,-,-,-,-,-,-,-,
(Chennai Super Kings),,,,,,,,,,,,,,,
GC Viljoen,2019-2019,1,-,-,-,-,-,-,-,-,-,-,-,-,
(Kings XI Punjab),,,,,,,,,,,,,,,
Yash Dayal,2022-2025,3,-,-,-,-,-,-,-,-,-,-,-,-,
"(Gujarat Titans, Royal Challengers Bengaluru)",,,,,,,,,,,,,,,
A Zampa,2016-2016,1,-,-,-,-,-,-,-,-,-,-,-,-,
(Rising Pune Supergiants),,,,,,,,,,,,,,,
Zeeshan Ansari,2025-2025,1,-,-,-,-,-,-,-,-,-,-,-,-,
(Sunrisers Hyderabad),,,,,,,,,,,,,,,
