Player,Mat,Inns,NO,Runs,HS,Ave,BF,SR,100,50,0,4s,6s,
Shashank Singh,9,9,4,215,52*,43.00,171,125.73,0,1,1,13,8,
(Punjab Kings),,,,,,,,,,,,,,
Prabhsimran Singh,9,9,0,155,35,17.22,109,142.20,0,0,2,19,7,
(Punjab Kings),,,,,,,,,,,,,,
P Arya,4,4,0,147,103,36.75,70,210.00,1,0,1,13,11,
(Punjab Kings),,,,,,,,,,,,,,
AR Sharma,4,4,1,128,61,42.66,67,191.04,0,1,0,6,12,
(Punjab Kings),,,,,,,,,,,,,,
SM Curran,5,5,0,124,63,24.80,105,118.09,0,1,0,11,3,
(Punjab Kings),,,,,,,,,,,,,,
YBK Jaiswal,2,2,0,106,67,53.00,73,145.20,0,1,0,7,5,
(Rajasthan Royals),,,,,,,,,,,,,,
JM Sharma,6,6,1,90,29,18.00,73,123.28,0,0,0,4,5,
"(Punjab Kings, Royal Challengers Bengaluru)",,,,,,,,,,,,,,
N Wadhera,4,4,0,86,62,21.50,63,136.50,0,1,0,6,4,
(Punjab Kings),,,,,,,,,,,,,,
SA Yadav,1,1,0,78,78,78.00,53,147.16,0,1,0,7,3,
(Mumbai Indians),,,,,,,,,,,,,,
V Kohli,1,1,1,73,73*,-,54,135.18,0,1,0,7,1,
(Royal Challengers Bengaluru),,,,,,,,,,,,,,
DP Conway,1,1,0,69,69,69.00,49,140.81,0,1,0,6,2,
(Chennai Super Kings),,,,,,,,,,,,,,
LS Livingstone,4,4,1,66,38*,22.00,46,143.47,0,0,0,5,4,
(Punjab Kings),,,,,,,,,,,,,,
R Parag,2,2,1,66,43*,66.00,43,153.48,0,0,0,4,4,
(Rajasthan Royals),,,,,,,,,,,,,,
K Nitish Kumar Reddy,1,1,0,64,64,64.00,37,172.97,0,1,0,4,5,
(Sunrisers Hyderabad),,,,,,,,,,,,,,
M Jansen,4,4,2,63,34*,31.50,47,134.04,0,0,0,2,4,
(Punjab Kings),,,,,,,,,,,,,,
D Padikkal,1,1,0,61,61,61.00,35,174.28,0,1,0,5,4,
(Royal Challengers Bengaluru),,,,,,,,,,,,,,
SV Samson,2,2,0,56,38,28.00,40,140.00,0,0,0,7,1,
(Rajasthan Royals),,,,,,,,,,,,,,
Harpreet Brar,6,4,2,55,29,27.50,37,148.64,0,0,0,6,2,
(Punjab Kings),,,,,,,,,,,,,,
SO Hetmyer,2,2,1,47,27*,47.00,22,213.63,0,0,0,3,4,
(Rajasthan Royals),,,,,,,,,,,,,,
S Dube,1,1,0,42,42,42.00,27,155.55,0,0,0,3,2,
(Chennai Super Kings),,,,,,,,,,,,,,
GJ Maxwell,3,3,0,38,30,12.66,33,115.15,0,0,0,4,1,
(Punjab Kings),,,,,,,,,,,,,,
A Raghuvanshi,1,1,0,37,37,37.00,28,132.14,0,0,0,5,1,
(Kolkata Knight Riders),,,,,,,,,,,,,,
S Dhawan,2,2,0,36,22,18.00,32,112.50,0,0,0,6,0,
(Punjab Kings),,,,,,,,,,,,,,
R Ravindra,1,1,0,36,36,36.00,23,156.52,0,0,0,6,0,
(Chennai Super Kings),,,,,,,,,,,,,,
RG Sharma,1,1,0,36,36,36.00,25,144.00,0,0,0,2,3,
(Mumbai Indians),,,,,,,,,,,,,,
R Tewatia,1,1,1,36,36*,-,18,200.00,0,0,0,7,0,
(Gujarat Titans),,,,,,,,,,,,,,
Shubman Gill,1,1,0,35,35,35.00,29,120.68,0,0,0,5,0,
(Gujarat Titans),,,,,,,,,,,,,,
NT Tilak Varma,1,1,1,34,34*,-,18,188.88,0,0,0,2,2,
(Mumbai Indians),,,,,,,,,,,,,,
SD Hope,1,1,0,33,33,33.00,25,132.00,0,0,0,2,2,
(Delhi Capitals),,,,,,,,,,,,,,
Abishek Porel,1,1,1,32,32*,-,10,320.00,0,0,0,4,2,
(Delhi Capitals),,,,,,,,,,,,,,
JP Inglis,2,2,0,31,29,15.50,23,134.78,0,0,0,2,1,
(Punjab Kings),,,,,,,,,,,,,,
B Sai Sudharsan,1,1,0,31,31,31.00,34,91.17,0,0,0,3,0,
(Gujarat Titans),,,,,,,,,,,,,,
DA Warner,1,1,0,29,29,29.00,21,138.09,0,0,0,3,2,
(Delhi Capitals),,,,,,,,,,,,,,
Sikandar Raza,1,1,0,28,28,28.00,22,127.27,0,0,0,2,2,
(Punjab Kings),,,,,,,,,,,,,,
MS Dhoni,1,1,0,27,27,27.00,12,225.00,0,0,0,1,3,
(Chennai Super Kings),,,,,,,,,,,,,,
Harpreet Singh,2,2,0,27,14,13.50,34,79.41,0,0,0,2,0,
(Punjab Kings),,,,,,,,,,,,,,
Abdul Samad,1,1,0,25,25,25.00,12,208.33,0,0,0,5,0,
(Sunrisers Hyderabad),,,,,,,,,,,,,,
SS Iyer,4,4,0,25,10,6.25,24,104.16,0,0,1,3,1,
(Punjab Kings),,,,,,,,,,,,,,
JM Bairstow,3,3,0,24,15,8.00,25,96.00,0,0,1,3,0,
(Punjab Kings),,,,,,,,,,,,,,
TK Kotian,1,1,0,24,24,24.00,31,77.41,0,0,0,3,0,
(Rajasthan Royals),,,,,,,,,,,,,,
TM Head,1,1,0,21,21,21.00,15,140.00,0,0,0,4,0,
(Sunrisers Hyderabad),,,,,,,,,,,,,,
AR Patel,1,1,0,21,21,21.00,13,161.53,0,0,0,2,1,
(Delhi Capitals),,,,,,,,,,,,,,
MR Marsh,1,1,0,20,20,20.00,12,166.66,0,0,0,2,2,
(Delhi Capitals),,,,,,,,,,,,,,
DC Jurel,2,2,1,19,13*,19.00,16,118.75,0,0,0,1,1,
(Rajasthan Royals),,,,,,,,,,,,,,
RR Pant,1,1,0,18,18,18.00,13,138.46,0,0,0,2,0,
(Delhi Capitals),,,,,,,,,,,,,,
AM Rahane,1,1,0,17,17,17.00,17,100.00,0,0,0,1,1,
(Kolkata Knight Riders),,,,,,,,,,,,,,
AD Russell,1,1,0,17,17,17.00,11,154.54,0,0,0,1,2,
(Kolkata Knight Riders),,,,,,,,,,,,,,
Abhishek Sharma,1,1,0,16,16,16.00,11,145.45,0,0,0,2,1,
(Sunrisers Hyderabad),,,,,,,,,,,,,,
A Taide,1,1,0,15,15,15.00,12,125.00,0,0,0,2,0,
(Punjab Kings),,,,,,,,,,,,,,
TH David,2,1,0,14,14,14.00,7,200.00,0,0,0,2,1,
"(Mumbai Indians, Royal Challengers Bengaluru)",,,,,,,,,,,,,,
Shahbaz Ahmed,1,1,1,14,14*,-,7,200.00,0,0,0,1,1,
(Sunrisers Hyderabad),,,,,,,,,,,,,,
Azmatullah Omarzai,1,1,0,13,13,13.00,10,130.00,0,0,0,0,1,
(Gujarat Titans),,,,,,,,,,,,,,
WP Saha,1,1,0,13,13,13.00,11,118.18,0,0,0,1,0,
(Gujarat Titans),,,,,,,,,,,,,,
RM Patidar,1,1,0,12,12,12.00,13,92.30,0,0,0,1,0,
(Royal Challengers Bengaluru),,,,,,,,,,,,,,
N Rana,1,1,0,12,12,12.00,7,171.42,0,0,0,2,0,
(Rajasthan Royals),,,,,,,,,,,,,,
XC Bartlett,2,1,0,11,11,11.00,15,73.33,0,0,0,1,0,
(Punjab Kings),,,,,,,,,,,,,,
R Powell,1,1,0,11,11,11.00,5,220.00,0,0,0,2,0,
(Rajasthan Royals),,,,,,,,,,,,,,
RA Tripathi,1,1,0,11,11,11.00,14,78.57,0,0,0,1,0,
(Sunrisers Hyderabad),,,,,,,,,,,,,,
HH Pandya,1,1,0,10,10,10.00,6,166.66,0,0,0,0,1,
(Mumbai Indians),,,,,,,,,,,,,,
RR Rossouw,2,2,0,10,9,5.00,10,100.00,0,0,0,2,0,
(Punjab Kings),,,,,,,,,,,,,,
RA Jadeja,1,1,1,9,9*,-,5,180.00,0,0,0,0,1,
(Chennai Super Kings),,,,,,,,,,,,,,
H Klaasen,1,1,0,9,9,9.00,9,100.00,0,0,0,1,0,
(Sunrisers Hyderabad),,,,,,,,,,,,,,
K Rabada,5,2,1,9,8,9.00,4,225.00,0,0,0,0,1,
(Punjab Kings),,,,,,,,,,,,,,
Ishan Kishan,1,1,0,8,8,8.00,8,100.00,0,0,0,1,0,
(Mumbai Indians),,,,,,,,,,,,,,
M Shahrukh Khan,1,1,0,8,8,8.00,4,200.00,0,0,0,0,1,
(Gujarat Titans),,,,,,,,,,,,,,
VR Iyer,1,1,0,7,7,7.00,4,175.00,0,0,0,0,0,
(Kolkata Knight Riders),,,,,,,,,,,,,,
B Kumar,2,1,0,6,6,6.00,8,75.00,0,0,0,0,0,
"(Royal Challengers Bengaluru, Sunrisers Hyderabad)",,,,,,,,,,,,,,
MP Stoinis,3,3,0,6,4,2.00,16,37.50,0,0,0,0,0,
(Punjab Kings),,,,,,,,,,,,,,
Suryansh Shedge,2,2,0,6,4,3.00,8,75.00,0,0,0,0,0,
(Punjab Kings),,,,,,,,,,,,,,
JD Unadkat,1,1,1,6,6*,-,1,600.00,0,0,0,0,1,
(Sunrisers Hyderabad),,,,,,,,,,,,,,
SP Narine,1,1,0,5,5,5.00,4,125.00,0,0,0,1,0,
(Kolkata Knight Riders),,,,,,,,,,,,,,
T Stubbs,1,1,0,5,5,5.00,8,62.50,0,0,0,0,0,
(Delhi Capitals),,,,,,,,,,,,,,
LH Ferguson,2,1,1,4,4*,-,1,400.00,0,0,0,1,0,
(Punjab Kings),,,,,,,,,,,,,,
DA Miller,1,1,0,4,4,4.00,6,66.66,0,0,0,0,0,
(Gujarat Titans),,,,,,,,,,,,,,
RK Bhui,1,1,0,3,3,3.00,7,42.85,0,0,0,0,0,
(Delhi Capitals),,,,,,,,,,,,,,
PJ Cummins,1,1,0,3,3,3.00,4,75.00,0,0,0,0,0,
(Sunrisers Hyderabad),,,,,,,,,,,,,,
Harshit Rana,1,1,0,3,3,3.00,6,50.00,0,0,0,0,0,
(Kolkata Knight Riders),,,,,,,,,,,,,,
Rashid Khan,1,1,0,3,3,3.00,3,100.00,0,0,0,0,0,
(Gujarat Titans),,,,,,,,,,,,,,
Arshdeep Singh,9,2,1,2,1*,2.00,6,33.33,0,0,0,0,0,
(Punjab Kings),,,,,,,,,,,,,,
Q de Kock,1,1,0,2,2,2.00,4,50.00,0,0,0,0,0,
(Kolkata Knight Riders),,,,,,,,,,,,,,
V Shankar,1,1,1,2,2*,-,2,100.00,0,0,0,0,0,
(Chennai Super Kings),,,,,,,,,,,,,,
RK Singh,1,1,0,2,2,2.00,9,22.22,0,0,0,0,0,
(Kolkata Knight Riders),,,,,,,,,,,,,,
Sumit Kumar,1,1,0,2,2,2.00,9,22.22,0,0,0,0,0,
(Delhi Capitals),,,,,,,,,,,,,,
RD Gaikwad,1,1,0,1,1,1.00,3,33.33,0,0,0,0,0,
(Chennai Super Kings),,,,,,,,,,,,,,
Kuldeep Yadav,1,1,0,1,1,1.00,2,50.00,0,0,0,0,0,
(Delhi Capitals),,,,,,,,,,,,,,
KA Maharaj,1,1,0,1,1,1.00,2,50.00,0,0,0,0,0,
(Rajasthan Royals),,,,,,,,,,,,,,
HV Patel,5,2,1,1,1*,1.00,5,20.00,0,0,1,0,0,
(Punjab Kings),,,,,,,,,,,,,,
PD Salt,1,1,0,1,1,1.00,3,33.33,0,0,0,0,0,
(Royal Challengers Bengaluru),,,,,,,,,,,,,,
R Shepherd,2,1,0,1,1,1.00,2,50.00,0,0,0,0,0,
"(Mumbai Indians, Royal Challengers Bengaluru)",,,,,,,,,,,,,,
VG Arora,1,1,0,0,0,0.00,7,0.00,0,0,1,0,0,
(Kolkata Knight Riders),,,,,,,,,,,,,,
TA Boult,1,1,1,0,0*,-,0,-,0,0,0,0,0,
(Rajasthan Royals),,,,,,,,,,,,,,
AK Markram,1,1,0,0,0,0.00,2,0.00,0,0,1,0,0,
(Sunrisers Hyderabad),,,,,,,,,,,,,,
Mohammad Nabi,1,1,0,0,0,0.00,1,0.00,0,0,1,0,0,
(Mumbai Indians),,,,,,,,,,,,,,
A Nortje,1,1,1,0,0*,-,0,-,0,0,0,0,0,
(Kolkata Knight Riders),,,,,,,,,,,,,,
Ramandeep Singh,1,1,0,0,0,0.00,1,0.00,0,0,1,0,0,
(Kolkata Knight Riders),,,,,,,,,,,,,,
R Sai Kishore,1,1,1,0,0*,-,0,-,0,0,0,0,0,
(Gujarat Titans),,,,,,,,,,,,,,
KK Ahmed,2,-,-,-,-,-,-,-,-,-,-,-,-,
"(Chennai Super Kings, Delhi Capitals)",,,,,,,,,,,,,,
JC Archer,1,-,-,-,-,-,-,-,-,-,-,-,-,
(Rajasthan Royals),,,,,,,,,,,,,,
R Ashwin,1,-,-,-,-,-,-,-,-,-,-,-,-,
(Chennai Super Kings),,,,,,,,,,,,,,
Avesh Khan,1,-,-,-,-,-,-,-,-,-,-,-,-,
(Rajasthan Royals),,,,,,,,,,,,,,
JJ Bumrah,1,-,-,-,-,-,-,-,-,-,-,-,-,
(Mumbai Indians),,,,,,,,,,,,,,
YS Chahal,5,-,-,-,-,-,-,-,-,-,-,-,-,
"(Punjab Kings, Rajasthan Royals)",,,,,,,,,,,,,,
RD Chahar,1,-,-,-,-,-,-,-,-,-,-,-,-,
(Punjab Kings),,,,,,,,,,,,,,
G Coetzee,1,-,-,-,-,-,-,-,-,-,-,-,-,
(Mumbai Indians),,,,,,,,,,,,,,
S Gopal,1,-,-,-,-,-,-,-,-,-,-,-,-,
(Mumbai Indians),,,,,,,,,,,,,,
PW Hasaranga,1,-,-,-,-,-,-,-,-,-,-,-,-,
(Rajasthan Royals),,,,,,,,,,,,,,
JR Hazlewood,1,-,-,-,-,-,-,-,-,-,-,-,-,
(Royal Challengers Bengaluru),,,,,,,,,,,,,,
K Kartikeya,1,-,-,-,-,-,-,-,-,-,-,-,-,
(Rajasthan Royals),,,,,,,,,,,,,,
A Madhwal,1,-,-,-,-,-,-,-,-,-,-,-,-,
(Mumbai Indians),,,,,,,,,,,,,,
Mukesh Choudhary,1,-,-,-,-,-,-,-,-,-,-,-,-,
(Chennai Super Kings),,,,,,,,,,,,,,
T Natarajan,1,-,-,-,-,-,-,-,-,-,-,-,-,
(Sunrisers Hyderabad),,,,,,,,,,,,,,
Noor Ahmad,2,-,-,-,-,-,-,-,-,-,-,-,-,
"(Chennai Super Kings, Gujarat Titans)",,,,,,,,,,,,,,
KH Pandya,1,-,-,-,-,-,-,-,-,-,-,-,-,
(Royal Challengers Bengaluru),,,,,,,,,,,,,,
M Pathirana,1,-,-,-,-,-,-,-,-,-,-,-,-,
(Chennai Super Kings),,,,,,,,,,,,,,
Sandeep Sharma,1,-,-,-,-,-,-,-,-,-,-,-,-,
(Rajasthan Royals),,,,,,,,,,,,,,
S Sandeep Warrier,1,-,-,-,-,-,-,-,-,-,-,-,-,
(Gujarat Titans),,,,,,,,,,,,,,
KR Sen,1,-,-,-,-,-,-,-,-,-,-,-,-,
(Rajasthan Royals),,,,,,,,,,,,,,
I Sharma,1,-,-,-,-,-,-,-,-,-,-,-,-,
(Delhi Capitals),,,,,,,,,,,,,,
MM Sharma,1,-,-,-,-,-,-,-,-,-,-,-,-,
(Gujarat Titans),,,,,,,,,,,,,,
Suyash Sharma,1,-,-,-,-,-,-,-,-,-,-,-,-,
(Royal Challengers Bengaluru),,,,,,,,,,,,,,
Yash Thakur,1,-,-,-,-,-,-,-,-,-,-,-,-,
(Punjab Kings),,,,,,,,,,,,,,
M Theekshana,1,-,-,-,-,-,-,-,-,-,-,-,-,
(Rajasthan Royals),,,,,,,,,,,,,,
CV Varun,1,-,-,-,-,-,-,-,-,-,-,-,-,
(Kolkata Knight Riders),,,,,,,,,,,,,,
Yash Dayal,1,-,-,-,-,-,-,-,-,-,-,-,-,
(Royal Challengers Bengaluru),,,,,,,,,,,,,,
Yudhvir Singh,1,-,-,-,-,-,-,-,-,-,-,-,-,
(Rajasthan Royals),,,,,,,,,,,,,,
